source_node,target_node,protocol,avg_latency_ms,data_transfer_mb,error_rate_percent,bottleneck_flag
service_54,service_15,grpc,44.96,4681.62,0.37,0
service_48,service_31,tcp,16.18,1595.86,0.42,0
service_33,service_49,tcp,29.42,2838.19,0.3,0
service_56,service_6,http,26.81,3596.74,1.5,0
service_32,service_41,udp,14.15,2437.72,0.15,0
service_25,service_49,grpc,26.65,5227.69,0.26,0
service_43,service_16,udp,72.28,6264.03,0.42,0
service_56,service_50,grpc,27.0,943.13,0.09,0
service_99,service_90,http,53.92,7179.51,0.46,0
service_20,service_78,grpc,49.59,2098.51,0.32,0
service_54,service_6,http,48.07,719.03,0.11,0
service_3,service_69,http,14.66,62.29,0.0,0
service_39,service_9,http,44.14,5447.21,0.01,0
service_31,service_66,http,77.25,2959.76,0.71,0
service_1,service_100,tcp,23.45,7289.75,0.02,0
service_61,service_60,grpc,24.66,3103.8,0.54,0
service_14,service_93,tcp,41.61,4881.31,0.73,0
service_83,service_93,udp,88.75,2194.98,0.02,0
service_65,service_94,tcp,33.94,6391.58,0.32,0
service_37,service_38,tcp,13.94,7673.35,0.27,0
service_51,service_22,udp,52.85,5990.31,0.43,0
service_82,service_99,tcp,51.84,1642.94,0.09,0
service_73,service_67,http,59.67,763.22,0.12,0
service_34,service_100,grpc,22.4,128.42,0.23,0
service_76,service_99,udp,144.52,1436.8,0.02,1
service_18,service_69,udp,40.19,3344.27,0.34,0
service_47,service_46,udp,56.29,3134.99,0.33,0
service_51,service_38,grpc,116.54,6174.1,0.24,1
service_77,service_56,tcp,21.08,2891.07,0.09,0
service_47,service_28,http,19.99,166.52,0.24,0
service_60,service_85,udp,77.45,471.99,0.15,0
service_9,service_29,http,31.76,7670.91,1.42,0
service_46,service_65,grpc,11.89,498.12,0.15,0
service_18,service_25,udp,12.94,5613.35,0.27,0
service_86,service_58,udp,31.81,6737.39,0.02,0
service_70,service_91,tcp,12.67,3283.56,0.16,0
service_11,service_12,grpc,6.55,2873.46,0.31,0
service_97,service_38,grpc,13.73,4896.4,0.08,0
service_11,service_72,tcp,24.6,3758.01,0.87,0
service_41,service_52,grpc,41.51,6982.74,0.32,0
service_97,service_41,udp,78.21,4374.33,0.54,0
service_74,service_23,tcp,64.3,4651.51,0.04,0
service_34,service_29,tcp,14.96,1414.3,0.84,0
service_24,service_57,udp,59.81,4793.73,2.9,1
service_88,service_12,grpc,65.49,6872.35,1.1,0
service_6,service_75,grpc,61.76,4301.27,2.84,1
service_75,service_68,tcp,98.79,4211.46,0.67,0
service_51,service_78,grpc,67.21,2007.45,0.29,0
service_60,service_19,http,21.15,7948.8,0.0,0
service_27,service_78,udp,18.24,3023.12,0.19,0
service_35,service_2,grpc,13.78,4714.08,0.12,0
service_42,service_35,grpc,12.57,7045.09,0.57,0
service_44,service_27,udp,57.37,661.16,0.2,0
service_42,service_21,grpc,16.21,2970.72,0.43,0
service_46,service_62,udp,56.86,7227.07,0.26,0
service_31,service_72,grpc,9.18,954.48,0.32,0
service_18,service_63,http,88.55,6484.71,0.11,0
service_82,service_2,http,29.02,7210.93,0.32,0
service_96,service_25,udp,19.96,2304.0,0.44,0
service_58,service_100,udp,93.88,1736.05,0.1,0
service_18,service_53,udp,85.26,2298.38,1.07,0
service_52,service_94,grpc,24.84,2914.46,0.17,0
service_68,service_56,udp,15.75,4289.74,0.55,0
service_81,service_34,grpc,37.33,3033.99,0.3,0
service_68,service_83,grpc,48.5,7779.66,0.05,0
service_95,service_69,udp,38.27,5387.74,0.15,0
service_7,service_9,http,25.91,6501.17,0.47,0
service_3,service_57,grpc,49.51,6396.95,0.23,0
service_99,service_83,tcp,63.8,2264.39,0.74,0
service_38,service_9,http,77.66,5927.79,1.06,0
service_22,service_20,udp,29.04,3823.34,0.3,0
service_60,service_94,http,32.71,2279.07,0.04,0
service_77,service_8,udp,23.48,3454.38,1.39,0
service_45,service_30,tcp,25.09,3197.08,0.0,0
service_8,service_1,grpc,8.19,3179.19,1.2,0
service_40,service_75,grpc,18.43,5291.07,0.04,0
service_24,service_94,http,38.04,5482.29,1.17,0
service_28,service_93,http,19.26,4005.53,0.56,0
service_85,service_99,http,69.77,6644.82,0.52,0
service_58,service_18,grpc,47.31,1140.19,0.37,0
service_3,service_28,tcp,47.51,3504.93,0.41,0
service_41,service_13,grpc,79.15,1729.48,0.58,0
service_37,service_41,tcp,61.01,7579.24,0.12,0
service_99,service_24,udp,195.16,4508.84,2.41,1
service_67,service_52,grpc,36.47,6015.58,0.09,0
service_49,service_87,tcp,124.42,5811.5,1.02,1
service_9,service_55,grpc,62.06,4858.51,0.24,0
service_28,service_25,grpc,27.09,636.18,0.44,0
service_81,service_66,tcp,20.59,5963.18,0.41,0
service_100,service_65,grpc,22.05,6357.94,0.1,0
service_16,service_6,grpc,16.33,1005.68,0.66,0
service_84,service_31,http,32.49,6879.73,0.28,0
service_77,service_58,tcp,38.47,3779.56,0.88,0
service_40,service_90,grpc,13.22,51.16,0.07,0
service_21,service_45,tcp,6.17,4517.21,1.89,0
service_63,service_41,grpc,50.16,3683.18,0.26,0
service_37,service_93,tcp,15.61,1087.57,0.05,0
service_66,service_78,grpc,9.71,43.31,0.24,0
service_57,service_68,tcp,118.18,3847.65,0.14,1
service_92,service_95,tcp,17.0,833.79,0.23,0
service_20,service_27,grpc,43.14,6426.51,0.91,0
service_50,service_99,tcp,16.18,2381.64,0.28,0
service_63,service_72,tcp,35.94,7603.68,1.11,0
service_34,service_73,udp,17.58,6218.36,0.03,0
service_30,service_71,grpc,20.55,1270.36,0.02,0
service_96,service_79,http,43.48,1760.57,0.05,0
service_91,service_62,grpc,38.8,4314.94,1.09,0
service_28,service_91,http,8.12,5303.82,1.77,0
service_82,service_53,tcp,45.23,6719.56,0.82,0
service_76,service_6,http,30.9,4109.61,0.13,0
service_37,service_23,grpc,54.52,6452.35,0.89,0
service_42,service_63,udp,82.57,2079.44,0.18,0
service_97,service_33,grpc,34.59,1355.56,1.78,0
service_19,service_65,grpc,23.93,6196.91,0.3,0
service_94,service_65,tcp,54.4,306.13,0.06,0
service_19,service_23,udp,30.43,3808.86,0.24,0
service_39,service_90,grpc,25.48,2455.63,0.87,0
service_55,service_38,tcp,64.79,403.37,1.18,0
service_51,service_86,http,79.37,5332.74,0.22,0
service_18,service_67,tcp,28.16,307.14,0.1,0
service_83,service_99,grpc,24.35,5392.87,0.35,0
service_84,service_6,http,4.13,1055.1,0.09,0
service_4,service_19,http,8.58,5378.27,0.17,0
service_71,service_60,udp,20.92,2421.46,0.81,0
service_3,service_77,tcp,49.09,7599.39,0.81,0
service_86,service_74,tcp,54.57,4016.77,0.74,0
service_69,service_86,udp,38.79,2212.53,0.52,0
service_41,service_97,udp,24.8,6296.27,0.03,0
service_70,service_60,http,15.03,7950.89,2.04,1
service_83,service_73,tcp,12.18,5174.01,0.33,0
service_30,service_79,http,79.46,7774.49,0.35,0
service_35,service_48,tcp,50.06,2512.55,0.28,0
service_72,service_51,grpc,22.39,2245.13,0.91,0
service_10,service_13,tcp,33.14,134.71,0.83,0
service_19,service_68,http,110.26,5607.31,0.36,1
service_37,service_47,grpc,22.22,4517.26,0.87,0
service_82,service_76,udp,68.38,1072.94,0.46,0
service_16,service_38,grpc,10.08,7684.82,0.87,0
service_13,service_32,grpc,69.65,4791.14,0.3,0
service_49,service_45,grpc,11.64,312.42,0.21,0
service_78,service_4,udp,34.69,3950.12,0.39,0
service_5,service_9,udp,65.51,5411.4,0.04,0
service_100,service_99,grpc,86.28,4174.61,0.41,0
service_57,service_61,udp,34.88,978.78,1.04,0
service_52,service_39,http,3.91,2658.78,0.43,0
service_51,service_63,tcp,39.83,6382.74,0.28,0
service_23,service_30,udp,34.49,7090.51,0.49,0
service_16,service_12,tcp,29.89,6114.74,0.59,0
service_12,service_54,tcp,28.75,7676.19,1.38,0
service_82,service_29,grpc,75.78,1748.37,1.42,0
service_54,service_93,udp,2.03,5091.33,1.06,0
service_85,service_75,udp,26.76,6959.81,0.71,0
service_39,service_93,udp,43.67,7163.81,0.44,0
service_2,service_79,udp,26.03,1775.37,0.28,0
service_27,service_67,http,10.5,7086.55,0.55,0
service_79,service_34,tcp,31.82,5686.93,0.42,0
service_37,service_1,grpc,45.78,1162.27,0.2,0
service_82,service_55,tcp,26.41,1752.89,0.2,0
service_13,service_77,http,31.15,1304.19,0.35,0
service_13,service_99,tcp,44.03,7266.84,0.64,0
service_18,service_12,grpc,30.54,7308.72,1.14,0
service_26,service_90,tcp,64.02,1694.65,0.05,0
service_95,service_93,tcp,11.27,2677.46,0.01,0
service_7,service_79,grpc,47.65,324.7,0.54,0
service_74,service_39,grpc,25.01,3583.25,0.2,0
service_31,service_9,tcp,52.18,4261.67,1.24,0
service_100,service_90,udp,20.01,6779.76,1.37,0
service_67,service_78,udp,23.9,7816.71,1.38,0
service_74,service_2,udp,93.74,4020.48,0.49,0
service_74,service_41,tcp,60.77,2721.15,0.26,0
service_52,service_95,http,8.2,7202.22,0.12,0
service_72,service_85,grpc,19.16,7334.65,0.08,0
service_23,service_31,grpc,55.81,5402.85,2.46,1
service_75,service_48,udp,4.04,1882.86,1.71,0
service_20,service_70,udp,44.52,6763.9,0.38,0
service_98,service_8,http,11.86,5990.72,0.39,0
service_13,service_19,tcp,13.34,5308.36,1.0,0
service_50,service_56,http,63.53,7665.16,0.32,0
service_100,service_87,http,113.17,2522.18,0.74,1
service_93,service_5,udp,32.59,450.89,0.4,0
service_41,service_76,http,60.86,2830.54,0.53,0
service_17,service_25,http,24.22,4197.97,0.66,0
service_14,service_45,http,23.75,4055.5,0.36,0
service_39,service_11,tcp,43.11,7551.43,0.29,0
service_58,service_26,http,54.2,6182.52,0.62,0
service_21,service_47,udp,30.64,4394.44,1.06,0
service_85,service_19,udp,61.02,2091.12,1.68,0
service_59,service_52,udp,39.11,4730.4,0.03,0
service_42,service_73,udp,8.57,228.01,0.4,0
service_97,service_19,grpc,18.82,7428.52,0.02,0
service_99,service_33,tcp,41.08,6566.11,0.67,0
service_54,service_44,grpc,11.46,3465.59,0.07,0
service_7,service_49,grpc,28.49,960.19,0.09,0
service_45,service_55,grpc,54.44,999.07,0.05,0
service_32,service_92,grpc,22.64,5167.55,0.14,0
service_80,service_39,tcp,25.65,6258.65,0.05,0
service_20,service_42,tcp,34.02,4491.0,0.09,0
service_72,service_82,grpc,52.83,4462.63,0.48,0
service_78,service_33,grpc,103.08,4671.55,0.48,1
service_22,service_80,grpc,43.76,240.33,0.44,0
service_17,service_41,tcp,32.26,1283.54,1.98,0
service_41,service_82,tcp,17.9,7937.71,0.19,0
service_60,service_22,http,29.37,3970.29,0.26,0
service_10,service_48,tcp,32.77,4347.74,0.13,0
service_58,service_51,http,60.75,2081.09,1.9,0
service_93,service_18,http,46.09,5642.28,0.3,0
service_18,service_23,grpc,15.74,2112.85,0.48,0
service_86,service_62,grpc,58.66,719.3,1.72,0
service_49,service_25,tcp,47.54,5681.72,0.5,0
service_49,service_92,udp,37.34,5129.34,0.15,0
service_38,service_39,grpc,26.45,5217.2,0.51,0
service_10,service_48,udp,45.16,5035.63,0.18,0
service_46,service_9,http,26.79,6492.08,0.42,0
service_80,service_13,tcp,23.59,7175.79,0.45,0
service_65,service_44,udp,36.83,4202.43,0.31,0
service_62,service_59,http,10.75,6977.86,0.86,0
service_20,service_6,udp,45.76,5611.19,0.03,0
service_94,service_96,udp,27.46,896.04,0.41,0
service_33,service_24,udp,128.78,564.41,1.19,1
service_37,service_76,grpc,19.28,2786.44,0.22,0
service_61,service_19,tcp,30.5,2255.7,0.3,0
service_4,service_81,udp,125.37,251.62,1.13,1
service_11,service_14,http,17.64,3807.64,0.45,0
service_70,service_22,tcp,57.45,6060.79,0.47,0
service_7,service_64,http,68.59,140.14,0.54,0
service_95,service_16,http,38.13,3662.91,0.61,0
service_75,service_64,http,3.41,4658.44,0.97,0
service_85,service_47,grpc,18.25,5890.83,0.47,0
service_18,service_59,grpc,14.67,5477.15,0.32,0
service_34,service_15,grpc,23.12,3535.08,0.51,0
service_79,service_15,grpc,28.83,437.06,0.15,0
service_75,service_86,udp,70.66,2522.77,0.55,0
service_16,service_75,grpc,90.84,5708.48,0.5,0
service_36,service_95,tcp,39.52,46.99,0.21,0
service_2,service_90,grpc,16.19,337.98,0.28,0
service_27,service_51,tcp,16.93,6980.79,0.02,0
service_65,service_31,http,85.66,3850.47,1.15,0
service_96,service_98,udp,58.43,692.63,0.55,0
service_36,service_42,udp,56.39,532.8,0.62,0
service_2,service_82,http,68.33,6197.35,0.15,0
service_68,service_44,tcp,8.91,1622.6,0.52,0
service_38,service_84,grpc,21.64,7311.3,0.02,0
service_87,service_79,tcp,20.39,1022.16,0.02,0
service_44,service_19,udp,26.17,5471.66,0.2,0
service_85,service_78,udp,10.9,4508.21,1.03,0
service_23,service_13,http,26.89,4863.51,1.65,0
service_76,service_51,tcp,23.69,4351.64,1.22,0
service_66,service_44,udp,43.74,4991.21,0.67,0
service_35,service_30,grpc,32.8,5881.99,0.23,0
service_46,service_5,grpc,48.56,7914.27,0.47,0
service_91,service_90,grpc,69.55,503.44,0.03,0
service_85,service_31,http,53.96,3762.58,0.3,0
service_40,service_11,http,84.08,1433.44,1.74,0
service_19,service_94,udp,46.99,5335.56,0.3,0
service_30,service_91,tcp,32.29,7441.29,0.42,0
service_70,service_43,grpc,38.66,6368.09,0.05,0
service_40,service_35,http,27.7,1983.85,0.05,0
service_40,service_100,tcp,67.12,60.75,0.32,0
service_28,service_10,http,3.7,32.48,1.21,0
service_31,service_48,grpc,21.33,6566.42,0.01,0
service_14,service_77,http,67.65,5318.05,0.49,0
service_17,service_79,udp,88.63,2781.64,0.95,0
service_44,service_25,http,108.57,6448.17,0.38,1
service_55,service_38,http,7.36,6635.5,1.19,0
service_2,service_30,http,22.11,2241.38,0.13,0
service_58,service_11,grpc,23.81,1677.91,0.22,0
service_25,service_82,udp,168.88,6832.96,0.01,1
service_3,service_47,tcp,26.34,2818.48,0.91,0
service_24,service_66,grpc,20.16,5075.28,0.51,0
service_55,service_7,tcp,14.18,3616.71,1.17,0
service_39,service_16,tcp,21.02,6699.15,0.66,0
service_51,service_47,udp,69.39,1739.55,1.04,0
service_89,service_72,tcp,41.13,2338.87,0.01,0
service_19,service_1,http,58.31,1375.3,1.22,0
service_51,service_12,http,37.36,6994.12,1.53,0
service_54,service_96,grpc,64.69,7930.96,0.38,0
service_78,service_57,udp,25.75,6941.2,0.37,0
service_54,service_70,grpc,46.58,2552.78,0.86,0
service_77,service_47,udp,41.46,380.3,0.28,0
service_78,service_27,grpc,80.45,4011.93,0.27,0
service_45,service_84,grpc,5.16,2738.15,0.43,0
service_21,service_52,tcp,71.78,2891.39,0.25,0
service_51,service_75,udp,6.37,6661.06,1.44,0
service_38,service_14,udp,15.22,4162.53,0.28,0
service_87,service_58,tcp,32.69,6014.78,0.26,0
service_94,service_7,udp,64.63,1250.72,1.78,0
service_90,service_13,http,71.72,2960.27,0.08,0
service_47,service_85,tcp,32.32,4630.62,0.42,0
service_3,service_47,udp,45.45,4971.61,0.14,0
service_30,service_67,tcp,14.48,3557.53,0.15,0
service_34,service_72,tcp,51.38,6257.48,0.38,0
service_71,service_69,grpc,55.71,6095.53,0.63,0
service_54,service_58,http,81.9,5824.32,0.75,0
service_88,service_8,tcp,113.2,95.43,0.19,1
service_29,service_24,tcp,48.45,7074.24,0.48,0
service_14,service_28,udp,10.84,306.67,0.39,0
service_8,service_43,udp,87.08,7517.54,0.16,0
service_25,service_34,grpc,71.32,472.31,0.03,0
service_25,service_92,udp,23.93,3795.72,0.03,0
service_10,service_36,http,56.91,1912.5,0.48,0
service_64,service_69,tcp,59.91,806.1,0.44,0
service_63,service_27,grpc,26.37,3426.9,0.28,0
service_40,service_99,tcp,16.24,306.89,0.11,0
service_81,service_49,http,7.73,4775.73,0.25,0
service_4,service_69,udp,76.68,2714.53,0.34,0
service_64,service_56,grpc,18.48,1835.58,0.19,0
service_79,service_71,tcp,16.18,4802.68,0.01,0
service_68,service_59,http,34.65,4251.3,0.37,0
service_35,service_54,udp,11.79,6510.35,0.5,0
service_75,service_88,udp,19.62,3804.87,0.8,0
service_82,service_34,http,28.32,7548.3,0.65,0
service_96,service_38,http,46.79,5870.44,1.59,0
service_46,service_96,udp,20.11,3743.31,0.13,0
service_8,service_18,udp,33.6,7547.04,0.19,0
service_95,service_72,tcp,56.95,384.75,0.24,0
service_6,service_50,udp,30.55,1327.25,0.22,0
service_36,service_62,http,50.83,6109.94,1.42,0
service_80,service_37,http,29.96,7925.56,0.22,0
service_51,service_57,tcp,51.94,1727.51,0.11,0
service_2,service_78,tcp,51.93,2406.19,0.37,0
service_21,service_2,grpc,43.36,7892.77,0.2,0
service_54,service_100,http,31.44,4164.8,0.53,0
service_97,service_16,tcp,50.01,5283.75,1.23,0
service_67,service_58,tcp,15.89,502.12,0.23,0
service_2,service_46,udp,28.36,5376.13,0.39,0
service_69,service_97,grpc,57.37,3228.34,0.34,0
service_18,service_17,tcp,21.62,1338.49,0.54,0
service_80,service_39,http,43.54,3790.55,0.16,0
service_99,service_87,udp,15.21,195.84,0.09,0
service_99,service_51,http,53.26,135.19,0.88,0
service_30,service_42,tcp,24.42,6596.12,0.12,0
service_8,service_9,tcp,40.39,732.46,0.44,0
service_33,service_43,tcp,19.35,4127.68,0.26,0
service_93,service_100,udp,7.16,1996.93,0.04,0
service_78,service_24,grpc,5.82,7347.61,0.66,0
service_85,service_17,udp,16.14,4671.69,0.57,0
service_26,service_22,grpc,118.98,1670.47,0.24,1
service_37,service_68,udp,19.35,7443.66,0.08,0
service_72,service_81,grpc,47.74,3986.35,0.17,0
service_19,service_24,http,13.89,3717.42,0.02,0
service_97,service_15,http,14.98,6854.93,0.18,0
service_37,service_55,tcp,20.76,7844.71,0.23,0
service_41,service_16,http,32.51,5047.89,1.1,0
service_63,service_34,udp,23.8,6929.95,0.13,0
service_48,service_64,udp,53.01,7134.52,1.02,0
service_28,service_17,grpc,63.01,251.44,0.71,0
service_28,service_25,udp,13.77,3344.6,1.23,0
service_64,service_32,http,37.46,1975.31,1.09,0
service_100,service_20,tcp,68.0,152.24,1.87,0
service_87,service_25,http,17.59,7866.15,1.16,0
service_96,service_39,udp,74.39,6930.45,0.08,0
service_74,service_17,grpc,102.91,1987.66,0.22,1
service_89,service_37,udp,65.7,4821.17,0.08,0
service_21,service_43,http,40.03,2092.09,0.57,0
service_76,service_16,tcp,22.02,7093.81,0.5,0
service_43,service_97,http,92.93,2931.11,0.49,0
service_81,service_69,udp,46.31,763.09,0.48,0
service_53,service_9,udp,18.01,3069.62,1.63,0
service_100,service_98,tcp,53.02,7321.95,0.36,0
service_68,service_4,grpc,91.87,1694.95,0.3,0
service_88,service_41,grpc,22.01,7214.97,0.01,0
service_20,service_92,http,3.98,3406.72,0.33,0
service_92,service_98,udp,25.6,2132.43,0.1,0
service_80,service_18,grpc,93.91,1414.13,0.09,0
service_15,service_7,tcp,37.5,3833.55,0.03,0
service_88,service_97,tcp,40.25,3516.29,0.14,0
service_35,service_10,udp,90.4,4331.71,0.01,0
service_85,service_69,grpc,66.4,2361.14,0.22,0
service_27,service_67,grpc,16.85,2107.95,0.55,0
service_19,service_72,udp,8.05,4300.04,0.26,0
service_72,service_83,grpc,30.7,5797.15,0.64,0
service_88,service_56,udp,46.24,4836.58,0.16,0
service_12,service_53,http,21.82,5928.6,0.31,0
service_76,service_1,grpc,55.66,178.19,0.87,0
service_67,service_53,udp,22.93,7943.14,0.26,0
service_5,service_76,udp,17.76,5211.12,0.3,0
service_60,service_26,tcp,13.2,5845.4,0.17,0
service_6,service_83,tcp,58.87,5329.79,0.74,0
service_74,service_54,http,15.38,5241.36,1.1,0
service_93,service_48,http,27.11,7952.44,0.85,0
service_37,service_38,udp,65.3,6052.56,0.53,0
service_78,service_97,grpc,16.46,7680.33,0.12,0
service_31,service_12,http,77.81,3186.66,0.18,0
service_96,service_13,tcp,22.11,7644.99,1.05,0
service_4,service_51,udp,15.79,5912.8,0.85,0
service_25,service_23,http,31.22,6374.41,0.25,0
service_75,service_16,tcp,63.17,3848.24,0.62,0
service_49,service_72,grpc,29.83,5213.34,0.89,0
service_72,service_85,grpc,22.07,7118.48,1.34,0
service_5,service_18,tcp,33.78,87.97,0.13,0
service_74,service_66,http,46.46,1924.2,1.06,0
service_76,service_80,udp,5.29,2436.51,0.84,0
service_75,service_36,grpc,19.23,2376.49,0.19,0
service_40,service_87,grpc,44.53,3983.76,0.31,0
service_3,service_9,udp,42.58,4621.95,0.03,0
service_47,service_3,udp,22.12,2922.83,0.46,0
service_42,service_73,tcp,126.02,6672.93,0.07,1
service_64,service_51,http,56.2,6886.38,0.12,0
service_8,service_27,grpc,26.14,2312.32,0.85,0
service_59,service_7,http,89.49,4453.54,0.42,0
service_34,service_89,tcp,125.06,5699.03,0.39,1
service_22,service_5,udp,22.82,6633.52,0.05,0
service_50,service_27,grpc,5.36,2887.91,0.49,0
service_91,service_50,grpc,21.07,6533.28,0.25,0
service_4,service_93,http,16.06,2685.72,0.15,0
service_100,service_84,tcp,13.9,3512.4,0.63,0
service_92,service_3,tcp,37.16,2061.3,0.28,0
service_28,service_50,grpc,8.6,7739.89,0.54,0
service_72,service_27,tcp,75.12,7665.28,1.16,0
service_9,service_32,udp,26.45,1574.63,1.33,0
service_64,service_69,http,50.55,5095.91,0.27,0
service_93,service_82,udp,45.03,6904.79,0.05,0
service_63,service_46,grpc,27.9,2866.31,2.05,1
service_26,service_50,tcp,85.66,6878.17,0.12,0
service_64,service_68,http,75.81,4485.8,0.16,0
service_25,service_76,http,22.09,6571.2,0.35,0
service_57,service_74,tcp,26.71,7232.66,0.92,0
service_10,service_61,udp,27.68,6864.56,0.05,0
service_89,service_31,udp,44.26,611.33,0.64,0
service_24,service_99,grpc,66.07,3991.8,0.57,0
service_19,service_22,grpc,37.92,2265.46,0.02,0
service_47,service_92,grpc,36.8,7106.75,0.5,0
service_1,service_77,tcp,55.57,517.47,0.24,0
service_24,service_93,tcp,44.29,909.23,0.73,0
service_54,service_73,http,38.53,2328.68,0.42,0
service_77,service_73,grpc,22.93,2547.16,0.75,0
service_50,service_33,http,56.48,7698.29,0.38,0
service_96,service_6,udp,81.42,6428.58,0.05,0
service_68,service_36,tcp,4.05,2911.18,0.16,0
service_93,service_54,grpc,30.66,3423.27,1.5,0
service_33,service_13,grpc,56.91,6457.48,0.76,0
service_76,service_34,udp,129.68,3616.8,0.09,1
service_53,service_37,grpc,25.03,1711.63,0.72,0
service_58,service_28,udp,76.56,995.43,0.14,0
service_83,service_88,http,6.69,6975.05,0.98,0
service_41,service_100,http,34.26,5422.21,0.63,0
service_53,service_84,tcp,35.62,553.09,0.95,0
service_5,service_14,tcp,30.84,1571.47,0.44,0
service_85,service_66,grpc,18.53,2443.47,0.57,0
service_90,service_34,grpc,88.42,1270.3,0.2,0
service_30,service_22,udp,19.42,1842.1,0.42,0
service_100,service_40,udp,51.65,4882.76,0.71,0
service_24,service_75,tcp,15.47,4118.14,0.38,0
service_76,service_79,udp,18.33,2175.57,0.03,0
service_49,service_46,http,26.56,899.47,0.52,0
service_88,service_81,grpc,11.32,1386.81,0.79,0
service_75,service_93,http,22.59,7719.95,0.72,0
service_8,service_70,udp,12.19,6051.64,0.44,0
service_80,service_50,http,9.06,3626.04,0.31,0
service_85,service_36,tcp,13.15,3851.25,0.19,0
service_51,service_53,grpc,35.75,7834.84,0.32,0
service_76,service_15,udp,16.57,6403.09,0.41,0
service_82,service_19,http,69.96,815.43,1.26,0
service_85,service_18,udp,51.21,5263.34,1.47,0
service_77,service_31,udp,30.06,2343.85,0.44,0
service_30,service_87,grpc,69.79,7314.36,0.19,0
service_62,service_11,http,22.22,2406.17,2.48,1
service_96,service_49,tcp,34.94,2151.8,0.37,0
service_54,service_9,grpc,36.57,4440.34,0.61,0
service_78,service_100,udp,7.0,1672.61,1.38,0
service_65,service_87,udp,40.2,3937.88,0.15,0
service_66,service_90,tcp,31.78,7937.33,0.22,0
service_32,service_22,udp,130.15,3984.01,0.71,1
service_1,service_63,tcp,40.01,5017.23,0.1,0
service_6,service_62,udp,91.69,503.01,0.14,0
service_55,service_71,tcp,144.92,2814.85,0.52,1
service_71,service_10,tcp,32.24,1044.91,0.44,0
service_61,service_74,http,93.22,7435.3,0.05,0
service_54,service_70,udp,37.1,2796.11,0.23,0
service_18,service_13,grpc,5.19,756.76,0.05,0
service_72,service_86,grpc,11.37,4941.71,0.54,0
service_45,service_98,udp,27.63,2903.07,0.86,0
service_99,service_80,http,13.66,2283.03,2.08,1
service_50,service_35,udp,161.24,5427.66,0.16,1
service_98,service_61,grpc,57.7,6053.36,0.75,0
service_49,service_51,http,50.86,4060.62,0.13,0
service_35,service_28,tcp,30.1,6318.77,0.31,0
service_42,service_85,grpc,73.13,1831.0,0.32,0
service_86,service_32,udp,67.93,4526.58,0.08,0
service_99,service_24,tcp,39.96,4067.23,0.73,0
service_71,service_3,udp,25.11,1723.47,0.18,0
service_100,service_5,http,3.16,7168.44,0.8,0
service_28,service_20,grpc,66.95,4992.15,0.31,0
service_17,service_72,http,91.59,132.47,0.31,0
service_78,service_33,tcp,32.67,581.43,0.66,0
service_77,service_4,tcp,59.21,787.37,0.13,0
service_2,service_58,http,13.75,4037.33,0.07,0
service_47,service_21,tcp,9.46,5025.77,0.29,0
service_72,service_43,udp,65.25,2223.99,0.13,0
service_68,service_50,tcp,72.97,5942.87,0.17,0
service_66,service_42,http,31.35,3119.07,0.7,0
service_30,service_18,udp,59.63,6680.88,0.22,0
service_39,service_23,grpc,86.02,5539.13,0.25,0
service_33,service_38,grpc,9.88,213.18,0.1,0
service_81,service_68,grpc,3.26,1516.48,0.41,0
service_5,service_14,tcp,53.65,2182.93,0.2,0
service_66,service_5,http,17.3,6915.73,0.27,0
service_32,service_53,udp,53.64,306.77,0.01,0
service_63,service_46,tcp,54.38,6598.13,0.18,0
service_35,service_80,http,128.16,5200.92,0.32,1
service_37,service_4,udp,97.81,6537.18,0.06,0
service_92,service_26,tcp,38.71,3030.77,1.22,0
service_94,service_39,grpc,30.18,5328.78,0.74,0
service_21,service_77,grpc,30.39,56.81,0.12,0
service_67,service_35,http,22.08,6549.72,0.86,0
service_95,service_26,grpc,36.3,5898.75,0.11,0
service_76,service_57,tcp,43.14,7935.26,0.34,0
service_30,service_67,http,35.63,376.67,0.55,0
service_4,service_44,tcp,43.55,4602.55,0.5,0
service_71,service_33,http,74.79,6902.48,0.0,0
service_5,service_76,udp,20.74,5122.46,0.5,0
service_7,service_31,udp,36.07,3070.06,0.35,0
service_34,service_70,udp,23.97,4752.06,2.17,1
service_77,service_83,tcp,42.04,3859.78,0.95,0
service_52,service_1,grpc,14.13,7801.98,0.02,0
service_11,service_35,grpc,35.46,7788.51,0.6,0
service_28,service_84,tcp,130.36,3802.51,0.77,1
service_44,service_15,grpc,76.01,4977.27,0.33,0
service_10,service_67,udp,96.05,6454.62,0.01,0
service_84,service_47,http,20.74,3030.69,0.82,0
service_20,service_28,grpc,38.82,7037.34,0.1,0
service_58,service_3,grpc,34.77,2389.36,0.39,0
service_57,service_82,http,47.23,1058.85,0.02,0
service_91,service_45,udp,42.13,7902.58,0.24,0
service_54,service_31,udp,30.45,2884.26,0.1,0
service_97,service_55,grpc,18.81,2636.02,1.08,0
service_100,service_11,grpc,67.06,1530.83,0.36,0
service_88,service_75,grpc,32.32,6811.35,0.47,0
service_29,service_32,udp,46.52,970.77,0.07,0
service_39,service_22,grpc,44.73,1686.87,0.18,0
service_26,service_19,udp,36.93,3564.32,0.27,0
service_37,service_95,grpc,13.47,2811.3,0.23,0
service_9,service_75,grpc,20.92,529.28,0.31,0
service_81,service_59,udp,66.92,4807.68,1.11,0
service_77,service_90,http,20.22,4209.47,0.06,0
service_2,service_74,udp,32.99,4488.34,0.26,0
service_2,service_83,tcp,10.32,5402.3,0.96,0
service_34,service_7,http,16.57,4642.43,0.01,0
service_65,service_66,http,144.99,6227.82,0.88,1
service_20,service_15,tcp,44.34,117.06,0.16,0
service_84,service_46,tcp,16.97,3615.86,0.05,0
service_75,service_2,udp,17.05,3398.01,0.22,0
service_98,service_45,grpc,11.79,4969.63,0.47,0
service_47,service_46,http,27.44,7898.5,0.01,0
service_6,service_78,http,87.26,3217.15,0.26,0
service_99,service_79,udp,40.33,5171.72,0.16,0
service_29,service_82,tcp,52.0,1834.98,0.52,0
service_22,service_38,grpc,39.47,1878.82,0.49,0
service_79,service_93,tcp,37.99,77.03,0.52,0
service_61,service_67,udp,39.62,1766.84,1.23,0
service_29,service_1,tcp,74.22,5369.98,0.18,0
service_28,service_75,tcp,18.51,6120.73,0.09,0
service_69,service_35,grpc,10.51,6957.2,0.08,0
service_1,service_18,grpc,85.84,6537.69,1.33,0
service_26,service_80,http,9.97,2847.67,0.77,0
service_33,service_47,grpc,42.14,3525.32,0.35,0
service_67,service_37,grpc,27.45,7268.05,1.11,0
service_68,service_64,http,9.37,5419.71,0.11,0
service_43,service_22,grpc,114.38,3954.44,0.31,1
service_69,service_45,http,36.94,6228.71,1.32,0
service_37,service_40,tcp,22.36,2190.9,0.25,0
service_30,service_57,tcp,46.16,3669.21,0.2,0
service_98,service_45,grpc,35.35,2466.62,0.1,0
service_68,service_11,http,45.77,7616.16,0.05,0
service_5,service_4,tcp,89.22,1452.16,0.17,0
service_33,service_85,tcp,50.65,4011.18,1.37,0
service_73,service_60,http,6.74,1878.85,0.18,0
service_43,service_75,tcp,21.88,7511.26,1.06,0
service_4,service_61,tcp,25.23,47.3,0.24,0
service_11,service_39,udp,29.06,484.96,0.02,0
service_71,service_82,http,53.26,6981.78,0.4,0
service_50,service_99,grpc,46.93,3588.21,0.46,0
service_54,service_11,tcp,3.06,1597.19,0.09,0
service_9,service_43,tcp,19.42,5671.45,1.11,0
service_63,service_98,grpc,55.6,1912.66,0.02,0
service_3,service_11,http,79.11,2560.57,0.41,0
service_13,service_79,grpc,13.57,5251.63,0.07,0
service_70,service_90,tcp,53.67,7517.26,0.2,0
service_91,service_54,tcp,71.22,822.49,0.81,0
service_34,service_96,tcp,54.12,7693.85,0.27,0
service_54,service_96,http,10.81,5457.78,0.0,0
service_12,service_53,grpc,63.65,3940.84,0.14,0
service_78,service_70,grpc,58.54,276.64,0.19,0
service_4,service_46,tcp,12.09,792.83,0.1,0
service_58,service_14,grpc,29.84,724.41,1.63,0
service_65,service_37,tcp,81.43,5910.37,0.66,0
service_69,service_8,udp,19.76,1925.35,0.24,0
service_36,service_75,grpc,62.88,678.92,0.21,0
service_57,service_41,http,49.59,6302.29,0.06,0
service_8,service_56,tcp,24.81,5615.27,0.83,0
service_96,service_86,tcp,123.82,5441.75,0.27,1
service_72,service_63,udp,12.17,7655.71,0.74,0
service_3,service_28,grpc,29.95,789.12,1.49,0
service_36,service_58,udp,4.05,3751.1,0.43,0
service_97,service_94,udp,29.79,7956.83,0.3,0
service_65,service_7,http,16.21,7997.39,0.03,0
service_50,service_61,grpc,6.98,184.79,0.35,0
service_41,service_7,grpc,14.4,187.22,0.24,0
service_26,service_24,grpc,55.19,5126.89,0.53,0
service_92,service_6,grpc,47.48,651.54,0.05,0
service_65,service_83,http,208.87,4644.83,0.12,1
service_55,service_39,http,103.57,1718.7,0.03,1
service_97,service_76,http,26.29,408.38,0.23,0
service_27,service_15,tcp,76.76,825.67,0.44,0
service_12,service_90,tcp,30.2,6457.13,2.15,1
service_85,service_84,tcp,34.49,4108.5,2.01,1
service_7,service_22,grpc,22.52,5011.05,0.3,0
service_52,service_45,http,13.12,6767.82,0.88,0
service_56,service_77,tcp,9.57,571.47,0.01,0
service_94,service_78,http,44.74,1134.35,0.6,0
service_82,service_1,grpc,9.12,564.84,0.07,0
service_55,service_71,tcp,119.9,1806.84,0.01,1
service_61,service_33,http,21.9,6721.6,0.12,0
service_43,service_5,tcp,13.69,5693.63,0.15,0
service_58,service_57,http,27.64,1828.98,0.16,0
service_56,service_23,tcp,31.25,1243.79,0.38,0
service_82,service_26,udp,39.84,4114.72,0.06,0
service_39,service_53,tcp,64.37,742.9,0.25,0
service_56,service_39,tcp,24.91,5623.28,0.83,0
service_23,service_90,tcp,59.0,5952.86,0.52,0
service_1,service_85,grpc,30.18,6346.34,0.5,0
service_46,service_33,grpc,49.64,5258.31,0.33,0
service_81,service_82,http,155.04,5219.12,0.24,1
service_78,service_36,udp,49.62,2635.75,0.64,0
service_71,service_29,http,39.29,853.88,0.63,0
service_88,service_22,http,32.95,6991.67,0.17,0
service_74,service_27,tcp,89.23,4772.11,0.89,0
service_65,service_40,grpc,61.63,2118.14,0.63,0
service_72,service_90,http,95.0,2694.77,0.59,0
service_66,service_85,tcp,60.87,1490.92,0.13,0
service_37,service_71,http,11.74,6078.6,0.29,0
service_25,service_4,udp,176.74,3444.21,0.31,1
service_25,service_19,http,60.08,393.56,0.25,0
service_1,service_28,udp,33.4,3640.03,0.18,0
service_8,service_26,tcp,12.59,3890.93,0.19,0
service_45,service_35,grpc,113.76,1468.56,0.36,1
service_17,service_30,udp,90.05,7561.78,0.17,0
service_2,service_81,tcp,95.8,4718.63,0.38,0
service_54,service_11,tcp,23.52,4880.63,1.06,0
service_35,service_98,http,30.5,1639.96,0.66,0
service_36,service_39,http,60.35,7742.52,0.36,0
service_88,service_80,tcp,136.59,5557.85,0.47,1
service_96,service_22,http,25.46,3704.16,0.02,0
service_62,service_69,grpc,52.52,5188.45,0.93,0
service_77,service_55,http,21.14,5750.14,0.15,0
service_51,service_70,http,41.1,4869.88,0.06,0
service_22,service_32,tcp,65.97,2615.98,1.37,0
service_25,service_45,http,58.18,7216.14,0.2,0
service_34,service_54,tcp,26.99,5053.17,0.45,0
service_98,service_17,http,22.68,5696.13,1.24,0
service_81,service_98,http,50.09,6340.1,0.03,0
service_63,service_67,http,56.02,3578.88,0.47,0
service_99,service_92,tcp,26.11,4903.88,1.22,0
service_20,service_73,udp,11.22,4035.15,0.35,0
service_36,service_71,tcp,25.12,4924.66,0.8,0
service_61,service_3,grpc,45.43,472.37,0.18,0
service_54,service_49,udp,90.59,6064.99,0.83,0
service_59,service_4,tcp,21.81,5759.08,0.09,0
service_71,service_34,http,48.81,4666.21,0.5,0
service_56,service_71,tcp,74.74,5633.11,0.08,0
service_35,service_57,tcp,14.81,1866.65,0.47,0
service_46,service_31,tcp,63.38,1068.01,0.36,0
service_70,service_100,grpc,11.35,2102.54,0.9,0
service_9,service_33,http,20.49,5807.3,1.25,0
service_23,service_5,http,30.2,911.16,0.09,0
service_89,service_98,grpc,17.96,648.97,0.54,0
service_9,service_90,tcp,21.68,3875.74,0.21,0
service_24,service_66,udp,63.52,6666.08,0.38,0
service_28,service_69,http,52.88,6755.79,0.84,0
service_10,service_25,udp,2.3,6087.74,0.73,0
service_5,service_37,udp,26.0,5039.44,0.17,0
service_54,service_13,grpc,61.91,1855.19,0.07,0
service_79,service_53,tcp,37.69,4527.85,0.08,0
service_9,service_43,udp,22.98,5256.19,0.3,0
service_79,service_40,tcp,21.24,3196.19,0.4,0
service_66,service_5,grpc,37.55,3307.69,0.55,0
service_27,service_37,tcp,32.07,4724.3,1.03,0
service_98,service_49,tcp,23.6,2532.16,0.3,0
service_51,service_42,grpc,54.28,5869.29,0.56,0
service_54,service_34,udp,30.32,5819.74,0.81,0
service_85,service_70,tcp,23.08,6121.7,0.81,0
service_39,service_30,grpc,29.68,4555.13,0.41,0
service_37,service_84,tcp,72.62,1313.75,1.05,0
service_74,service_56,http,20.83,814.96,0.08,0
service_92,service_83,grpc,13.73,6728.32,0.08,0
service_84,service_20,tcp,56.48,2596.52,0.44,0
service_86,service_28,udp,15.55,1057.27,1.12,0
service_93,service_34,http,13.69,4244.84,0.93,0
service_30,service_71,udp,13.69,5081.81,0.2,0
service_83,service_3,http,0.69,3202.22,0.16,0
service_11,service_87,udp,52.52,7059.08,0.07,0
service_40,service_12,grpc,33.25,425.77,0.14,0
service_37,service_42,http,11.09,1667.25,0.05,0
service_79,service_87,grpc,22.21,4383.74,0.76,0
service_52,service_22,http,45.93,905.0,0.99,0
service_90,service_50,tcp,41.77,2390.93,0.48,0
service_29,service_59,grpc,16.92,6903.91,0.71,0
service_10,service_47,tcp,10.24,5041.86,0.26,0
service_14,service_71,grpc,35.96,5308.86,0.34,0
service_5,service_64,grpc,2.03,4371.62,0.02,0
service_79,service_24,udp,29.44,3823.29,1.53,0
service_37,service_20,http,21.45,7595.47,0.27,0
service_10,service_67,grpc,82.57,2563.96,0.75,0
service_74,service_48,udp,19.01,3228.51,0.13,0
service_19,service_20,udp,7.03,1030.88,0.12,0
service_62,service_27,tcp,14.83,7891.93,0.08,0
service_4,service_34,grpc,15.97,6032.4,0.76,0
service_34,service_57,udp,67.94,6595.8,0.64,0
service_84,service_47,udp,81.18,6066.38,0.34,0
service_53,service_32,tcp,3.75,5482.41,0.15,0
service_58,service_41,udp,69.12,1250.57,0.06,0
service_16,service_29,http,5.65,797.46,0.41,0
service_92,service_2,udp,2.9,7640.99,0.45,0
service_28,service_38,http,45.66,7943.21,1.1,0
service_35,service_15,tcp,93.28,414.46,0.06,0
service_31,service_78,http,43.92,6285.42,0.13,0
service_26,service_29,grpc,20.36,773.93,0.51,0
service_64,service_7,tcp,43.81,120.44,0.23,0
service_73,service_19,udp,35.64,1706.78,0.25,0
service_69,service_54,tcp,10.14,3018.85,0.08,0
service_25,service_93,http,45.52,2857.79,0.13,0
service_18,service_89,grpc,20.65,3003.31,0.29,0
service_27,service_89,http,43.81,149.1,0.11,0
service_63,service_86,http,4.12,2458.79,0.98,0
service_49,service_9,udp,25.8,4734.72,0.06,0
service_24,service_1,tcp,15.53,321.19,1.19,0
service_63,service_46,tcp,29.15,5919.9,0.14,0
service_11,service_10,tcp,16.03,7887.57,2.98,1
service_41,service_95,tcp,16.49,6761.05,0.07,0
service_16,service_21,tcp,39.0,743.38,0.76,0
service_18,service_83,tcp,60.33,6170.8,0.05,0
service_4,service_79,grpc,57.18,6245.94,1.33,0
service_15,service_82,tcp,22.08,1036.49,0.38,0
service_9,service_12,udp,84.33,5929.53,1.01,0
service_39,service_75,udp,40.93,4114.76,0.14,0
service_68,service_36,http,47.94,7447.24,0.42,0
service_47,service_24,tcp,19.27,359.9,0.15,0
service_52,service_30,http,76.04,1577.25,0.36,0
service_9,service_73,udp,44.66,6055.18,0.55,0
service_61,service_62,tcp,56.44,7930.6,0.36,0
service_90,service_26,grpc,37.56,4391.86,0.13,0
service_44,service_35,http,51.15,7021.54,0.87,0
service_48,service_90,grpc,49.74,495.31,0.89,0
service_8,service_50,udp,27.55,3703.07,0.05,0
service_30,service_23,tcp,50.16,2776.41,0.02,0
service_33,service_67,http,90.75,1141.02,0.11,0
service_48,service_12,tcp,28.01,2464.68,0.32,0
service_97,service_62,http,28.45,4828.55,1.29,0
service_14,service_77,udp,48.42,6268.65,0.46,0
service_21,service_100,udp,17.91,4795.03,0.45,0
service_73,service_32,grpc,13.06,6205.94,0.18,0
service_45,service_34,tcp,31.9,231.9,0.1,0
service_28,service_32,http,26.38,495.79,1.08,0
service_58,service_75,udp,58.11,297.31,0.21,0
service_2,service_34,grpc,4.52,4297.73,0.09,0
service_10,service_66,udp,109.69,7731.86,0.37,1
service_65,service_40,tcp,28.79,5975.03,0.44,0
service_90,service_15,http,44.02,4131.08,0.33,0
service_72,service_1,http,64.51,4799.92,0.55,0
service_90,service_58,udp,40.86,5862.59,0.03,0
service_64,service_53,udp,57.15,3743.02,1.99,0
service_55,service_25,udp,36.89,5479.93,0.31,0
service_77,service_24,udp,11.5,1137.9,0.54,0
service_13,service_100,tcp,73.46,808.77,0.22,0
service_22,service_52,http,67.2,5713.56,0.28,0
service_6,service_2,http,71.05,1503.08,0.17,0
service_14,service_33,udp,74.55,4058.93,0.29,0
service_13,service_14,tcp,8.05,5726.99,0.66,0
service_72,service_78,grpc,47.82,7412.21,0.19,0
service_39,service_2,http,105.29,7442.74,0.43,1
service_62,service_61,http,29.86,7829.16,0.09,0
service_89,service_39,http,76.28,5420.44,0.05,0
service_53,service_89,udp,66.09,701.77,0.01,0
service_74,service_23,grpc,34.64,6142.37,0.25,0
service_12,service_63,udp,77.79,4179.84,0.94,0
service_1,service_8,http,67.47,5390.03,0.38,0
service_47,service_82,grpc,37.67,7218.0,0.6,0
service_35,service_56,grpc,24.72,5118.92,0.56,0
service_33,service_90,http,39.96,5461.31,0.77,0
service_15,service_46,udp,3.49,6890.6,0.71,0
service_54,service_22,grpc,33.09,5080.18,0.13,0
service_69,service_36,udp,12.51,6191.28,0.22,0
service_48,service_1,http,38.81,7966.77,1.25,0
service_81,service_44,grpc,12.18,5915.38,0.57,0
service_32,service_90,tcp,50.07,5222.09,0.23,0
service_58,service_53,tcp,14.72,1687.06,0.4,0
service_94,service_29,udp,72.04,1637.41,1.03,0
service_22,service_19,grpc,42.16,5603.57,0.56,0
service_18,service_43,tcp,55.04,239.69,0.34,0
service_74,service_82,http,21.03,989.25,0.67,0
service_26,service_59,http,30.18,6977.94,0.0,0
service_10,service_44,grpc,57.29,3523.57,0.29,0
service_79,service_98,tcp,69.77,4252.79,0.13,0
service_87,service_58,udp,4.9,5638.08,0.18,0
service_30,service_93,tcp,52.38,3920.56,0.23,0
service_38,service_61,tcp,32.64,4852.32,0.12,0
service_68,service_100,udp,30.08,783.76,0.9,0
service_55,service_33,tcp,65.19,2410.34,0.15,0
service_99,service_40,http,9.75,4289.0,0.36,0
service_4,service_13,udp,3.63,4954.33,0.81,0
service_13,service_9,http,40.97,7223.47,0.57,0
service_17,service_100,http,29.23,5066.7,0.01,0
service_13,service_30,http,48.18,756.86,0.06,0
service_17,service_64,grpc,27.74,221.1,0.45,0
service_20,service_55,grpc,5.81,3937.43,0.16,0
service_5,service_98,udp,36.52,5662.5,0.13,0
service_38,service_11,http,34.92,3103.06,2.08,1
service_96,service_97,http,32.73,1766.07,0.27,0
service_35,service_37,tcp,12.22,1491.05,1.62,0
service_53,service_45,tcp,30.71,2103.76,0.05,0
service_9,service_14,tcp,22.75,3665.79,0.36,0
service_29,service_75,grpc,46.76,6957.56,0.26,0
service_37,service_45,grpc,36.27,6702.51,0.25,0
service_99,service_26,grpc,45.06,4185.95,1.06,0
service_13,service_70,udp,51.89,4776.9,0.15,0
service_77,service_69,tcp,49.13,1294.29,1.76,0
service_42,service_53,tcp,34.1,4695.8,0.84,0
service_80,service_36,grpc,19.73,5759.58,0.14,0
service_19,service_84,tcp,14.21,1146.44,0.81,0
service_92,service_27,grpc,60.45,4824.74,0.04,0
service_95,service_78,http,55.27,7618.83,1.42,0
service_21,service_20,grpc,66.4,841.23,0.79,0
service_8,service_50,grpc,8.38,2384.82,0.14,0
service_14,service_38,tcp,2.99,5925.58,0.28,0
service_37,service_97,tcp,49.27,4050.54,1.14,0
service_96,service_32,udp,121.09,2575.46,0.3,1
service_52,service_100,udp,25.07,4462.45,0.59,0
service_5,service_45,tcp,20.5,5346.45,0.12,0
service_88,service_54,tcp,38.21,7447.13,0.08,0
service_18,service_21,tcp,53.63,1095.33,0.78,0
service_82,service_74,udp,28.95,5246.18,0.0,0
service_4,service_18,grpc,83.46,5863.29,0.09,0
service_50,service_74,udp,7.05,1813.03,0.18,0
service_25,service_17,udp,33.35,4878.3,0.29,0
service_36,service_7,tcp,78.88,5644.53,0.28,0
service_83,service_33,udp,121.63,5522.87,0.04,1
service_5,service_7,grpc,16.25,743.95,0.1,0
service_9,service_24,http,23.53,327.79,0.88,0
service_40,service_43,tcp,13.7,2733.42,0.17,0
service_49,service_77,http,48.6,2290.9,0.24,0
service_8,service_95,http,27.9,6012.96,0.49,0
service_26,service_2,grpc,5.11,3100.56,0.39,0
service_50,service_93,tcp,107.04,2318.31,0.04,1
service_37,service_24,tcp,120.43,6644.24,0.37,1
service_82,service_19,udp,47.51,4342.52,1.08,0
service_20,service_42,grpc,70.59,1132.24,0.89,0
service_66,service_61,grpc,34.96,2059.93,0.05,0
service_57,service_79,grpc,42.44,1183.67,0.48,0
service_40,service_12,tcp,32.44,6445.35,0.1,0
service_47,service_49,http,26.06,1839.93,1.31,0
service_68,service_81,udp,33.56,51.97,1.07,0
service_16,service_94,udp,63.68,2258.17,0.82,0
service_88,service_78,udp,17.27,951.93,0.27,0
service_77,service_2,grpc,3.21,6817.36,0.76,0
service_38,service_98,grpc,8.18,17.65,0.38,0
service_96,service_76,http,63.75,5595.91,0.54,0
service_45,service_25,tcp,65.34,4961.76,2.47,1
service_21,service_68,grpc,74.37,2328.01,0.72,0
service_80,service_49,udp,18.45,4153.72,0.04,0
service_81,service_68,grpc,20.26,3022.9,0.73,0
service_31,service_78,grpc,16.8,5087.28,0.7,0
service_30,service_75,udp,55.17,4289.34,0.1,0
service_99,service_86,http,9.7,1913.68,0.07,0
service_64,service_52,tcp,69.87,125.07,0.62,0
service_44,service_82,udp,30.13,3633.54,0.04,0
service_56,service_52,udp,87.47,7191.97,0.05,0
service_17,service_97,tcp,2.84,3396.88,0.42,0
service_10,service_61,tcp,47.29,2685.58,0.49,0
service_12,service_75,http,9.47,1472.54,0.13,0
service_29,service_89,http,4.75,3580.36,0.97,0
service_42,service_48,tcp,57.14,4390.18,0.22,0
service_87,service_11,udp,1.46,2695.71,0.17,0
service_61,service_37,grpc,76.64,2850.13,0.55,0
service_43,service_61,grpc,38.44,3687.0,0.66,0
service_13,service_17,udp,34.98,2544.96,0.03,0
service_85,service_35,http,17.77,3418.49,0.52,0
service_82,service_51,http,19.08,4190.04,0.84,0
service_5,service_54,udp,26.42,5626.65,0.95,0
service_66,service_80,http,64.52,326.14,0.31,0
service_26,service_96,grpc,9.35,6916.88,0.02,0
service_33,service_50,grpc,47.08,5090.32,0.53,0
service_100,service_2,tcp,38.92,2889.65,0.26,0
service_95,service_83,tcp,41.76,6248.67,1.87,0
service_16,service_53,grpc,22.28,3623.32,0.57,0
service_71,service_79,tcp,25.29,6796.66,0.23,0
service_69,service_79,http,15.56,5300.84,0.89,0
service_38,service_44,udp,15.76,3170.74,0.26,0
service_54,service_30,http,42.33,4237.96,0.64,0
service_29,service_41,udp,19.03,6357.65,0.05,0
service_83,service_56,grpc,23.76,3292.15,0.21,0
service_75,service_51,tcp,68.53,7992.23,0.59,0
service_32,service_10,grpc,16.37,4722.09,0.11,0
service_11,service_7,tcp,67.45,3135.55,0.15,0
service_87,service_98,http,46.66,6668.86,0.13,0
service_63,service_35,http,31.36,3342.64,0.59,0
service_64,service_62,udp,47.63,456.83,0.17,0
service_84,service_98,grpc,16.46,1538.16,0.42,0
service_20,service_18,udp,41.23,6907.71,0.78,0
service_47,service_11,http,85.04,1421.23,0.76,0
service_79,service_25,grpc,127.9,7978.0,0.44,1
service_19,service_18,http,50.19,5346.87,0.03,0
service_99,service_27,http,8.29,7962.57,0.63,0
service_71,service_8,udp,46.11,5811.78,1.44,0
service_37,service_75,http,17.68,1881.85,0.4,0
service_24,service_38,grpc,21.59,2550.73,0.73,0
service_17,service_23,http,43.12,5391.72,0.02,0
service_79,service_78,grpc,15.69,5588.31,1.61,0
service_8,service_92,udp,33.61,4489.21,0.41,0
service_96,service_1,udp,68.57,633.21,0.45,0
service_39,service_91,http,60.61,4055.21,0.74,0
service_87,service_73,udp,47.73,799.42,0.08,0
service_28,service_46,grpc,27.33,7777.59,0.8,0
service_38,service_49,tcp,56.64,553.45,0.66,0
service_86,service_57,tcp,82.9,12.78,0.98,0
service_98,service_52,http,38.31,5086.48,0.2,0
service_37,service_47,http,6.11,6317.46,0.35,0
service_55,service_41,tcp,6.64,5648.6,0.22,0
service_23,service_4,http,50.2,3567.02,0.97,0
service_6,service_15,grpc,32.38,6993.82,0.12,0
service_25,service_33,udp,21.23,6376.71,0.24,0
service_70,service_6,udp,31.57,2882.06,0.28,0
service_27,service_98,grpc,82.38,2856.84,0.64,0
service_80,service_11,udp,21.51,2438.13,0.43,0
service_53,service_44,grpc,60.19,2237.32,0.78,0
service_44,service_12,udp,96.12,6698.9,1.03,0
service_60,service_64,grpc,71.68,3917.53,0.44,0
service_50,service_42,udp,55.75,5686.03,0.61,0
service_17,service_62,udp,67.75,5086.23,0.05,0
service_10,service_98,http,43.55,3769.48,0.06,0
service_28,service_24,http,37.62,7308.9,1.44,0
service_54,service_6,udp,40.98,3791.58,0.11,0
service_75,service_40,grpc,27.06,3021.64,0.47,0
service_30,service_96,grpc,36.45,6376.58,0.3,0
service_39,service_70,tcp,60.59,2492.16,2.51,1
service_50,service_63,tcp,11.61,6268.55,1.46,0
service_14,service_29,tcp,27.01,1986.73,0.11,0
service_83,service_6,grpc,8.92,6278.31,0.05,0
service_49,service_43,grpc,12.36,2066.81,0.81,0
service_40,service_53,grpc,38.19,7403.82,0.23,0
service_15,service_72,grpc,5.4,4882.54,1.83,0
service_75,service_60,grpc,10.27,5469.06,0.19,0
service_20,service_65,tcp,11.46,1243.52,0.03,0
service_39,service_15,grpc,14.71,5122.74,1.17,0
service_45,service_59,tcp,8.3,4391.64,0.19,0
service_25,service_24,grpc,6.22,7386.23,0.05,0
service_3,service_55,tcp,98.3,966.23,0.54,0
service_38,service_70,grpc,80.41,1097.08,0.02,0
service_87,service_75,http,12.28,19.75,1.32,0
service_73,service_60,grpc,60.69,4497.35,0.34,0
service_22,service_23,http,7.14,1416.97,0.6,0
service_17,service_76,http,44.07,494.99,0.16,0
service_68,service_72,udp,19.9,1486.4,0.28,0
service_11,service_61,grpc,38.48,3581.94,0.11,0
service_75,service_84,tcp,37.56,2357.35,0.15,0
service_90,service_19,tcp,25.2,3487.32,0.29,0
service_47,service_12,http,29.43,1744.7,0.29,0
service_35,service_63,udp,124.22,7919.09,0.52,1
service_90,service_79,http,19.4,7572.96,0.19,0
service_80,service_1,udp,46.15,1442.69,0.55,0
service_83,service_46,grpc,28.72,7382.39,0.19,0
service_52,service_98,grpc,55.77,5742.37,1.37,0
service_61,service_85,tcp,23.49,5616.44,0.24,0
service_20,service_7,udp,55.32,2627.57,0.05,0
service_24,service_51,grpc,17.24,276.05,0.88,0
service_16,service_75,tcp,95.57,1291.79,0.2,0
service_80,service_79,http,45.23,2639.31,0.28,0
service_46,service_79,grpc,38.39,4356.97,0.38,0
service_22,service_67,http,7.94,2324.14,0.5,0
service_43,service_32,udp,26.95,5904.41,0.6,0
service_24,service_16,http,6.0,4756.63,0.81,0
service_51,service_11,grpc,18.62,1027.54,0.74,0
service_62,service_35,udp,38.78,7281.12,0.11,0
service_3,service_74,http,18.45,6452.37,1.42,0
service_96,service_76,tcp,35.17,5899.97,0.84,0
service_37,service_63,http,36.61,816.19,0.81,0
service_17,service_76,grpc,84.26,6940.42,0.27,0
service_57,service_34,grpc,21.75,7216.8,0.5,0
service_41,service_20,http,17.4,5903.26,0.27,0
service_2,service_62,udp,63.62,6104.89,1.65,0
service_7,service_82,http,4.24,73.62,0.08,0
service_74,service_1,udp,13.36,4860.58,0.1,0
service_64,service_58,grpc,72.57,2857.86,1.08,0
service_6,service_23,grpc,27.25,5456.93,0.38,0
service_82,service_25,grpc,12.86,1577.39,0.65,0
service_37,service_35,tcp,16.16,1025.34,0.03,0
service_67,service_13,grpc,14.69,2077.64,0.13,0
service_7,service_2,tcp,54.07,7513.52,2.72,1
service_52,service_63,udp,17.0,1160.08,0.24,0
service_73,service_5,tcp,27.26,5891.09,0.01,0
service_56,service_34,grpc,12.96,1995.28,0.32,0
service_92,service_49,http,68.67,5114.16,0.42,0
service_49,service_50,udp,58.63,216.44,0.47,0
service_21,service_32,tcp,97.58,2133.22,0.01,0
service_41,service_4,http,22.15,5162.89,1.1,0
service_51,service_43,http,37.14,1212.45,0.12,0
service_32,service_72,tcp,50.2,1029.31,0.17,0
service_79,service_100,http,67.84,6735.02,1.13,0
service_48,service_86,udp,47.72,2515.18,2.51,1
service_13,service_66,http,49.6,7865.18,0.12,0
service_20,service_41,grpc,33.26,6746.41,0.17,0
service_70,service_28,udp,11.53,769.35,0.03,0
service_38,service_27,http,16.51,2327.54,0.07,0
service_5,service_92,tcp,90.04,2865.38,0.34,0
service_96,service_55,udp,97.06,7334.63,1.93,0
service_15,service_62,tcp,38.63,3195.78,0.55,0
service_24,service_38,http,64.74,977.41,0.15,0
service_46,service_9,tcp,31.24,1256.11,0.01,0
service_78,service_44,http,22.42,4795.63,0.02,0
service_34,service_6,udp,33.18,5925.98,0.46,0
service_58,service_90,tcp,15.58,4636.13,0.1,0
service_81,service_74,tcp,13.14,5514.9,0.25,0
service_32,service_44,grpc,87.31,3569.84,0.53,0
service_89,service_12,grpc,34.07,6681.75,0.33,0
service_29,service_4,http,17.64,1395.21,0.14,0
service_71,service_95,http,15.12,3093.98,0.02,0
service_34,service_46,http,56.38,928.96,0.28,0
service_8,service_80,grpc,89.37,4568.41,1.42,0
service_26,service_97,http,34.82,2481.84,0.54,0
service_9,service_40,grpc,12.78,7420.15,0.16,0
service_61,service_10,tcp,33.09,3131.94,0.36,0
service_28,service_27,grpc,18.09,1624.18,0.37,0
service_93,service_25,tcp,31.56,1033.33,0.14,0
service_78,service_73,grpc,51.29,3934.78,0.82,0
service_61,service_74,tcp,53.41,1454.07,0.08,0
service_1,service_93,tcp,28.84,1395.07,0.15,0
service_63,service_49,udp,1.41,965.86,0.08,0
service_71,service_49,udp,54.71,6630.97,1.27,0
service_94,service_66,tcp,80.03,6052.89,0.77,0
service_76,service_88,udp,68.03,5125.26,0.06,0
service_8,service_17,tcp,54.34,7626.65,1.05,0
service_78,service_25,http,18.59,3678.82,0.37,0
service_12,service_4,grpc,26.29,2931.17,0.13,0
service_87,service_27,http,82.11,7096.39,0.32,0
service_83,service_59,udp,12.62,3416.81,1.03,0
service_15,service_10,udp,32.23,4176.63,0.04,0
service_13,service_21,udp,25.11,7856.31,0.17,0
service_43,service_66,udp,9.69,7957.47,0.06,0
service_15,service_22,http,35.03,7704.88,0.26,0
service_16,service_22,tcp,68.77,1451.64,0.42,0
service_51,service_91,http,28.4,3620.38,0.51,0
service_71,service_61,udp,1.95,4032.55,1.41,0
service_69,service_46,udp,6.64,6536.1,1.31,0
service_16,service_77,http,17.58,7081.24,0.15,0
service_68,service_50,tcp,11.61,3162.69,0.0,0
service_1,service_58,tcp,10.97,4125.31,0.04,0
service_88,service_14,tcp,22.46,6199.54,0.08,0
service_74,service_82,grpc,37.34,342.03,0.05,0
service_67,service_2,http,5.89,1324.6,0.0,0
service_10,service_94,grpc,19.24,2268.89,0.04,0
service_10,service_54,http,78.6,1189.68,0.72,0
service_40,service_69,tcp,54.89,5106.25,1.25,0
service_50,service_43,http,1.67,3841.43,0.19,0
service_52,service_76,udp,48.56,5718.05,0.93,0
service_13,service_85,grpc,38.05,7883.99,0.76,0
service_47,service_26,http,36.39,306.95,0.12,0
service_78,service_32,grpc,16.34,1652.16,0.07,0
service_14,service_32,tcp,48.71,31.92,0.5,0
service_59,service_11,grpc,19.9,7746.53,0.74,0
service_35,service_73,tcp,51.86,326.76,1.15,0
service_34,service_5,udp,2.34,7200.62,0.23,0
service_67,service_95,tcp,81.08,7233.17,0.15,0
service_39,service_87,grpc,52.21,2444.67,0.27,0
service_28,service_17,grpc,51.57,6142.15,0.42,0
service_74,service_90,udp,23.0,5256.21,0.76,0
service_46,service_54,http,34.93,7148.13,0.81,0
service_7,service_54,grpc,13.67,2624.41,0.03,0
service_92,service_18,udp,15.68,1547.35,0.09,0
service_69,service_75,udp,33.08,7030.22,0.04,0
service_13,service_48,http,17.26,7444.3,0.37,0
service_49,service_93,tcp,19.97,6658.58,0.08,0
service_78,service_47,udp,21.45,1177.76,0.19,0
service_82,service_37,http,20.43,5751.82,3.14,1
service_98,service_23,http,44.08,3117.89,0.93,0
service_9,service_5,tcp,28.77,6451.47,0.0,0
service_34,service_96,http,74.32,2366.16,0.03,0
service_23,service_93,tcp,5.23,7368.84,0.52,0
service_37,service_74,http,48.56,4114.4,0.99,0
service_61,service_56,udp,82.12,564.73,0.23,0
service_33,service_51,udp,26.36,4182.14,0.11,0
service_70,service_75,tcp,22.92,3922.56,0.23,0
service_67,service_49,http,72.46,2567.33,1.74,0
service_44,service_30,tcp,94.98,2390.15,0.19,0
service_71,service_39,grpc,13.66,960.1,0.41,0
service_70,service_7,udp,11.29,6666.42,0.46,0
service_13,service_12,grpc,109.48,406.47,0.08,1
service_27,service_41,grpc,30.12,3990.23,0.14,0
service_58,service_87,grpc,15.61,6555.95,0.47,0
service_31,service_39,udp,11.98,4172.51,1.26,0
service_3,service_49,http,20.75,767.89,0.04,0
service_91,service_71,grpc,18.18,2192.99,0.37,0
service_35,service_70,grpc,37.63,3826.07,0.34,0
service_50,service_85,grpc,20.3,3306.95,0.6,0
service_93,service_41,tcp,53.67,5211.58,0.33,0
service_26,service_83,udp,33.1,7972.58,0.13,0
service_55,service_96,udp,15.27,6509.3,0.11,0
service_1,service_23,udp,15.61,2744.39,0.02,0
service_42,service_92,grpc,18.06,1372.29,0.14,0
service_1,service_40,grpc,12.56,5224.52,0.35,0
service_8,service_57,tcp,11.1,3178.38,0.2,0
service_8,service_12,tcp,33.7,3564.6,0.07,0
service_53,service_24,tcp,28.51,5449.49,0.25,0
service_36,service_63,grpc,7.79,4680.4,0.61,0
service_40,service_78,tcp,18.05,6338.25,2.09,1
service_58,service_18,tcp,10.34,5505.12,0.21,0
service_7,service_96,http,63.9,2545.55,0.06,0
service_33,service_23,grpc,14.42,6757.85,0.76,0
service_17,service_2,grpc,35.94,1834.22,0.12,0
service_49,service_5,udp,12.66,7081.8,0.83,0
service_72,service_79,udp,37.69,6095.72,0.43,0
service_89,service_95,grpc,97.17,5543.31,0.75,0
service_47,service_70,udp,29.98,4061.71,0.96,0
service_21,service_8,grpc,16.93,7346.17,0.02,0
service_5,service_85,tcp,15.99,2484.02,0.11,0
service_70,service_98,http,57.93,1140.26,0.27,0
service_87,service_94,tcp,21.85,606.61,0.18,0
service_40,service_72,tcp,18.77,7321.62,0.42,0
service_42,service_67,tcp,78.22,1267.05,0.01,0
service_12,service_21,grpc,13.7,4848.41,0.14,0
service_24,service_75,udp,3.71,4729.07,0.11,0
service_8,service_61,grpc,18.0,190.64,0.51,0
service_32,service_43,tcp,26.46,5711.34,1.49,0
service_69,service_60,http,65.39,1940.33,0.36,0
service_31,service_64,udp,63.36,7582.03,0.0,0
service_65,service_5,tcp,46.28,7742.58,0.56,0
service_80,service_15,udp,45.35,1122.49,0.11,0
service_57,service_66,tcp,16.27,790.84,0.2,0
service_6,service_75,http,29.86,4055.38,0.34,0
service_94,service_35,http,32.52,5415.32,0.5,0
service_82,service_35,udp,19.63,944.95,0.12,0
service_29,service_52,http,5.43,2719.78,0.52,0
service_58,service_65,tcp,96.73,2474.07,0.24,0
service_75,service_38,tcp,27.49,7372.78,0.15,0
service_13,service_23,tcp,14.58,1894.52,2.01,1
service_2,service_14,tcp,35.82,5200.82,0.37,0
service_2,service_86,grpc,19.08,690.44,0.08,0
service_74,service_26,tcp,18.17,2024.98,0.42,0
service_42,service_16,udp,37.83,4821.77,0.67,0
service_97,service_61,http,12.09,6402.29,0.22,0
service_35,service_47,http,40.26,1638.38,0.28,0
service_28,service_63,http,21.44,3933.3,0.39,0
service_98,service_93,http,5.67,5859.34,2.47,1
service_36,service_67,udp,18.26,2943.39,0.54,0
service_95,service_77,grpc,32.68,6286.16,0.13,0
service_90,service_8,grpc,108.98,7926.78,3.13,1
service_95,service_86,http,42.45,7627.12,0.36,0
service_99,service_60,grpc,25.16,4689.63,1.43,0
service_44,service_9,http,18.52,4887.36,0.13,0
service_75,service_63,udp,52.87,5671.51,0.16,0
service_83,service_66,tcp,19.82,4177.19,0.58,0
service_67,service_42,http,36.28,3999.91,0.24,0
service_79,service_29,grpc,50.87,6094.73,0.51,0
service_2,service_43,udp,34.74,2083.62,1.33,0
service_75,service_9,http,38.01,6261.09,1.11,0
service_77,service_58,http,6.63,7160.75,0.1,0
service_24,service_49,udp,10.81,3226.27,0.7,0
service_72,service_25,udp,30.51,7227.37,0.11,0
service_5,service_91,tcp,23.73,5182.38,0.9,0
service_71,service_46,udp,7.42,7232.65,0.48,0
service_3,service_70,udp,59.56,6564.28,0.11,0
service_89,service_79,tcp,5.77,5974.27,1.25,0
service_18,service_67,grpc,71.69,1539.11,0.57,0
service_47,service_24,tcp,39.38,5473.84,0.09,0
service_37,service_92,http,60.66,346.12,0.0,0
service_23,service_72,tcp,45.76,4408.77,0.33,0
service_20,service_87,udp,24.42,5574.94,0.03,0
service_54,service_30,udp,34.49,1409.99,0.07,0
service_32,service_20,grpc,45.17,3525.65,0.16,0
service_69,service_22,grpc,32.11,5485.98,0.16,0
service_19,service_51,tcp,50.97,5961.98,0.06,0
service_80,service_92,tcp,102.64,4659.64,0.17,1
service_80,service_35,http,45.25,4121.54,0.04,0
service_12,service_50,http,19.43,2363.07,0.3,0
service_24,service_25,tcp,27.31,6990.49,0.92,0
service_28,service_96,tcp,21.6,6694.67,0.7,0
service_15,service_4,grpc,127.09,6765.11,1.64,1
service_9,service_91,http,20.01,5019.83,0.21,0
service_99,service_29,grpc,43.36,821.16,1.19,0
service_58,service_52,tcp,20.39,4273.2,0.2,0
service_66,service_10,http,21.0,1727.33,0.38,0
service_24,service_97,http,69.45,438.09,1.67,0
service_31,service_78,grpc,28.17,4117.25,0.45,0
service_99,service_48,udp,38.5,7091.36,2.46,1
service_48,service_72,udp,68.7,1967.35,0.11,0
service_36,service_23,http,72.77,2578.21,0.4,0
service_16,service_94,http,46.88,857.36,0.79,0
service_99,service_60,tcp,6.81,4887.55,0.04,0
service_90,service_9,udp,64.63,5294.54,0.05,0
service_20,service_84,udp,53.91,7227.21,0.3,0
service_34,service_12,grpc,18.12,753.23,0.42,0
service_4,service_81,udp,2.39,2478.57,0.57,0
service_45,service_32,udp,37.25,4047.54,0.52,0
service_20,service_6,grpc,21.0,7489.2,1.55,0
service_51,service_81,udp,27.32,496.64,0.03,0
service_4,service_88,http,7.77,2031.86,0.36,0
service_9,service_16,tcp,27.12,3457.27,0.09,0
service_59,service_74,grpc,17.0,3381.1,0.38,0
service_11,service_95,grpc,3.53,6539.09,0.18,0
service_1,service_81,grpc,36.56,6378.94,0.02,0
service_32,service_70,http,82.25,6665.33,0.33,0
service_40,service_13,tcp,22.77,522.64,0.24,0
service_43,service_84,http,42.49,5415.58,0.92,0
service_26,service_42,grpc,100.47,4196.24,0.16,1
service_87,service_13,grpc,9.02,2711.84,0.01,0
service_91,service_21,udp,36.11,3698.99,0.02,0
service_36,service_61,http,29.36,4422.85,0.32,0
service_26,service_65,tcp,29.31,2234.81,0.14,0
service_62,service_4,tcp,7.19,7145.06,0.34,0
service_92,service_24,udp,2.89,5798.18,0.08,0
service_93,service_28,grpc,47.41,1033.94,0.42,0
service_32,service_63,udp,59.34,5337.83,1.96,0
service_2,service_18,tcp,18.81,1846.87,0.17,0
service_51,service_53,http,50.64,1311.89,0.09,0
service_10,service_72,tcp,23.85,4967.78,0.05,0
service_73,service_74,udp,67.7,4895.96,0.01,0
service_79,service_82,udp,85.72,7903.03,0.1,0
service_96,service_47,http,36.21,4029.42,0.09,0
service_73,service_42,http,4.28,6422.3,0.6,0
service_12,service_79,tcp,32.32,1704.66,0.68,0
service_84,service_2,grpc,109.25,500.46,0.8,1
service_98,service_44,http,125.76,7666.7,0.8,1
service_83,service_34,tcp,25.51,4849.51,0.06,0
service_68,service_51,http,73.43,5919.77,0.04,0
service_68,service_99,grpc,22.55,4675.86,0.24,0
service_64,service_87,http,43.33,374.78,0.53,0
service_34,service_60,grpc,104.75,5445.43,0.75,1
service_5,service_25,tcp,17.25,2608.2,0.16,0
service_62,service_6,grpc,85.0,1112.45,0.86,0
service_68,service_79,tcp,34.42,2923.23,0.5,0
service_12,service_79,tcp,14.49,6191.78,0.67,0
service_40,service_58,tcp,104.59,7223.67,0.37,1
service_90,service_88,grpc,42.4,5734.98,0.52,0
service_99,service_8,udp,54.33,1265.57,0.84,0
service_49,service_94,grpc,58.32,1699.54,2.34,1
service_5,service_63,http,8.99,3800.66,0.06,0
service_47,service_6,udp,27.02,403.65,0.5,0
service_51,service_31,udp,31.17,281.97,1.23,0
service_69,service_77,grpc,109.65,5188.53,1.16,1
service_91,service_68,tcp,36.93,3483.24,0.05,0
service_68,service_40,http,55.1,6585.64,0.41,0
service_13,service_17,tcp,68.44,6539.03,0.97,0
service_56,service_47,tcp,30.43,7006.96,0.53,0
service_78,service_39,http,96.05,998.85,0.88,0
service_24,service_79,grpc,32.57,550.06,0.89,0
service_47,service_73,udp,1.62,5304.9,0.07,0
service_16,service_6,tcp,29.7,6754.46,0.14,0
service_57,service_21,grpc,6.85,2900.82,0.36,0
service_100,service_74,udp,67.63,135.12,0.14,0
service_74,service_41,tcp,87.81,5536.39,0.05,0
service_51,service_83,udp,7.2,1896.6,0.09,0
service_36,service_12,udp,121.19,2654.68,0.19,1
service_61,service_17,http,96.47,4338.95,0.55,0
service_22,service_5,udp,13.88,1844.92,0.01,0
service_42,service_5,udp,55.33,7717.04,0.07,0
service_34,service_31,udp,33.48,6893.88,0.06,0
service_77,service_11,tcp,45.45,6675.0,0.76,0
service_89,service_59,grpc,44.58,284.44,0.47,0
service_79,service_65,grpc,53.96,6865.75,0.44,0
service_78,service_67,http,57.14,6903.67,0.05,0
service_63,service_26,udp,28.08,1319.76,1.32,0
service_77,service_90,tcp,61.14,7372.02,0.44,0
service_23,service_52,grpc,42.11,1061.75,0.52,0
service_22,service_4,grpc,43.79,6424.51,0.26,0
service_12,service_44,http,91.02,7011.93,1.15,0
service_54,service_6,grpc,44.52,7589.89,0.27,0
service_85,service_84,http,12.91,358.93,0.1,0
service_86,service_12,tcp,24.18,4980.15,0.69,0
service_88,service_30,http,70.06,2045.77,1.07,0
service_69,service_62,grpc,11.02,5388.91,0.43,0
service_76,service_79,http,115.37,6437.01,0.15,1
service_25,service_99,http,15.47,1833.15,0.3,0
service_64,service_98,grpc,39.83,2278.09,0.52,0
service_48,service_87,tcp,19.52,3455.83,0.22,0
service_44,service_87,tcp,15.15,3267.4,0.15,0
service_55,service_49,http,28.63,7792.53,0.15,0
service_20,service_100,http,22.9,4378.77,0.02,0
service_81,service_73,udp,33.51,4932.05,0.35,0
service_97,service_93,grpc,34.02,1111.92,0.25,0
service_99,service_49,grpc,33.28,1519.25,0.27,0
service_26,service_58,tcp,15.89,7363.38,0.34,0
service_98,service_60,grpc,47.5,573.09,0.26,0
service_58,service_78,http,51.41,2427.31,0.98,0
service_60,service_64,grpc,86.13,4648.51,0.38,0
service_100,service_99,grpc,52.92,4931.31,0.08,0
service_54,service_61,udp,52.29,4924.86,0.47,0
service_56,service_3,tcp,20.02,2948.35,0.44,0
service_26,service_79,grpc,48.09,4465.9,0.1,0
service_26,service_58,http,25.44,5687.01,0.22,0
service_3,service_61,http,16.18,3198.75,0.17,0
service_63,service_73,grpc,67.01,6832.46,0.01,0
service_68,service_45,tcp,13.46,2821.39,0.13,0
service_3,service_23,tcp,44.65,398.1,0.58,0
service_74,service_99,tcp,27.09,2598.23,0.49,0
service_59,service_75,http,21.42,6546.7,0.09,0
service_34,service_35,udp,15.58,190.04,0.07,0
service_85,service_84,tcp,79.04,5828.85,0.2,0
service_86,service_23,tcp,4.79,7753.58,0.41,0
service_42,service_19,http,43.1,1533.15,1.22,0
service_75,service_34,tcp,50.51,6568.42,0.46,0
service_26,service_40,udp,14.66,3015.42,0.45,0
service_1,service_2,tcp,112.54,7560.73,0.33,1
service_7,service_42,tcp,7.15,6324.44,0.14,0
service_62,service_81,grpc,78.28,6016.3,0.51,0
service_80,service_44,grpc,68.1,6866.33,0.01,0
service_99,service_55,http,21.56,7591.3,2.29,1
service_18,service_57,udp,12.72,4988.48,3.55,1
service_83,service_13,http,15.7,541.89,0.2,0
service_13,service_55,udp,10.81,6676.07,3.63,1
service_82,service_70,tcp,16.71,1314.84,2.77,1
service_64,service_22,http,29.91,6384.38,0.92,0
service_96,service_70,http,79.62,5242.57,0.02,0
service_4,service_42,tcp,37.52,5082.32,0.74,0
service_74,service_95,udp,8.06,6967.69,0.94,0
service_95,service_27,grpc,58.04,5600.97,1.61,0
service_63,service_13,grpc,34.79,1338.66,0.43,0
service_51,service_3,tcp,98.29,6147.71,0.25,0
service_64,service_49,udp,2.43,6373.46,0.69,0
service_9,service_66,udp,50.73,7308.03,0.15,0
service_19,service_61,tcp,98.18,2599.04,0.24,0
service_62,service_42,grpc,26.96,5191.62,0.41,0
service_2,service_73,udp,28.32,347.27,1.45,0
service_88,service_12,udp,12.34,2767.67,0.74,0
service_74,service_88,http,33.33,3335.67,0.43,0
service_91,service_31,grpc,3.45,4549.23,0.1,0
service_75,service_58,udp,46.8,3872.9,0.04,0
service_23,service_47,tcp,14.32,1314.36,0.38,0
service_79,service_94,grpc,30.16,3683.19,0.21,0
service_32,service_24,grpc,40.08,1506.93,0.4,0
service_49,service_27,grpc,28.13,3679.35,0.38,0
service_14,service_57,udp,43.98,3829.96,0.17,0
service_53,service_45,grpc,5.55,3177.22,0.32,0
service_24,service_47,http,18.31,3202.48,0.25,0
service_91,service_47,tcp,8.62,6995.11,0.01,0
service_99,service_75,tcp,41.64,1218.01,0.95,0
service_66,service_37,http,55.18,5013.55,0.14,0
service_16,service_17,tcp,11.94,5516.39,0.26,0
service_21,service_89,grpc,40.63,4814.94,0.32,0
service_28,service_73,tcp,5.76,5461.79,0.03,0
service_87,service_55,udp,38.98,860.32,0.53,0
service_96,service_63,http,34.28,1037.81,0.95,0
service_76,service_5,grpc,7.71,840.06,0.8,0
service_42,service_69,tcp,37.12,3643.89,1.15,0
service_26,service_90,udp,35.38,1682.9,0.46,0
service_35,service_96,grpc,90.91,808.19,0.03,0
service_1,service_45,grpc,12.24,508.64,0.32,0
service_3,service_32,http,16.54,2052.56,1.52,0
service_30,service_48,udp,45.5,4655.17,0.13,0
service_94,service_4,udp,23.52,4985.98,0.31,0
service_91,service_88,http,53.53,4194.72,2.04,1
service_37,service_31,udp,13.05,7485.38,2.02,1
service_8,service_35,udp,78.28,310.02,0.76,0
service_37,service_96,grpc,19.76,4141.15,0.17,0
service_99,service_21,grpc,30.41,6332.44,1.12,0
service_65,service_70,http,26.09,2262.55,0.28,0
service_30,service_83,http,19.91,2095.6,1.62,0
service_26,service_94,grpc,43.97,6015.82,0.61,0
service_71,service_37,http,26.69,6909.2,0.08,0
service_31,service_22,grpc,17.46,3954.43,0.12,0
service_84,service_27,grpc,78.07,5962.3,0.5,0
service_79,service_90,http,11.83,4654.46,0.04,0
service_77,service_98,tcp,74.18,4304.45,0.24,0
service_97,service_6,udp,38.84,6651.4,0.04,0
service_12,service_14,http,23.32,6623.61,0.58,0
service_80,service_78,udp,43.1,7542.84,0.99,0
service_5,service_80,grpc,82.15,4451.68,0.1,0
service_53,service_85,http,65.88,2642.97,0.27,0
service_3,service_92,http,14.89,1319.77,0.08,0
service_97,service_21,grpc,21.32,3786.22,0.65,0
service_70,service_31,tcp,8.06,3274.2,0.16,0
service_47,service_2,grpc,42.75,5690.7,2.25,1
service_90,service_11,grpc,86.74,3059.54,0.64,0
service_28,service_75,tcp,44.42,2453.76,0.38,0
service_56,service_88,tcp,35.15,7493.96,0.4,0
service_18,service_91,http,107.78,1733.06,0.34,1
service_73,service_84,tcp,16.95,159.25,0.34,0
service_63,service_84,tcp,41.52,1698.27,0.13,0
service_45,service_38,udp,10.25,3038.76,0.32,0
service_24,service_65,http,63.91,21.7,0.04,0
service_46,service_96,http,31.07,6717.99,0.03,0
service_9,service_30,grpc,25.48,667.0,0.99,0
service_59,service_25,http,7.34,3601.77,0.04,0
service_61,service_9,http,14.45,5591.87,0.14,0
service_76,service_83,http,65.67,395.25,0.01,0
service_59,service_100,grpc,31.83,760.13,0.65,0
service_43,service_39,grpc,23.64,666.11,0.37,0
service_87,service_73,udp,43.4,1427.43,0.79,0
service_20,service_78,grpc,69.73,3634.08,0.52,0
service_78,service_57,tcp,28.02,7721.89,0.84,0
service_6,service_86,udp,17.67,4416.73,0.34,0
service_91,service_4,grpc,96.24,4523.18,1.11,0
service_21,service_4,tcp,34.51,1083.64,0.56,0
service_29,service_94,udp,38.2,3791.5,1.96,0
service_35,service_69,grpc,14.91,1496.36,0.15,0
service_71,service_56,udp,7.39,6618.12,0.97,0
service_9,service_35,http,23.42,2509.58,0.09,0
service_18,service_48,http,78.99,5708.95,0.07,0
service_16,service_85,tcp,31.43,4840.38,0.3,0
service_30,service_2,tcp,13.4,3372.16,0.02,0
service_37,service_46,http,63.66,7740.28,0.7,0
service_64,service_78,grpc,41.53,2087.97,0.17,0
service_65,service_24,http,82.84,45.39,0.78,0
service_14,service_21,grpc,26.0,5585.75,0.4,0
service_26,service_21,grpc,37.9,4134.53,0.03,0
service_89,service_9,grpc,51.99,2210.69,0.67,0
service_46,service_69,grpc,63.74,1255.42,0.11,0
service_18,service_17,tcp,47.9,6467.46,0.65,0
service_93,service_59,tcp,78.18,7647.79,1.01,0
service_72,service_63,http,83.5,656.61,0.02,0
service_62,service_87,udp,1.63,3259.24,0.5,0
service_76,service_46,tcp,21.45,2546.35,0.21,0
service_59,service_2,grpc,16.99,2234.84,0.02,0
service_35,service_69,http,49.59,1929.73,1.75,0
service_52,service_86,udp,33.45,517.6,1.3,0
service_70,service_82,grpc,16.36,6255.37,0.06,0
service_59,service_25,grpc,59.41,5806.68,0.47,0
service_20,service_1,tcp,28.98,3595.63,0.88,0
service_21,service_74,grpc,35.82,2711.1,0.28,0
service_92,service_3,tcp,16.67,2762.35,0.29,0
service_37,service_26,http,57.12,4657.53,0.25,0
service_23,service_99,grpc,32.75,4198.88,0.06,0
service_18,service_53,http,57.88,3577.64,1.3,0
service_7,service_69,tcp,17.84,5897.04,0.25,0
service_67,service_33,tcp,11.45,4266.56,0.05,0
service_16,service_43,grpc,8.03,6340.15,1.81,0
service_48,service_73,http,104.25,1690.08,2.26,1
service_17,service_40,tcp,28.21,2363.45,1.33,0
service_59,service_19,http,54.35,1021.36,0.27,0
service_69,service_4,http,33.77,84.89,0.58,0
service_8,service_6,udp,95.1,5803.58,0.36,0
service_27,service_50,grpc,20.19,7363.73,0.39,0
service_76,service_20,http,120.24,652.36,0.25,1
service_80,service_100,tcp,36.68,4495.15,0.36,0
service_9,service_44,http,78.28,3493.47,0.04,0
service_56,service_62,grpc,93.19,3074.47,0.37,0
service_50,service_68,http,15.1,7449.35,0.2,0
service_81,service_80,tcp,31.27,135.37,0.54,0
service_25,service_9,udp,47.25,633.33,1.95,0
service_92,service_26,tcp,35.87,5324.93,0.04,0
service_85,service_79,udp,28.33,3115.67,1.42,0
service_75,service_40,udp,18.33,5559.19,0.18,0
service_39,service_58,grpc,72.02,1304.6,0.02,0
service_24,service_40,tcp,36.17,6480.27,0.71,0
service_80,service_39,udp,29.37,1643.78,0.15,0
service_28,service_95,grpc,23.49,6929.74,0.44,0
service_83,service_95,grpc,39.11,2881.74,0.96,0
service_38,service_29,http,16.71,1260.46,1.49,0
service_8,service_41,http,6.5,3857.9,0.01,0
service_44,service_66,grpc,59.76,6896.47,0.26,0
service_41,service_9,http,38.52,1593.2,0.18,0
service_90,service_4,udp,66.16,7205.22,1.39,0
service_10,service_59,udp,5.17,5733.51,0.16,0
service_65,service_1,http,19.95,7836.39,0.11,0
service_77,service_13,tcp,88.59,690.88,0.03,0
service_53,service_31,http,28.37,4336.73,0.67,0
service_82,service_13,udp,36.73,3332.75,1.37,0
service_8,service_40,http,61.95,3677.25,2.12,1
service_20,service_87,http,28.41,2304.3,0.68,0
service_31,service_19,tcp,67.62,5552.94,1.12,0
service_96,service_42,udp,49.99,2198.13,0.57,0
service_3,service_100,udp,42.7,1581.74,0.12,0
service_44,service_97,tcp,17.21,2784.17,0.19,0
service_15,service_13,tcp,11.53,1842.66,0.05,0
service_29,service_27,grpc,15.34,6801.4,0.04,0
service_38,service_100,tcp,56.3,7904.9,0.03,0
service_86,service_54,http,29.26,1012.54,0.82,0
service_79,service_92,grpc,42.63,7735.41,0.3,0
service_79,service_95,udp,44.38,923.77,0.6,0
service_80,service_89,udp,14.51,6785.16,1.21,0
service_100,service_92,grpc,43.89,7041.28,0.05,0
service_57,service_79,udp,17.56,1962.71,2.01,1
service_21,service_33,grpc,36.23,3604.55,0.08,0
service_62,service_89,grpc,4.33,2250.25,0.33,0
service_30,service_41,udp,77.01,3288.68,0.32,0
service_40,service_68,tcp,98.74,3379.25,0.35,0
service_81,service_96,udp,26.46,1570.01,0.38,0
service_89,service_15,grpc,46.47,577.74,0.11,0
service_94,service_45,grpc,4.19,4546.31,0.35,0
service_14,service_41,udp,6.52,1751.91,0.42,0
service_83,service_98,udp,87.22,5815.63,0.15,0
service_31,service_96,grpc,29.34,5695.54,0.65,0
service_12,service_58,tcp,13.6,7632.98,0.02,0
service_39,service_92,http,37.63,1373.57,0.05,0
service_50,service_4,http,27.33,4050.44,0.31,0
service_99,service_28,grpc,19.17,2422.18,0.41,0
service_82,service_8,http,13.03,3992.26,0.35,0
service_15,service_69,grpc,52.09,3972.22,0.38,0
service_85,service_25,udp,105.7,948.65,0.28,1
service_95,service_82,tcp,20.39,907.96,0.33,0
service_37,service_21,udp,80.63,882.26,0.03,0
service_29,service_19,http,39.85,5190.49,0.21,0
service_34,service_22,http,33.75,2673.54,0.48,0
service_11,service_49,udp,86.43,4920.28,0.05,0
service_67,service_21,http,31.22,2437.79,0.38,0
service_71,service_66,grpc,18.93,3358.51,0.3,0
service_31,service_96,http,18.36,5428.68,0.72,0
service_85,service_54,http,32.23,6778.73,0.42,0
service_64,service_66,udp,80.28,5522.57,1.33,0
service_96,service_69,grpc,18.29,1011.18,0.1,0
service_62,service_76,http,20.51,5924.16,0.45,0
service_44,service_94,tcp,35.35,4252.17,0.05,0
service_2,service_20,tcp,48.35,3921.21,0.54,0
service_45,service_1,tcp,31.21,5165.61,0.27,0
service_70,service_38,grpc,86.28,3637.35,0.03,0
service_85,service_24,udp,27.85,2758.61,0.08,0
service_90,service_49,http,15.2,7391.79,0.22,0
service_40,service_57,http,81.0,3752.88,0.44,0
service_69,service_92,grpc,118.1,2138.21,0.06,1
service_26,service_84,grpc,6.62,1892.1,0.23,0
service_82,service_13,http,10.68,2736.25,0.21,0
service_53,service_69,http,39.52,7419.87,0.51,0
service_90,service_4,udp,7.07,7362.5,0.03,0
service_61,service_81,http,17.49,4389.72,0.49,0
service_57,service_10,tcp,41.98,4093.9,0.2,0
service_39,service_74,http,15.4,3360.08,0.22,0
service_93,service_100,http,19.97,7453.4,0.26,0
service_68,service_41,udp,56.31,5571.51,0.08,0
service_82,service_51,tcp,74.52,4607.04,0.77,0
service_57,service_33,udp,53.43,5050.42,0.26,0
service_25,service_80,grpc,56.97,4954.85,0.11,0
service_54,service_4,tcp,7.86,7441.47,0.01,0
service_46,service_51,udp,45.01,4023.44,0.18,0
service_13,service_56,udp,41.42,2359.08,0.1,0
service_56,service_39,grpc,29.81,4576.84,1.63,0
service_45,service_1,tcp,54.04,3440.53,0.56,0
service_81,service_85,http,128.11,1112.42,0.49,1
service_21,service_70,http,34.72,3598.18,0.28,0
service_41,service_87,udp,44.65,5498.89,0.46,0
service_50,service_5,http,26.19,2677.97,0.31,0
service_95,service_45,tcp,97.25,7284.04,0.95,0
service_44,service_56,tcp,16.14,1051.34,0.1,0
service_90,service_49,tcp,20.62,7427.73,0.18,0
service_80,service_56,grpc,57.78,4761.65,1.07,0
service_80,service_20,tcp,37.37,1571.44,0.36,0
service_76,service_73,http,32.69,855.89,0.36,0
service_91,service_89,udp,10.61,4145.29,1.05,0
service_91,service_50,udp,73.15,3373.51,0.12,0
service_14,service_16,grpc,181.2,6324.44,0.56,1
service_59,service_85,grpc,42.69,5490.71,0.21,0
service_38,service_73,udp,29.66,1160.08,0.42,0
service_75,service_54,grpc,8.73,1470.38,0.36,0
service_90,service_23,udp,33.0,3489.0,0.19,0
service_94,service_6,grpc,42.19,4730.31,0.03,0
service_29,service_79,http,21.28,411.59,0.98,0
service_37,service_65,tcp,55.62,5007.42,0.52,0
service_59,service_53,tcp,54.96,7178.89,0.06,0
service_98,service_73,tcp,48.32,2328.05,0.42,0
service_59,service_58,udp,30.93,7894.52,0.01,0
service_44,service_55,http,64.46,3401.28,0.73,0
service_72,service_46,tcp,30.29,7628.44,0.22,0
service_65,service_13,tcp,34.32,7431.2,0.11,0
service_3,service_77,tcp,20.08,1034.14,0.09,0
service_18,service_28,udp,34.92,4086.64,0.18,0
service_13,service_44,grpc,18.47,3275.46,0.2,0
service_76,service_27,udp,68.85,4958.74,0.28,0
service_65,service_30,grpc,13.99,2439.65,0.09,0
service_63,service_28,udp,8.16,1180.27,0.32,0
service_1,service_14,grpc,123.87,99.55,0.04,1
service_60,service_10,grpc,54.3,848.53,0.35,0
service_20,service_51,http,46.36,6906.55,0.05,0
service_7,service_87,http,50.59,2526.35,0.19,0
service_92,service_48,http,17.2,6301.21,0.8,0
service_54,service_88,http,61.75,5216.26,0.3,0
service_86,service_47,udp,27.2,2180.53,0.79,0
service_47,service_38,http,82.59,5776.03,0.71,0
service_5,service_94,tcp,39.31,4909.89,0.74,0
service_62,service_34,grpc,4.35,1991.09,0.61,0
service_2,service_48,grpc,42.79,4380.32,0.38,0
service_97,service_51,udp,52.74,1048.17,0.03,0
service_53,service_60,grpc,21.88,4338.13,0.25,0
service_63,service_83,grpc,56.87,7360.98,0.5,0
service_92,service_43,http,22.45,1809.62,0.67,0
service_19,service_10,http,9.38,1344.01,0.07,0
service_55,service_51,tcp,32.28,6304.04,0.66,0
service_19,service_34,http,56.44,6298.52,0.12,0
service_63,service_43,tcp,51.09,2084.83,0.11,0
service_29,service_1,udp,14.8,7019.26,0.44,0
service_46,service_17,grpc,63.87,997.9,0.39,0
service_74,service_17,grpc,36.42,3097.15,1.3,0
service_86,service_47,http,61.32,81.57,0.43,0
service_43,service_27,tcp,8.22,6198.72,0.51,0
service_75,service_98,grpc,32.19,6422.59,0.34,0
service_97,service_75,tcp,41.01,1563.64,0.04,0
service_58,service_51,udp,40.34,3278.45,0.16,0
service_24,service_29,grpc,40.92,7878.79,0.15,0
service_16,service_50,http,68.56,4683.84,0.31,0
service_29,service_44,udp,41.46,2263.48,0.53,0
service_92,service_5,grpc,50.61,528.66,0.08,0
service_11,service_90,tcp,16.77,1155.02,0.03,0
service_1,service_67,http,6.53,13.44,0.25,0
service_21,service_79,udp,47.13,2206.21,0.3,0
service_88,service_66,udp,23.65,7623.9,0.35,0
service_94,service_13,udp,14.99,981.51,0.48,0
service_47,service_17,tcp,30.52,7560.71,0.37,0
service_10,service_38,udp,40.02,3810.86,0.17,0
service_22,service_27,http,10.14,7840.12,1.11,0
service_32,service_55,tcp,22.55,782.17,0.95,0
service_51,service_48,http,14.08,1995.36,0.33,0
service_28,service_97,grpc,6.38,2575.46,0.31,0
service_7,service_43,udp,34.9,7039.77,0.48,0
service_85,service_17,tcp,46.02,6607.3,0.1,0
service_17,service_64,http,21.48,637.22,0.08,0
service_4,service_61,tcp,41.09,3051.12,0.76,0
service_41,service_73,udp,30.19,5711.72,1.01,0
service_82,service_78,http,31.79,7161.75,0.27,0
service_40,service_15,tcp,68.97,5308.01,0.35,0
service_93,service_1,udp,19.05,7750.32,0.6,0
service_53,service_34,udp,53.2,3211.23,0.1,0
service_78,service_32,tcp,7.65,7916.39,1.09,0
service_97,service_79,http,18.59,1146.15,0.23,0
service_77,service_99,udp,124.59,6011.58,0.12,1
service_95,service_69,udp,34.75,2653.41,0.29,0
service_41,service_43,udp,42.98,3360.31,0.04,0
service_84,service_43,grpc,46.03,6189.35,0.28,0
service_93,service_80,tcp,63.94,5252.94,1.64,0
service_70,service_88,udp,7.75,2163.94,0.33,0
service_24,service_6,http,44.6,7111.52,0.4,0
service_55,service_76,udp,52.98,633.49,0.55,0
service_12,service_26,grpc,19.52,7697.77,0.02,0
service_43,service_95,grpc,51.49,1241.38,0.26,0
service_39,service_6,http,26.61,5135.61,0.33,0
service_73,service_53,tcp,15.83,2083.48,0.33,0
service_25,service_74,tcp,54.27,4721.32,0.7,0
service_71,service_7,http,56.28,7574.75,0.02,0
service_25,service_50,tcp,49.19,1616.6,0.43,0
service_54,service_79,http,26.63,6219.63,0.93,0
service_93,service_74,http,22.8,6075.66,0.95,0
service_14,service_47,udp,98.95,4620.46,0.72,0
service_11,service_6,tcp,8.35,1214.95,0.33,0
service_87,service_41,udp,15.9,6054.14,0.26,0
service_35,service_18,tcp,19.25,4694.66,0.66,0
service_22,service_21,tcp,42.48,7008.22,0.18,0
service_52,service_67,http,7.95,7346.05,0.33,0
service_14,service_47,tcp,28.25,4208.03,0.72,0
service_30,service_81,tcp,31.43,5291.14,0.09,0
service_66,service_89,udp,16.88,5930.27,0.04,0
service_92,service_53,tcp,55.15,1785.21,0.14,0
service_4,service_10,udp,38.18,1369.45,0.62,0
service_53,service_77,udp,20.7,5936.1,1.04,0
service_63,service_46,tcp,24.16,7534.66,0.35,0
service_68,service_80,udp,41.57,1844.53,0.14,0
service_78,service_76,udp,116.3,1444.44,0.39,1
service_13,service_4,grpc,8.18,2001.0,0.09,0
service_89,service_94,udp,56.74,3038.08,0.82,0
service_59,service_36,tcp,58.48,2012.39,0.41,0
service_17,service_61,udp,58.36,5348.66,0.26,0
service_42,service_43,http,7.43,1121.73,0.57,0
service_76,service_68,http,58.07,3192.48,0.63,0
service_68,service_31,tcp,12.41,5683.97,0.04,0
service_63,service_42,http,24.6,3909.67,0.82,0
service_22,service_70,tcp,61.3,7157.7,0.05,0
service_75,service_96,udp,40.11,4507.5,0.94,0
service_39,service_65,http,5.51,3618.59,0.4,0
service_58,service_93,grpc,37.57,5419.47,0.17,0
service_95,service_34,http,35.18,7446.71,0.12,0
service_14,service_95,tcp,13.51,7928.08,0.56,0
service_56,service_67,http,32.21,410.16,0.83,0
service_33,service_58,udp,15.8,5273.02,0.07,0
service_12,service_1,http,27.29,3257.78,1.71,0
service_85,service_27,tcp,35.19,1081.51,0.48,0
service_78,service_54,http,80.86,1120.57,0.4,0
service_42,service_50,http,45.39,3159.39,0.03,0
service_80,service_98,grpc,41.0,7339.19,0.19,0
service_53,service_44,tcp,21.52,6451.66,0.38,0
service_98,service_65,grpc,11.94,4565.71,0.86,0
service_35,service_45,tcp,27.72,4359.98,0.47,0
service_16,service_81,http,42.24,4181.72,0.8,0
service_48,service_75,udp,24.81,2688.6,0.03,0
service_66,service_84,grpc,50.38,2730.81,0.5,0
service_97,service_80,udp,27.32,478.28,0.28,0
service_11,service_47,grpc,12.04,1181.55,0.41,0
service_73,service_1,http,53.86,7680.29,0.24,0
service_38,service_70,tcp,52.04,2813.33,0.39,0
service_54,service_6,udp,36.14,5807.35,0.83,0
service_9,service_47,tcp,51.47,1472.41,0.01,0
service_49,service_57,grpc,20.94,7779.82,0.15,0
service_36,service_98,tcp,29.97,225.76,0.29,0
service_97,service_91,udp,55.74,370.65,0.07,0
service_75,service_60,udp,26.74,5954.28,0.05,0
service_70,service_2,udp,18.79,5830.29,0.22,0
service_21,service_55,grpc,30.87,1782.46,0.4,0
service_1,service_70,http,73.69,3153.55,0.16,0
service_26,service_87,grpc,21.91,265.7,0.68,0
service_35,service_50,tcp,48.96,7397.75,0.11,0
service_30,service_9,http,7.81,3282.69,0.07,0
service_13,service_78,tcp,112.6,3747.62,0.14,1
service_36,service_99,udp,31.24,2771.34,0.71,0
service_90,service_35,grpc,8.38,6892.22,0.08,0
service_3,service_52,http,34.51,855.17,0.04,0
service_73,service_43,grpc,73.3,1056.91,0.76,0
service_64,service_49,grpc,45.02,6488.1,0.05,0
service_69,service_4,udp,40.79,6178.23,0.27,0
service_96,service_99,http,36.16,4691.21,2.58,1
service_60,service_19,http,33.76,4479.65,0.66,0
service_63,service_55,grpc,65.66,6465.68,1.38,0
service_27,service_83,udp,33.24,4149.28,0.07,0
service_89,service_56,tcp,10.37,1649.51,0.1,0
service_16,service_37,http,102.79,7372.18,0.25,1
service_79,service_21,http,19.45,4382.01,0.43,0
service_58,service_30,grpc,11.79,4905.02,0.02,0
service_31,service_8,grpc,15.76,5234.73,0.29,0
service_81,service_84,http,11.38,7772.15,0.65,0
service_93,service_77,tcp,66.36,3779.74,0.07,0
service_93,service_38,http,51.22,2938.85,0.19,0
service_9,service_39,http,28.3,4479.87,0.7,0
service_68,service_18,http,25.53,1567.23,1.71,0
service_91,service_65,http,33.82,5841.08,0.1,0
service_39,service_70,tcp,106.82,6674.88,0.05,1
service_61,service_5,tcp,39.48,7067.4,0.2,0
service_95,service_98,http,12.56,6126.53,0.54,0
service_60,service_92,grpc,102.82,5412.8,0.46,1
service_40,service_86,http,44.76,4894.3,0.28,0
service_78,service_3,http,21.01,1223.0,0.92,0
service_68,service_95,tcp,13.42,2278.56,0.6,0
service_40,service_20,tcp,103.66,1141.43,0.51,1
service_46,service_53,tcp,13.33,4087.97,0.44,0
service_59,service_52,http,62.79,1802.43,0.05,0
service_57,service_91,udp,26.83,3258.6,0.82,0
service_86,service_69,grpc,12.13,5728.64,0.13,0
service_13,service_48,http,47.49,2131.38,0.41,0
service_7,service_9,tcp,42.2,6982.33,0.12,0
service_43,service_91,http,2.17,3904.06,1.07,0
service_70,service_84,grpc,5.52,836.9,0.25,0
service_85,service_45,grpc,81.15,2061.5,0.1,0
service_5,service_38,udp,111.14,7672.14,1.09,1
service_22,service_19,http,40.28,2392.67,0.51,0
service_8,service_19,tcp,52.31,5543.6,0.17,0
service_49,service_40,http,35.04,2292.0,0.28,0
service_67,service_76,grpc,69.58,4641.16,0.04,0
service_6,service_24,http,25.51,1751.86,0.24,0
service_13,service_33,tcp,18.71,2303.09,0.27,0
service_90,service_17,tcp,7.33,1105.88,0.34,0
service_88,service_33,tcp,37.91,4052.49,0.03,0
service_38,service_83,grpc,3.56,216.47,0.06,0
service_29,service_9,udp,11.84,4133.7,0.1,0
service_64,service_55,http,48.92,1049.88,0.04,0
service_71,service_28,udp,43.46,6528.52,0.16,0
service_94,service_27,udp,45.45,2328.89,0.93,0
service_72,service_99,http,31.03,956.74,0.13,0
service_79,service_63,http,7.15,6605.46,0.3,0
service_7,service_32,udp,53.41,2733.8,0.05,0
service_50,service_36,grpc,12.14,2540.99,0.14,0
service_31,service_45,udp,19.59,5911.24,0.9,0
service_25,service_73,udp,27.97,389.71,0.1,0
service_88,service_62,tcp,54.51,5816.25,0.14,0
service_47,service_80,tcp,58.11,5637.07,0.14,0
service_24,service_93,http,45.23,7502.23,0.3,0
service_7,service_14,grpc,36.95,5619.0,0.13,0
service_79,service_97,http,9.34,3066.01,0.29,0
service_74,service_61,udp,50.98,3440.45,0.52,0
service_47,service_35,udp,13.09,142.59,1.5,0
service_57,service_29,grpc,4.12,6468.38,0.41,0
service_100,service_99,tcp,21.27,4053.67,0.29,0
service_2,service_5,http,27.29,5821.04,0.08,0
service_26,service_60,http,5.46,1125.13,0.44,0
service_23,service_9,tcp,70.62,1531.4,0.28,0
service_8,service_97,tcp,32.63,2570.55,0.35,0
service_84,service_4,tcp,118.64,3645.49,0.17,1
service_15,service_5,grpc,42.27,6074.13,1.18,0
service_87,service_37,http,19.92,4820.43,0.51,0
service_83,service_91,tcp,44.69,3349.07,0.68,0
service_50,service_14,tcp,67.46,2652.44,0.09,0
service_86,service_28,tcp,54.16,7381.65,0.07,0
service_2,service_75,http,23.43,299.2,0.56,0
service_87,service_76,http,23.8,487.94,0.5,0
service_74,service_32,http,3.05,2456.92,0.21,0
service_40,service_99,udp,52.44,3097.77,0.82,0
service_28,service_31,grpc,22.29,2162.4,0.13,0
service_7,service_31,grpc,24.5,3177.52,0.13,0
service_71,service_16,tcp,82.69,3527.91,0.17,0
service_83,service_34,grpc,29.98,275.87,1.12,0
service_16,service_56,http,14.39,4208.64,0.07,0
service_78,service_51,udp,93.83,6887.67,1.1,0
service_98,service_15,tcp,27.43,3296.88,0.43,0
service_37,service_59,grpc,53.53,92.1,1.47,0
service_9,service_11,http,30.39,6616.37,0.37,0
service_24,service_83,grpc,62.51,30.15,0.31,0
service_63,service_61,tcp,15.27,2810.69,1.02,0
service_60,service_56,udp,19.34,702.14,0.08,0
service_48,service_23,tcp,14.64,5815.23,2.02,1
service_94,service_35,tcp,69.92,374.89,0.11,0
service_58,service_83,http,22.35,744.05,0.3,0
service_17,service_25,udp,12.5,5294.9,1.12,0
service_72,service_8,http,32.29,2907.68,0.86,0
service_9,service_62,grpc,47.46,1102.94,0.85,0
service_89,service_11,http,46.14,5296.87,0.18,0
service_18,service_91,tcp,59.57,2308.78,0.21,0
service_45,service_21,tcp,21.71,6259.25,0.53,0
service_62,service_51,http,93.57,7311.4,0.58,0
service_69,service_70,http,24.69,2715.27,0.59,0
service_47,service_61,udp,22.87,3223.01,0.44,0
service_81,service_7,tcp,131.49,1244.71,0.39,1
service_54,service_27,http,10.16,1168.55,0.03,0
service_36,service_63,tcp,25.74,4526.28,0.65,0
service_84,service_92,tcp,60.79,3280.44,0.24,0
service_18,service_79,http,11.22,656.79,0.08,0
service_31,service_52,http,218.83,3199.7,0.25,1
service_59,service_98,udp,49.29,932.06,0.36,0
service_81,service_100,udp,32.56,7629.45,0.04,0
service_8,service_89,tcp,37.35,2983.14,0.28,0
service_16,service_33,tcp,2.2,7835.27,0.54,0
service_20,service_43,http,25.55,6780.88,0.16,0
service_32,service_91,grpc,67.75,7349.52,0.88,0
service_80,service_57,grpc,6.06,7945.07,0.45,0
service_96,service_57,http,12.28,1141.33,0.02,0
service_84,service_66,http,52.98,3590.38,2.09,1
service_33,service_66,udp,11.28,1785.26,0.23,0
service_57,service_64,http,9.4,1895.54,0.36,0
service_27,service_64,udp,37.8,5780.62,0.11,0
service_78,service_11,udp,26.07,62.3,0.12,0
service_47,service_24,udp,44.34,6858.18,0.03,0
service_92,service_65,udp,35.61,1505.16,0.08,0
service_59,service_25,grpc,35.98,1278.71,0.06,0
service_95,service_39,grpc,51.99,5374.19,0.12,0
service_72,service_65,tcp,21.14,929.16,0.36,0
service_47,service_44,tcp,30.02,5347.52,1.05,0
service_6,service_9,udp,22.86,2221.4,0.49,0
service_79,service_45,grpc,29.64,5931.15,0.67,0
service_45,service_69,tcp,19.71,3593.1,0.51,0
service_14,service_89,udp,65.4,6628.22,0.08,0
service_5,service_62,tcp,50.37,102.88,0.17,0
service_13,service_40,tcp,41.03,1886.71,1.1,0
service_42,service_53,grpc,49.2,762.24,0.05,0
service_90,service_93,udp,31.25,6125.27,0.1,0
service_37,service_75,http,13.26,661.23,0.12,0
service_67,service_63,grpc,32.41,1076.57,0.06,0
service_76,service_4,http,39.01,5057.34,1.08,0
service_85,service_91,udp,16.27,1488.86,0.39,0
service_36,service_29,http,41.29,2186.88,0.01,0
service_27,service_73,grpc,19.98,3589.83,0.63,0
service_79,service_2,tcp,6.55,1937.31,0.05,0
service_7,service_81,grpc,11.14,5110.39,0.53,0
service_40,service_88,grpc,76.69,2439.49,0.27,0
service_88,service_47,grpc,48.34,5540.43,0.12,0
service_25,service_57,grpc,20.67,356.89,1.19,0
service_28,service_47,tcp,43.95,2133.62,0.17,0
service_2,service_83,tcp,63.49,6738.4,0.25,0
service_17,service_76,grpc,25.12,6543.83,0.16,0
service_64,service_8,grpc,23.57,5414.26,0.63,0
service_28,service_22,grpc,50.46,2893.45,0.26,0
service_36,service_7,tcp,6.31,1565.2,0.91,0
service_26,service_74,udp,67.09,4194.93,0.89,0
service_89,service_84,udp,49.74,3007.58,0.14,0
service_1,service_65,grpc,56.91,7057.94,0.43,0
service_24,service_95,grpc,53.52,4421.84,0.18,0
service_82,service_96,grpc,16.1,526.44,0.16,0
service_7,service_51,tcp,12.37,1001.25,1.0,0
service_21,service_56,tcp,34.8,6024.54,0.51,0
service_77,service_64,tcp,21.76,6991.32,0.46,0
service_90,service_49,grpc,22.64,2635.35,0.13,0
service_65,service_43,tcp,47.52,7987.08,0.55,0
service_43,service_36,grpc,30.88,2330.42,0.24,0
service_72,service_47,tcp,16.85,6005.88,0.77,0
service_84,service_54,udp,12.17,1151.28,0.54,0
service_37,service_19,tcp,28.37,3101.31,0.19,0
service_84,service_45,http,99.85,7306.42,0.12,0
service_36,service_11,tcp,57.3,6274.33,0.71,0
service_5,service_10,http,5.88,104.65,0.72,0
service_89,service_92,tcp,18.3,5701.63,0.01,0
service_44,service_77,http,39.71,4697.0,0.48,0
service_90,service_30,udp,17.9,756.25,0.3,0
service_57,service_13,grpc,43.3,1359.19,0.38,0
service_19,service_73,tcp,24.4,3176.6,0.2,0
service_5,service_66,http,13.77,3304.91,0.32,0
service_13,service_34,http,22.91,1679.98,0.07,0
service_9,service_78,grpc,44.34,3469.2,0.56,0
service_3,service_6,grpc,48.0,4615.22,0.76,0
service_93,service_81,udp,12.19,1207.64,0.35,0
service_72,service_73,tcp,14.2,6706.24,0.37,0
service_6,service_56,tcp,34.19,1123.53,1.08,0
service_38,service_24,tcp,43.11,1903.97,0.71,0
service_59,service_62,tcp,54.79,1878.53,0.04,0
service_22,service_98,tcp,35.24,7513.07,1.98,0
service_16,service_24,tcp,27.7,7376.09,0.14,0
service_39,service_9,http,39.17,1134.09,0.42,0
service_87,service_43,grpc,1.08,6986.58,0.72,0
service_18,service_74,grpc,17.63,3720.94,0.73,0
service_39,service_53,grpc,116.21,7500.52,1.09,1
service_23,service_58,http,30.87,505.66,1.15,0
service_53,service_24,udp,72.07,617.4,0.3,0
service_83,service_62,http,32.5,4934.99,0.74,0
service_99,service_42,http,117.5,4163.46,0.04,1
service_41,service_7,tcp,5.5,5679.12,0.27,0
service_82,service_35,udp,80.81,4389.47,1.46,0
service_45,service_58,http,19.81,4845.75,0.03,0
service_4,service_60,udp,37.96,1656.06,0.09,0
service_1,service_68,udp,65.88,1426.59,0.15,0
service_51,service_18,grpc,32.37,4086.5,0.18,0
service_19,service_38,udp,56.75,4280.59,0.06,0
service_89,service_99,udp,47.23,4494.42,0.53,0
service_84,service_57,grpc,10.24,6007.54,1.59,0
service_11,service_48,http,26.6,254.53,1.41,0
service_56,service_2,udp,137.21,2109.92,0.41,1
service_3,service_20,grpc,20.15,295.62,0.56,0
service_33,service_75,udp,24.52,5532.4,0.33,0
service_26,service_50,tcp,57.35,3705.52,0.13,0
service_91,service_71,http,37.97,2509.62,0.17,0
service_11,service_92,tcp,27.89,5705.27,2.1,1
service_49,service_85,tcp,59.92,1041.65,0.18,0
service_46,service_20,tcp,29.42,28.89,1.43,0
service_62,service_16,tcp,31.73,3381.97,0.15,0
service_13,service_41,tcp,23.58,6816.51,0.43,0
service_27,service_90,http,23.78,7402.37,0.12,0
service_32,service_38,udp,8.64,4941.83,0.24,0
service_44,service_56,grpc,21.16,7044.51,0.41,0
service_38,service_68,grpc,35.35,2834.84,0.11,0
service_84,service_17,http,39.87,7628.58,1.47,0
service_51,service_94,tcp,223.32,4466.76,0.03,1
service_44,service_25,http,30.11,3952.62,0.38,0
service_25,service_68,http,39.0,6660.32,1.28,0
service_83,service_61,grpc,13.36,520.95,1.2,0
service_51,service_70,http,18.1,1089.08,0.02,0
service_23,service_48,udp,34.51,3086.91,0.33,0
service_27,service_8,tcp,9.51,3320.85,0.42,0
service_75,service_77,grpc,60.7,5451.54,0.13,0
service_31,service_47,grpc,51.84,3807.14,0.6,0
service_63,service_4,udp,60.78,3548.42,1.2,0
service_3,service_5,udp,46.6,7645.29,0.22,0
service_1,service_50,grpc,46.5,3670.06,1.14,0
service_3,service_15,udp,9.26,694.25,0.1,0
service_5,service_9,http,35.33,5918.61,1.2,0
service_99,service_20,grpc,38.95,426.72,0.35,0
service_31,service_39,udp,40.77,1221.85,2.09,1
service_25,service_69,tcp,91.41,808.36,0.06,0
service_73,service_83,tcp,83.04,7006.99,0.01,0
service_100,service_59,http,53.21,6419.24,0.75,0
service_52,service_29,grpc,18.57,5024.85,0.32,0
service_8,service_36,grpc,19.65,4947.05,0.13,0
service_98,service_62,http,116.02,1049.48,0.13,1
service_48,service_32,udp,69.77,418.83,0.64,0
service_97,service_85,http,59.0,1790.4,0.22,0
service_67,service_42,udp,57.01,5106.6,0.5,0
service_79,service_49,udp,18.57,354.83,0.11,0
service_63,service_27,udp,32.33,3270.38,0.02,0
service_34,service_30,grpc,161.79,5242.6,0.86,1
service_60,service_82,grpc,38.79,5516.87,0.24,0
service_86,service_13,tcp,28.8,7900.41,0.5,0
service_53,service_59,tcp,15.55,122.82,0.23,0
service_49,service_77,udp,27.01,2157.05,0.17,0
service_54,service_32,udp,34.04,6442.74,0.01,0
service_82,service_18,grpc,24.64,3947.57,0.44,0
service_38,service_40,udp,53.79,4008.1,1.3,0
service_17,service_82,grpc,21.09,7635.09,0.65,0
service_70,service_56,grpc,72.48,5379.4,0.06,0
service_94,service_63,http,24.96,4030.23,0.57,0
service_96,service_85,udp,42.66,4621.72,0.15,0
service_13,service_57,grpc,109.48,1873.59,0.22,1
service_4,service_59,tcp,55.64,4281.04,0.15,0
service_28,service_18,http,24.05,5170.15,0.07,0
service_74,service_69,tcp,101.84,3171.96,0.46,1
service_82,service_48,udp,18.27,3319.55,1.72,0
service_67,service_43,tcp,42.56,5098.85,0.62,0
service_74,service_63,grpc,6.19,3305.4,1.09,0
service_74,service_55,grpc,40.28,572.51,0.13,0
service_80,service_69,udp,16.29,7407.58,0.43,0
service_52,service_94,udp,40.8,3918.38,0.08,0
service_28,service_72,http,17.43,6539.71,0.3,0
service_100,service_1,udp,82.52,3518.96,1.17,0
service_46,service_13,udp,22.68,7045.22,0.72,0
service_5,service_40,grpc,50.78,3604.01,0.82,0
service_17,service_22,tcp,31.78,3880.55,0.11,0
service_49,service_35,grpc,36.69,4036.34,1.01,0
service_9,service_71,grpc,45.14,3400.7,0.43,0
service_81,service_18,grpc,21.55,5165.6,0.55,0
service_6,service_41,tcp,39.0,2012.62,0.52,0
service_67,service_61,http,11.86,4387.58,0.09,0
service_17,service_83,http,28.82,3514.74,0.12,0
service_92,service_37,tcp,44.35,3342.37,0.33,0
service_23,service_30,udp,13.39,1852.75,0.33,0
service_97,service_11,grpc,23.61,2295.25,0.38,0
service_32,service_14,grpc,90.69,1927.36,1.06,0
service_75,service_19,udp,69.23,6164.76,0.2,0
service_1,service_65,tcp,49.22,3906.9,1.01,0
service_63,service_87,http,55.22,2525.71,0.15,0
service_46,service_4,tcp,46.28,1464.88,0.81,0
service_61,service_73,tcp,85.36,3905.32,0.87,0
service_21,service_35,tcp,1.75,1971.87,0.35,0
service_67,service_58,grpc,37.98,4447.55,0.3,0
service_78,service_40,http,20.98,4582.22,0.03,0
service_77,service_94,http,6.7,1884.13,0.22,0
service_55,service_96,http,68.78,5736.72,0.07,0
service_62,service_82,udp,10.5,3323.36,1.04,0
service_50,service_28,grpc,41.71,3884.26,0.27,0
service_94,service_28,tcp,62.11,7046.31,0.87,0
service_60,service_76,grpc,50.87,5833.16,2.04,1
service_70,service_59,udp,53.28,7530.84,0.03,0
service_66,service_17,http,21.05,5091.48,0.03,0
service_48,service_15,udp,5.81,1354.15,0.18,0
service_90,service_50,grpc,17.54,6936.44,0.38,0
service_97,service_38,http,28.14,3119.82,0.55,0
service_70,service_53,tcp,34.69,6248.13,1.1,0
service_74,service_1,http,81.18,4508.87,0.22,0
service_61,service_44,grpc,23.59,5790.32,0.5,0
service_9,service_15,tcp,66.41,5166.45,0.43,0
service_74,service_28,udp,34.95,5312.59,0.88,0
service_49,service_24,tcp,96.02,3945.03,0.51,0
service_36,service_79,tcp,3.71,462.55,0.46,0
service_75,service_15,grpc,51.75,3184.24,1.48,0
service_16,service_47,grpc,35.8,1470.56,1.02,0
service_6,service_82,tcp,85.7,1078.25,0.01,0
service_63,service_45,tcp,110.75,271.95,0.53,1
service_74,service_51,udp,70.3,2938.23,0.08,0
service_85,service_5,http,37.26,2491.84,0.12,0
service_3,service_55,grpc,48.43,462.04,0.01,0
service_67,service_10,udp,21.63,5158.87,0.02,0
service_12,service_14,http,32.88,2539.93,1.1,0
service_52,service_22,http,20.0,7522.54,0.07,0
service_58,service_79,udp,5.08,2131.03,0.24,0
service_39,service_23,http,2.73,4627.64,0.97,0
service_53,service_98,grpc,56.05,2973.56,0.59,0
service_5,service_25,http,45.02,2501.79,0.3,0
service_59,service_17,grpc,33.88,1974.71,0.36,0
service_75,service_48,tcp,23.88,3145.88,0.55,0
service_57,service_83,tcp,44.52,1029.0,0.15,0
service_80,service_73,http,162.07,4827.06,0.76,1
service_5,service_62,grpc,42.35,38.55,0.77,0
service_40,service_80,tcp,38.19,813.48,0.14,0
service_19,service_90,http,28.87,2354.43,0.1,0
service_6,service_32,http,32.96,6636.79,0.09,0
service_33,service_15,udp,30.71,6757.95,0.26,0
service_49,service_25,tcp,21.86,3997.29,1.92,0
service_38,service_86,tcp,56.89,4892.34,0.81,0
service_94,service_39,tcp,59.15,818.65,0.42,0
service_53,service_98,tcp,24.76,4237.1,0.69,0
service_68,service_44,http,46.48,4557.52,0.47,0
service_2,service_74,udp,37.75,2910.57,0.35,0
service_37,service_33,udp,63.52,1704.59,0.22,0
service_100,service_12,grpc,82.94,6054.28,0.61,0
service_17,service_100,grpc,44.56,1251.31,1.8,0
service_100,service_89,tcp,42.14,3131.73,0.67,0
service_60,service_13,udp,16.47,7484.05,0.29,0
service_78,service_52,udp,50.1,532.73,0.0,0
service_61,service_99,grpc,29.9,5185.51,0.36,0
service_31,service_46,tcp,6.46,7887.65,1.04,0
service_7,service_3,grpc,32.64,3041.17,0.31,0
service_13,service_25,http,48.92,4078.54,1.8,0
service_52,service_87,grpc,60.66,7492.93,0.75,0
service_45,service_49,udp,19.94,6767.34,0.58,0
service_7,service_3,tcp,20.63,6453.93,0.41,0
service_98,service_44,tcp,3.82,5238.21,0.23,0
service_37,service_89,grpc,81.65,7656.64,0.56,0
service_33,service_28,udp,31.16,6500.74,0.25,0
service_72,service_43,grpc,53.15,1055.4,0.41,0
service_16,service_59,http,24.97,2257.73,0.45,0
service_95,service_67,udp,20.75,4440.4,0.45,0
service_70,service_30,udp,15.08,3629.81,1.36,0
service_56,service_67,tcp,26.02,1352.4,0.04,0
service_31,service_35,http,60.1,3590.81,0.05,0
service_8,service_19,udp,46.28,3564.35,0.55,0
service_20,service_8,grpc,9.02,6243.85,0.24,0
service_76,service_14,http,44.82,5667.0,0.41,0
service_62,service_41,grpc,56.12,1193.23,0.26,0
service_93,service_57,grpc,21.18,1036.3,0.02,0
service_4,service_20,grpc,34.98,7082.54,0.09,0
service_29,service_1,tcp,51.4,7424.59,0.44,0
service_39,service_94,http,47.59,2735.67,0.41,0
service_100,service_41,http,50.97,4074.61,0.51,0
service_83,service_85,tcp,20.71,5405.6,0.25,0
service_36,service_91,udp,38.29,6049.04,0.07,0
service_60,service_15,grpc,14.49,4404.09,1.51,0
service_79,service_29,http,8.71,1879.19,0.41,0
service_41,service_99,tcp,71.61,3646.24,0.61,0
service_96,service_70,udp,10.31,4561.25,0.07,0
service_19,service_8,http,29.27,1704.91,1.14,0
service_8,service_14,http,79.66,7868.84,0.36,0
service_12,service_56,tcp,37.12,3392.15,0.13,0
service_53,service_35,tcp,35.37,2400.15,0.17,0
service_56,service_95,http,36.73,883.1,0.28,0
service_31,service_22,tcp,6.46,5015.95,0.54,0
service_97,service_42,http,43.42,6908.66,0.79,0
service_32,service_94,grpc,30.37,180.45,1.31,0
service_52,service_98,http,10.57,6430.21,0.36,0
service_16,service_5,grpc,42.66,3704.72,0.22,0
service_39,service_70,udp,27.73,5572.75,0.77,0
service_54,service_75,udp,37.21,3695.54,0.11,0
service_92,service_82,tcp,40.05,1277.32,1.86,0
service_92,service_37,udp,61.24,1535.69,0.05,0
service_50,service_72,http,33.14,1028.0,0.75,0
service_65,service_56,tcp,28.71,4706.13,0.03,0
service_28,service_27,tcp,59.72,6110.51,0.15,0
service_33,service_78,udp,47.75,3484.21,0.16,0
service_64,service_83,tcp,58.39,3979.15,0.22,0
service_3,service_71,udp,49.13,6586.08,0.69,0
service_10,service_43,tcp,63.21,4400.28,0.14,0
service_100,service_54,tcp,24.23,2339.06,0.07,0
service_50,service_36,tcp,4.77,7423.25,0.58,0
service_92,service_67,udp,9.88,2795.6,0.08,0
service_59,service_19,tcp,88.43,1857.72,0.03,0
service_33,service_48,tcp,30.06,1212.52,0.26,0
service_9,service_52,udp,32.24,90.09,0.94,0
service_34,service_46,udp,7.63,826.44,0.91,0
service_44,service_79,tcp,49.67,3463.26,0.0,0
service_53,service_56,udp,4.5,5107.67,0.23,0
service_58,service_15,grpc,19.61,3796.31,0.9,0
service_28,service_81,grpc,1.33,7067.61,0.0,0
service_66,service_15,http,77.73,5782.65,0.32,0
service_93,service_87,tcp,7.21,7004.86,0.23,0
service_34,service_92,udp,67.81,18.23,1.12,0
service_9,service_92,tcp,29.26,4251.07,1.0,0
service_8,service_17,tcp,50.33,2863.95,0.15,0
service_35,service_68,grpc,8.13,5255.47,1.14,0
service_18,service_16,tcp,18.63,7094.71,0.66,0
service_2,service_88,http,65.3,6943.59,0.81,0
service_71,service_42,tcp,19.97,839.22,0.53,0
service_91,service_65,tcp,53.61,3438.15,0.64,0
service_84,service_81,http,6.89,5558.24,0.42,0
service_63,service_68,tcp,58.15,4217.77,0.13,0
service_77,service_68,udp,24.77,6725.64,0.21,0
service_36,service_79,http,8.57,382.31,0.03,0
service_21,service_41,http,73.35,805.24,0.25,0
service_58,service_2,http,4.32,6550.08,0.23,0
service_5,service_47,tcp,24.03,4763.29,0.23,0
service_26,service_36,tcp,83.53,1787.22,0.5,0
service_84,service_69,udp,25.03,4482.47,0.06,0
service_32,service_14,tcp,50.68,5296.82,0.56,0
service_14,service_35,tcp,14.54,141.48,0.15,0
service_94,service_54,grpc,21.01,7289.05,1.04,0
service_4,service_41,udp,45.46,7896.24,0.08,0
service_22,service_65,http,35.54,711.26,0.54,0
service_88,service_87,grpc,36.54,2779.22,0.07,0
service_16,service_22,grpc,32.84,837.08,0.67,0
service_41,service_24,http,18.39,3841.41,2.09,1
service_32,service_17,http,35.48,3139.18,1.08,0
service_8,service_81,grpc,41.56,5678.42,0.43,0
service_58,service_82,udp,42.3,6043.12,0.44,0
service_100,service_16,http,36.05,300.75,0.15,0
service_46,service_76,udp,28.02,6520.67,0.08,0
service_73,service_46,tcp,58.22,1883.32,0.04,0
service_49,service_26,grpc,53.27,19.26,0.05,0
service_72,service_32,tcp,93.69,3879.95,0.61,0
service_13,service_15,http,4.01,7306.17,0.23,0
service_77,service_60,grpc,30.32,6138.15,0.39,0
service_31,service_51,udp,23.26,6108.41,0.12,0
service_36,service_78,grpc,23.51,2674.88,0.67,0
service_46,service_87,tcp,73.94,4957.46,0.13,0
service_8,service_11,udp,98.21,2102.46,0.03,0
service_20,service_81,http,19.92,3392.69,0.67,0
service_93,service_40,grpc,12.82,3454.7,0.25,0
service_75,service_56,grpc,22.12,4385.1,0.06,0
service_49,service_81,udp,75.81,1920.93,0.41,0
service_11,service_30,udp,63.35,95.52,0.53,0
service_6,service_45,grpc,38.13,838.92,0.44,0
service_74,service_6,udp,24.64,1943.56,0.18,0
service_24,service_74,http,97.47,5132.13,0.41,0
service_20,service_28,tcp,16.31,3521.4,0.2,0
service_96,service_99,grpc,58.15,1010.54,0.38,0
service_62,service_37,tcp,12.51,6297.18,0.75,0
service_86,service_61,grpc,41.38,7962.27,0.62,0
service_65,service_96,http,26.15,3847.6,1.02,0
service_86,service_2,grpc,48.05,628.16,0.11,0
service_26,service_7,tcp,27.61,7219.3,0.05,0
service_1,service_23,tcp,86.92,6737.54,0.02,0
service_91,service_3,http,103.01,2551.74,0.34,1
service_40,service_62,tcp,34.44,1486.25,2.65,1
service_26,service_79,tcp,34.25,6726.28,0.19,0
service_6,service_27,tcp,4.58,7000.93,0.63,0
service_48,service_14,grpc,16.42,6413.49,0.07,0
service_72,service_97,udp,20.7,7111.36,0.88,0
service_82,service_70,tcp,11.73,2416.64,0.43,0
service_98,service_51,udp,9.61,2201.82,0.56,0
service_81,service_19,http,49.05,6313.17,0.04,0
service_6,service_43,tcp,32.48,3733.11,0.03,0
service_47,service_69,grpc,28.11,5663.69,0.08,0
service_80,service_45,tcp,24.75,3422.81,0.95,0
service_46,service_38,http,75.86,676.73,0.38,0
service_17,service_25,http,8.35,235.22,0.42,0
service_55,service_56,udp,53.47,4874.19,0.54,0
service_42,service_97,grpc,25.81,1089.45,0.63,0
service_27,service_24,grpc,67.28,2832.25,0.27,0
service_70,service_82,grpc,15.64,2962.31,0.03,0
service_47,service_4,http,77.17,7623.0,1.53,0
service_86,service_95,tcp,71.5,3414.54,0.37,0
service_33,service_45,grpc,60.71,3932.3,0.76,0
service_57,service_49,grpc,11.85,1413.7,0.27,0
service_62,service_73,udp,29.05,3788.87,3.14,1
service_86,service_16,http,72.55,5278.7,0.32,0
service_29,service_9,udp,11.22,3730.0,0.14,0
service_74,service_3,grpc,17.31,4518.28,0.05,0
service_8,service_51,udp,37.82,6191.71,0.45,0
service_56,service_1,tcp,44.91,54.34,0.14,0
service_90,service_74,udp,93.6,30.1,0.3,0
service_68,service_55,grpc,7.4,6483.38,0.12,0
service_53,service_83,udp,14.01,7114.41,0.3,0
service_58,service_38,grpc,32.24,1910.74,1.46,0
service_100,service_25,http,60.17,7048.66,1.43,0
service_74,service_80,http,22.91,7485.74,0.31,0
service_71,service_13,tcp,19.38,2622.23,0.76,0
service_32,service_9,http,39.87,2411.58,0.89,0
service_85,service_95,tcp,17.14,549.59,0.02,0
service_59,service_62,http,27.02,2605.28,0.18,0
service_12,service_16,grpc,65.33,2835.15,0.17,0
service_2,service_70,http,26.64,6957.98,0.29,0
service_76,service_13,http,31.36,6057.16,1.08,0
service_19,service_34,http,90.08,783.21,0.27,0
service_11,service_31,http,47.75,4660.4,0.32,0
service_23,service_83,tcp,9.49,2811.7,0.71,0
service_99,service_43,tcp,12.2,4300.24,0.18,0
service_85,service_100,tcp,34.55,2953.91,0.14,0
service_19,service_5,udp,28.09,6236.5,0.03,0
service_49,service_100,udp,3.36,3352.23,0.16,0
service_31,service_73,http,26.44,7489.45,1.17,0
service_5,service_3,udp,28.42,2015.7,1.81,0
service_68,service_79,grpc,17.85,7245.77,0.56,0
service_29,service_44,tcp,31.37,2140.76,0.3,0
service_47,service_82,tcp,20.77,5997.59,0.25,0
service_50,service_12,http,80.53,2534.45,0.34,0
service_61,service_56,http,115.36,2815.87,0.65,1
service_29,service_7,udp,87.6,7883.96,0.01,0
service_52,service_17,http,37.09,7277.45,2.54,1
service_82,service_92,http,11.95,2226.8,0.11,0
service_16,service_17,grpc,56.73,3516.17,0.08,0
service_27,service_63,tcp,20.23,3336.79,0.74,0
service_6,service_50,http,32.2,7812.2,0.23,0
service_5,service_86,grpc,17.22,6158.91,0.24,0
service_85,service_59,tcp,101.37,1003.26,0.31,1
service_28,service_24,udp,26.19,7133.36,1.18,0
service_26,service_22,grpc,17.98,710.28,0.56,0
service_100,service_2,udp,46.54,1217.37,0.31,0
service_3,service_84,grpc,51.24,4857.53,0.32,0
service_2,service_73,grpc,34.48,5044.48,0.8,0
service_81,service_73,tcp,47.61,4211.97,0.07,0
service_54,service_7,udp,52.32,6245.25,0.28,0
service_84,service_19,grpc,40.86,3979.63,0.75,0
service_98,service_68,tcp,13.14,3844.58,0.3,0
service_36,service_99,tcp,71.58,4411.34,0.97,0
service_19,service_90,udp,29.03,4275.57,0.28,0
service_72,service_98,udp,43.79,1645.13,0.39,0
service_19,service_31,grpc,33.79,7609.48,0.16,0
service_46,service_98,udp,32.33,2774.35,0.16,0
service_45,service_48,udp,64.05,5929.27,0.01,0
service_89,service_62,tcp,24.14,905.93,0.12,0
service_81,service_19,tcp,34.71,7677.41,0.65,0
service_26,service_35,grpc,74.76,4622.19,0.01,0
service_77,service_90,http,12.5,3333.9,0.51,0
service_11,service_66,grpc,14.26,1721.63,0.38,0
service_66,service_35,tcp,102.73,6979.79,0.57,1
service_41,service_1,tcp,69.54,4139.0,0.01,0
service_11,service_63,grpc,20.77,4545.04,0.42,0
service_7,service_58,udp,4.86,6093.47,0.77,0
service_65,service_73,http,14.26,7194.62,0.21,0
service_51,service_71,grpc,77.77,6109.8,1.69,0
service_100,service_77,tcp,15.73,2481.96,0.64,0
service_58,service_55,udp,26.14,7463.84,0.08,0
service_85,service_42,http,26.65,6652.44,0.98,0
service_35,service_76,tcp,42.92,7338.0,0.5,0
service_90,service_96,http,32.89,371.36,0.35,0
service_56,service_27,grpc,7.45,6144.13,0.12,0
service_76,service_92,grpc,48.42,136.95,0.57,0
service_52,service_75,udp,19.06,563.52,2.37,1
service_75,service_73,grpc,39.5,6840.22,0.33,0
service_7,service_74,http,80.26,3331.87,0.12,0
service_84,service_8,grpc,55.58,7992.34,0.02,0
service_49,service_1,udp,105.91,4194.7,0.05,1
service_83,service_12,tcp,32.5,4149.03,0.23,0
service_97,service_20,grpc,29.68,6140.36,0.0,0
service_27,service_25,tcp,47.46,5520.07,0.63,0
service_56,service_26,tcp,41.47,5332.15,0.9,0
service_81,service_55,grpc,25.75,4352.85,0.63,0
service_35,service_30,tcp,8.86,759.44,0.73,0
service_42,service_68,tcp,15.04,7711.46,0.47,0
service_58,service_51,grpc,7.23,2965.89,0.22,0
service_7,service_66,udp,38.85,4043.98,0.1,0
service_39,service_8,udp,18.82,5521.98,0.21,0
service_42,service_68,tcp,45.33,6009.06,0.22,0
service_81,service_98,tcp,71.91,5483.69,2.72,1
service_62,service_24,udp,23.04,4929.02,0.36,0
service_60,service_64,grpc,28.06,1860.92,0.18,0
service_94,service_70,grpc,30.73,2524.86,0.28,0
service_59,service_28,http,31.27,5160.44,0.22,0
service_18,service_61,grpc,67.26,5588.88,1.07,0
service_35,service_94,udp,62.17,2973.86,0.21,0
service_53,service_39,udp,41.66,6845.55,0.89,0
service_11,service_60,http,31.51,393.58,0.98,0
service_25,service_7,grpc,33.47,158.79,0.62,0
service_40,service_71,http,54.61,1600.18,0.38,0
service_40,service_43,tcp,72.95,4238.44,0.12,0
service_19,service_60,grpc,23.99,2480.63,0.01,0
service_79,service_72,tcp,31.68,5751.33,0.81,0
service_66,service_57,tcp,22.78,5612.15,1.2,0
service_14,service_56,http,34.01,5265.24,0.12,0
service_85,service_93,tcp,0.37,1495.74,0.12,0
service_40,service_87,udp,71.27,5181.41,0.04,0
service_96,service_23,udp,55.7,4949.4,0.49,0
service_84,service_34,tcp,29.68,1061.49,0.31,0
service_54,service_27,http,31.0,4153.69,0.16,0
service_37,service_70,http,51.24,4914.8,1.41,0
service_60,service_90,http,7.62,6188.75,0.69,0
service_30,service_77,http,35.69,1986.65,0.32,0
service_51,service_37,http,18.09,2853.26,0.18,0
service_91,service_44,grpc,7.16,6750.22,0.08,0
service_23,service_78,tcp,29.88,230.51,0.6,0
service_85,service_21,grpc,23.89,7542.85,0.91,0
service_82,service_89,tcp,25.57,699.47,0.32,0
service_41,service_76,http,59.19,3704.86,0.13,0
service_5,service_4,udp,15.61,6704.42,0.06,0
service_49,service_45,udp,31.75,3112.06,1.72,0
service_31,service_30,tcp,51.06,6150.76,1.64,0
service_2,service_92,tcp,3.27,3234.07,0.67,0
service_11,service_54,grpc,16.39,5935.54,0.21,0
service_32,service_10,tcp,47.5,6375.84,0.25,0
service_6,service_94,tcp,46.07,342.96,0.72,0
service_34,service_81,tcp,41.51,5409.94,0.06,0
service_12,service_52,grpc,31.88,4555.48,0.08,0
service_19,service_16,tcp,76.78,7158.66,0.63,0
service_74,service_53,udp,16.48,5910.39,0.01,0
service_59,service_99,http,59.11,7156.64,0.04,0
service_23,service_99,http,13.32,2570.23,0.31,0
service_51,service_45,udp,14.34,6877.59,0.56,0
service_65,service_63,http,6.22,7113.95,0.33,0
service_60,service_65,tcp,65.94,1660.76,0.3,0
service_12,service_44,udp,14.34,560.54,0.04,0
service_35,service_68,grpc,16.21,6604.69,0.0,0
service_42,service_97,tcp,11.65,4281.7,0.27,0
service_51,service_71,grpc,32.09,4382.58,0.08,0
service_62,service_49,http,81.67,2331.63,1.21,0
service_85,service_76,udp,36.17,4948.5,0.38,0
service_69,service_51,udp,25.14,1483.08,0.4,0
service_25,service_57,http,23.67,2422.97,0.58,0
service_90,service_100,tcp,34.06,1197.57,0.24,0
service_2,service_46,http,22.78,4480.56,0.23,0
service_100,service_80,grpc,10.79,7950.78,0.47,0
service_54,service_6,tcp,13.71,4597.43,0.44,0
service_32,service_19,grpc,16.19,4268.19,0.53,0
service_16,service_90,grpc,63.81,2185.98,0.07,0
service_56,service_82,tcp,16.51,7174.06,0.61,0
service_16,service_66,tcp,34.03,5279.47,0.13,0
service_66,service_24,http,82.1,4557.74,0.95,0
service_23,service_47,http,25.0,5712.48,0.15,0
service_90,service_58,grpc,29.15,3436.69,0.91,0
service_19,service_97,udp,10.07,7134.63,0.09,0
service_53,service_85,tcp,21.11,3364.21,1.23,0
service_79,service_69,grpc,46.3,4171.85,0.09,0
service_92,service_50,udp,42.63,5997.75,0.24,0
service_62,service_100,http,28.86,7030.03,0.26,0
service_45,service_12,udp,142.53,2247.41,0.51,1
service_31,service_64,udp,26.05,2178.54,1.45,0
service_61,service_85,http,8.41,7524.76,0.39,0
service_93,service_12,udp,22.61,5545.11,0.0,0
service_38,service_89,tcp,45.4,3138.24,0.71,0
service_94,service_54,tcp,12.61,3890.5,0.42,0
service_6,service_81,tcp,43.91,1094.23,0.72,0
service_84,service_27,udp,7.24,152.73,0.12,0
service_54,service_92,grpc,102.62,5116.68,0.2,1
service_84,service_72,grpc,78.29,2604.66,0.74,0
service_27,service_39,http,42.36,1326.31,0.23,0
service_60,service_94,tcp,55.04,7118.4,0.02,0
service_5,service_3,tcp,29.85,1346.74,0.05,0
service_66,service_79,tcp,32.44,3923.57,0.73,0
service_11,service_95,udp,8.76,7875.3,1.22,0
service_77,service_37,udp,45.78,979.44,0.22,0
service_67,service_1,grpc,41.48,7788.42,1.81,0
service_20,service_77,grpc,23.04,7928.54,0.14,0
service_79,service_22,http,18.49,3551.63,1.02,0
service_47,service_50,udp,25.9,3516.41,0.76,0
service_66,service_87,tcp,40.74,1450.27,0.74,0
service_59,service_58,http,44.81,4623.83,0.02,0
service_26,service_15,grpc,71.3,6975.03,1.98,0
service_43,service_67,http,27.49,1362.11,1.11,0
service_49,service_59,udp,38.58,7032.57,0.55,0
service_29,service_52,tcp,60.7,3493.01,1.15,0
service_64,service_75,http,34.81,3918.79,0.41,0
service_75,service_50,http,36.31,7461.34,0.89,0
service_31,service_44,grpc,60.01,7095.05,0.05,0
service_69,service_53,udp,19.78,1595.35,0.52,0
service_14,service_48,udp,35.22,4258.94,0.11,0
service_37,service_33,udp,42.83,64.59,0.11,0
service_58,service_74,http,18.63,7764.05,0.0,0
service_67,service_29,http,100.55,3550.89,0.14,1
service_33,service_96,grpc,22.9,4348.48,0.87,0
service_83,service_12,http,18.71,2413.22,0.28,0
service_97,service_71,http,27.74,4409.78,0.75,0
service_81,service_94,tcp,75.83,1794.88,0.45,0
service_49,service_18,tcp,87.12,5265.12,0.2,0
service_4,service_76,grpc,42.93,442.79,0.35,0
service_23,service_2,grpc,16.98,127.41,0.87,0
service_75,service_22,udp,36.26,3116.63,0.32,0
service_34,service_28,grpc,9.47,6445.55,0.62,0
service_73,service_74,udp,43.5,5673.59,0.1,0
service_42,service_86,grpc,30.11,3865.53,1.68,0
service_21,service_43,grpc,65.6,7927.16,0.06,0
service_77,service_41,udp,85.63,749.43,0.05,0
service_15,service_69,http,39.15,3434.61,0.02,0
service_22,service_12,http,47.27,7149.1,0.11,0
service_99,service_1,http,40.43,6545.49,1.02,0
service_43,service_79,grpc,34.34,1557.63,0.23,0
service_70,service_48,http,81.82,5973.68,1.8,0
service_16,service_45,tcp,18.3,3151.21,0.1,0
service_92,service_74,grpc,22.63,4041.83,0.02,0
service_62,service_8,tcp,71.13,46.8,0.28,0
service_100,service_85,grpc,67.04,6229.66,0.17,0
service_89,service_56,tcp,53.62,16.38,1.14,0
service_97,service_56,tcp,17.26,4120.88,0.65,0
service_65,service_12,tcp,52.83,7961.77,1.78,0
service_74,service_95,tcp,73.26,2733.49,0.28,0
service_32,service_88,grpc,90.66,5565.14,0.0,0
service_69,service_81,udp,54.62,1439.34,0.33,0
service_31,service_50,grpc,33.99,3355.18,0.32,0
service_83,service_28,tcp,20.9,3950.85,0.24,0
service_49,service_4,tcp,35.44,3331.98,0.2,0
service_45,service_64,grpc,13.84,5802.22,0.56,0
service_65,service_26,grpc,18.36,2547.99,0.02,0
service_43,service_10,tcp,49.16,1825.08,0.36,0
service_55,service_32,tcp,38.36,1042.69,0.71,0
service_36,service_64,tcp,17.64,7697.85,0.05,0
service_95,service_87,tcp,30.79,4865.45,0.24,0
service_94,service_82,http,13.8,4222.06,0.02,0
service_70,service_54,udp,21.96,7805.85,0.2,0
service_48,service_56,udp,24.71,7271.38,0.46,0
service_20,service_32,grpc,28.52,1850.18,1.57,0
service_38,service_7,grpc,111.71,2901.0,0.07,1
service_28,service_3,udp,38.05,3635.8,0.3,0
service_75,service_8,tcp,60.84,4854.15,1.13,0
service_92,service_99,tcp,48.63,4350.05,0.68,0
service_31,service_100,udp,33.05,6708.61,0.04,0
service_69,service_98,grpc,26.37,5137.48,0.1,0
service_100,service_29,tcp,18.19,1737.23,0.32,0
service_69,service_91,tcp,57.48,6400.81,0.29,0
service_56,service_10,tcp,40.73,1121.13,0.78,0
service_53,service_62,http,93.25,7518.07,0.86,0
service_27,service_21,grpc,6.66,7346.17,0.23,0
service_8,service_40,grpc,2.79,5259.0,0.04,0
service_2,service_15,http,75.81,2118.38,0.04,0
service_76,service_73,tcp,5.5,7113.97,1.0,0
service_58,service_61,http,123.76,7100.09,0.13,1
service_2,service_40,tcp,26.32,3480.31,0.17,0
service_89,service_75,http,47.44,7939.84,0.39,0
service_93,service_87,http,41.85,7472.72,0.56,0
service_33,service_62,tcp,49.28,2408.09,0.39,0
service_36,service_89,http,76.91,2653.91,0.22,0
service_70,service_24,udp,24.78,4858.46,0.02,0
service_100,service_26,udp,20.65,5702.18,0.03,0
service_2,service_80,http,12.58,2842.11,0.25,0
service_8,service_63,tcp,72.12,3400.68,0.2,0
service_85,service_40,udp,5.64,1638.39,0.43,0
service_69,service_6,http,34.42,6759.09,0.53,0
service_70,service_87,tcp,23.56,2513.19,0.45,0
service_27,service_49,grpc,9.91,4814.37,0.78,0
service_57,service_60,grpc,13.88,7063.33,0.56,0
service_33,service_70,tcp,66.91,1850.69,0.84,0
service_13,service_16,grpc,28.7,262.83,0.86,0
service_22,service_39,http,36.37,3215.17,0.84,0
service_81,service_20,http,73.37,2741.51,0.77,0
service_18,service_77,grpc,72.58,3138.04,0.07,0
service_78,service_23,http,8.82,5898.69,0.08,0
service_66,service_51,grpc,12.37,4965.82,1.39,0
service_67,service_94,http,76.38,4081.63,1.05,0
service_26,service_47,udp,12.08,2460.75,0.3,0
service_78,service_81,udp,121.21,7291.75,1.13,1
service_36,service_60,udp,24.03,4773.98,0.64,0
service_78,service_37,http,43.77,889.03,0.25,0
service_88,service_50,udp,45.53,3163.68,0.11,0
service_32,service_4,http,55.1,1869.93,1.26,0
service_6,service_67,http,2.87,6814.06,0.05,0
service_30,service_99,http,11.55,2171.89,1.2,0
service_12,service_18,http,30.37,6409.14,2.97,1
service_94,service_25,grpc,65.81,6688.74,0.15,0
service_77,service_86,tcp,113.27,4746.31,0.04,1
service_91,service_84,http,5.58,7321.35,0.1,0
service_96,service_41,http,31.32,3388.49,0.18,0
service_40,service_34,udp,45.58,2524.52,0.39,0
service_66,service_20,udp,4.65,4282.76,0.36,0
service_76,service_24,tcp,21.67,4822.5,2.47,1
service_2,service_95,tcp,78.07,1520.58,0.46,0
service_57,service_74,udp,32.2,5603.21,0.02,0
service_23,service_48,http,49.96,4141.93,1.2,0
service_22,service_23,http,45.26,3405.0,1.07,0
service_80,service_68,udp,38.12,7476.18,0.07,0
service_59,service_91,grpc,47.89,7707.73,0.02,0
service_58,service_99,udp,42.57,307.61,0.52,0
service_54,service_10,http,18.63,2747.27,0.2,0
service_21,service_32,http,74.65,4186.0,0.95,0
service_90,service_97,grpc,78.28,3613.91,0.14,0
service_11,service_70,udp,12.65,213.5,0.11,0
service_51,service_55,grpc,36.32,6989.43,0.32,0
service_16,service_20,tcp,14.08,7773.89,0.54,0
service_89,service_21,tcp,28.97,6034.89,0.21,0
service_85,service_92,tcp,22.72,7714.73,0.36,0
service_55,service_20,grpc,33.89,1398.47,0.27,0
service_89,service_18,grpc,59.61,6096.32,0.17,0
service_60,service_74,udp,12.27,6470.87,0.84,0
service_83,service_95,udp,25.66,540.13,0.64,0
service_5,service_13,udp,19.36,5505.98,0.54,0
service_34,service_80,grpc,9.64,1944.53,0.03,0
service_50,service_57,tcp,23.53,6907.08,0.13,0
service_5,service_56,grpc,8.09,1388.31,0.27,0
service_60,service_50,udp,10.24,5756.44,1.44,0
service_57,service_75,grpc,77.01,6485.75,0.4,0
service_22,service_67,http,6.8,3020.51,0.34,0
service_69,service_99,http,8.44,3328.86,0.3,0
service_27,service_96,udp,78.97,5248.9,0.59,0
service_15,service_19,udp,13.07,2761.38,0.16,0
service_28,service_39,tcp,6.76,5264.11,0.53,0
service_63,service_98,udp,1.98,7123.55,0.02,0
service_49,service_90,udp,18.44,6650.97,0.08,0
service_98,service_59,grpc,46.89,3003.74,0.12,0
service_55,service_11,udp,22.2,5642.08,0.27,0
service_19,service_34,udp,69.06,4666.02,0.6,0
service_32,service_97,grpc,18.04,3019.19,0.12,0
service_84,service_36,udp,85.41,5001.65,1.13,0
service_29,service_55,http,19.8,7821.33,0.73,0
service_28,service_41,grpc,37.12,1381.58,0.4,0
service_94,service_8,tcp,70.84,5033.16,0.04,0
service_66,service_3,http,17.78,2277.27,0.49,0
service_34,service_3,grpc,45.16,1905.42,0.12,0
service_3,service_5,udp,19.8,51.96,0.27,0
service_40,service_84,udp,37.74,4895.44,0.75,0
service_70,service_57,udp,72.72,6853.68,0.03,0
service_36,service_84,tcp,64.54,1619.85,0.48,0
service_67,service_49,http,18.2,5382.26,0.2,0
service_58,service_62,http,6.23,4798.77,1.47,0
service_67,service_49,tcp,38.91,2485.83,0.45,0
service_65,service_51,tcp,24.56,5199.62,0.24,0
service_64,service_61,tcp,45.0,3331.5,0.45,0
service_68,service_29,http,7.63,1345.04,0.19,0
service_9,service_18,tcp,21.97,6480.41,0.01,0
service_53,service_35,grpc,72.5,5378.62,0.21,0
service_64,service_7,udp,116.93,4390.66,0.15,1
service_47,service_10,udp,27.68,2046.2,0.88,0
service_16,service_94,http,38.47,3736.51,0.22,0
service_5,service_76,udp,34.42,2475.33,0.51,0
service_43,service_82,udp,72.35,5836.52,0.17,0
service_45,service_54,tcp,87.73,6782.36,0.75,0
service_18,service_54,grpc,31.5,7939.69,0.44,0
service_34,service_70,udp,14.16,2904.1,0.02,0
service_16,service_17,grpc,30.91,3465.85,0.91,0
service_21,service_73,grpc,38.89,3682.36,0.26,0
service_82,service_84,tcp,19.11,7694.53,0.6,0
service_95,service_82,tcp,82.52,5821.1,0.27,0
service_5,service_86,udp,59.38,5186.24,0.37,0
service_39,service_70,http,4.67,7199.5,0.33,0
service_25,service_19,udp,12.55,4261.6,0.04,0
service_8,service_22,grpc,0.78,1243.25,0.71,0
service_55,service_45,udp,27.51,3271.38,0.17,0
service_64,service_61,grpc,42.03,3901.22,0.12,0
service_69,service_59,tcp,60.15,942.31,0.03,0
service_32,service_39,http,48.24,3424.56,0.66,0
service_70,service_66,tcp,24.38,1161.99,0.25,0
service_44,service_92,tcp,207.91,7548.61,0.17,1
service_32,service_18,grpc,16.7,3606.98,0.5,0
service_28,service_4,grpc,92.12,2774.65,0.21,0
service_57,service_75,tcp,12.18,5387.31,0.52,0
service_62,service_41,http,56.73,5409.93,2.08,1
service_91,service_2,http,49.79,2760.08,0.18,0
service_17,service_84,grpc,37.75,2371.46,0.89,0
service_19,service_27,udp,22.56,3578.54,0.03,0
service_82,service_41,grpc,66.64,6385.06,1.82,0
service_17,service_45,http,36.03,1187.8,0.07,0
service_86,service_95,grpc,22.75,520.34,0.32,0
service_32,service_82,tcp,17.67,3547.88,0.18,0
service_33,service_84,grpc,32.71,5162.56,0.77,0
service_67,service_55,tcp,14.86,221.95,0.24,0
service_29,service_86,http,32.66,5719.43,0.04,0
service_68,service_81,udp,34.8,1961.07,0.14,0
service_89,service_67,tcp,31.04,7001.0,0.68,0
service_23,service_20,http,39.99,4457.13,0.19,0
service_17,service_30,http,15.73,5118.92,0.55,0
service_96,service_42,http,76.9,4044.14,0.84,0
service_89,service_66,http,9.27,2438.73,0.43,0
service_52,service_59,http,60.15,691.71,2.0,0
service_4,service_58,grpc,12.87,288.63,0.04,0
service_33,service_70,grpc,26.61,1661.95,1.18,0
service_30,service_20,udp,78.84,5121.91,0.14,0
service_19,service_16,http,8.21,3412.69,0.2,0
service_83,service_45,tcp,27.85,5186.56,0.89,0
service_54,service_86,udp,34.84,1114.23,0.1,0
service_41,service_2,http,33.49,4897.28,0.25,0
service_3,service_55,udp,74.82,1289.29,0.03,0
service_44,service_82,http,48.48,7622.65,0.09,0
service_47,service_30,http,45.84,3747.29,0.18,0
service_15,service_83,udp,71.63,4409.35,0.05,0
service_55,service_84,http,2.64,581.45,0.67,0
service_90,service_4,tcp,1.92,5430.55,0.11,0
service_28,service_62,tcp,45.69,6579.84,1.01,0
service_42,service_55,grpc,36.24,6303.0,0.0,0
service_2,service_61,grpc,40.7,7366.88,0.67,0
service_65,service_83,http,14.25,665.79,0.51,0
service_4,service_41,grpc,31.13,2291.05,0.37,0
service_23,service_16,grpc,146.26,5260.22,0.68,1
service_8,service_19,tcp,64.77,2878.83,0.21,0
service_13,service_55,tcp,9.93,6629.94,0.74,0
service_47,service_2,tcp,26.33,3228.76,0.15,0
service_67,service_4,udp,32.19,1571.02,1.37,0
service_4,service_97,tcp,12.89,75.89,0.14,0
service_6,service_73,grpc,9.97,7848.24,0.25,0
service_21,service_83,tcp,10.64,29.88,0.15,0
service_85,service_5,grpc,10.52,5982.43,0.52,0
service_9,service_87,http,51.34,6994.82,0.24,0
service_55,service_26,http,42.77,3303.45,0.75,0
service_87,service_76,http,46.37,7245.27,0.17,0
service_7,service_49,udp,21.98,5180.73,0.48,0
service_59,service_70,http,5.23,4799.77,0.86,0
service_41,service_51,http,22.18,6278.32,0.29,0
service_74,service_62,http,18.51,3355.69,0.44,0
service_4,service_31,http,33.62,2282.68,0.07,0
service_47,service_84,udp,10.4,525.17,0.58,0
service_41,service_77,tcp,17.17,3468.41,0.2,0
service_11,service_76,http,37.91,7127.41,0.14,0
service_12,service_11,http,7.29,5843.91,0.4,0
service_93,service_71,udp,69.06,210.65,0.24,0
service_6,service_41,tcp,11.18,3884.41,1.99,0
service_78,service_91,grpc,75.06,5200.61,0.03,0
service_1,service_31,grpc,28.51,3368.11,0.87,0
service_90,service_26,grpc,15.28,3890.49,0.93,0
service_33,service_93,tcp,28.34,4083.54,0.57,0
service_67,service_3,http,11.02,5434.12,0.08,0
service_88,service_79,tcp,9.02,5291.34,0.66,0
service_44,service_24,tcp,11.23,2905.34,0.27,0
service_12,service_29,http,68.89,2385.57,0.46,0
service_66,service_96,tcp,30.12,2017.96,0.24,0
service_8,service_94,tcp,9.08,5422.94,0.71,0
service_100,service_97,udp,41.34,7059.6,0.21,0
service_41,service_72,http,79.15,4138.67,0.08,0
service_7,service_56,udp,31.45,7125.86,0.42,0
service_83,service_94,udp,53.42,6003.81,1.47,0
service_39,service_19,udp,82.73,6482.82,0.8,0
service_68,service_31,grpc,42.99,3872.97,1.22,0
service_28,service_50,udp,12.64,4371.61,0.18,0
service_96,service_22,tcp,4.56,2099.9,0.31,0
service_5,service_72,grpc,48.0,4889.37,0.15,0
service_81,service_48,tcp,33.38,2158.28,0.0,0
service_97,service_53,http,4.76,2085.11,0.07,0
service_26,service_27,grpc,13.39,7630.26,0.94,0
service_61,service_96,udp,24.12,91.64,0.13,0
service_54,service_6,grpc,21.88,2547.93,2.56,1
service_75,service_91,grpc,129.52,7714.37,0.87,1
service_85,service_7,grpc,41.17,566.4,0.28,0
service_19,service_88,grpc,55.54,2808.54,0.19,0
service_46,service_90,http,41.93,1887.32,1.79,0
service_77,service_8,udp,99.14,74.78,0.35,0
service_8,service_68,tcp,57.04,4869.24,0.46,0
service_57,service_31,udp,52.9,6082.41,0.23,0
service_55,service_84,tcp,1.88,6414.39,0.52,0
service_37,service_24,grpc,20.96,2910.65,0.18,0
service_37,service_33,tcp,55.7,5377.64,1.13,0
service_13,service_55,udp,57.97,1980.34,0.14,0
service_20,service_51,grpc,29.35,879.42,1.08,0
service_66,service_78,udp,15.72,3546.49,0.07,0
service_66,service_50,http,107.83,3330.21,1.47,1
service_42,service_52,http,83.38,582.23,0.43,0
service_27,service_39,http,22.83,442.13,0.95,0
service_27,service_41,udp,19.18,2362.1,0.14,0
service_17,service_99,udp,20.61,1572.9,0.26,0
service_46,service_57,grpc,29.93,4963.74,0.3,0
service_68,service_79,grpc,62.61,4746.97,2.1,1
service_56,service_87,udp,49.45,1557.18,0.89,0
service_8,service_57,tcp,41.61,4237.03,0.49,0
service_45,service_87,udp,11.78,7131.79,0.17,0
service_36,service_57,udp,38.82,131.03,0.45,0
service_21,service_39,udp,35.65,7972.72,0.26,0
service_84,service_78,tcp,18.19,6264.17,0.08,0
service_91,service_47,udp,34.17,6486.92,0.26,0
service_50,service_64,udp,37.04,7123.59,0.09,0
service_35,service_61,http,29.16,2756.7,1.88,0
service_21,service_22,grpc,22.15,2797.84,1.38,0
service_52,service_72,tcp,18.19,3743.36,1.09,0
service_95,service_49,udp,78.7,5681.6,0.24,0
service_99,service_73,udp,0.85,7282.67,0.16,0
service_83,service_67,grpc,23.85,5409.21,0.04,0
service_67,service_100,grpc,101.0,171.07,0.17,1
service_18,service_88,http,34.33,7802.97,0.02,0
service_8,service_64,http,8.95,1492.65,0.1,0
service_93,service_19,http,41.7,2796.04,0.17,0
service_76,service_32,tcp,87.25,991.83,0.23,0
service_19,service_14,grpc,43.87,6341.93,0.06,0
service_95,service_79,grpc,32.06,2120.29,0.07,0
service_69,service_6,udp,17.57,7294.11,0.25,0
service_86,service_45,grpc,25.6,1582.77,0.27,0
service_7,service_65,tcp,8.05,4623.23,1.19,0
service_39,service_36,http,67.85,2513.45,0.16,0
service_13,service_100,udp,37.63,3027.7,1.75,0
service_58,service_72,http,46.74,6665.61,0.31,0
service_8,service_77,http,55.42,3833.26,0.37,0
service_60,service_49,grpc,53.32,6626.33,1.33,0
service_77,service_14,grpc,99.62,157.09,1.07,0
service_94,service_10,udp,23.0,1217.18,0.05,0
service_5,service_95,grpc,10.81,5810.78,0.61,0
service_50,service_6,udp,37.91,618.4,0.65,0
service_49,service_50,http,26.4,1987.47,1.39,0
service_73,service_4,tcp,49.91,7619.22,0.76,0
service_92,service_38,grpc,35.46,3807.04,1.5,0
service_2,service_91,http,22.06,6625.87,0.32,0
service_11,service_88,udp,6.74,5342.63,0.42,0
service_66,service_88,udp,6.39,2426.8,0.43,0
service_13,service_2,tcp,16.01,1423.21,0.54,0
service_53,service_70,udp,40.13,7818.94,1.17,0
service_36,service_12,http,58.37,6595.72,2.66,1
service_3,service_54,tcp,9.69,4498.56,0.48,0
service_86,service_70,grpc,6.41,7416.1,0.32,0
service_66,service_59,tcp,58.65,6713.12,0.91,0
service_33,service_100,grpc,23.42,2207.77,0.16,0
service_17,service_77,tcp,26.72,7549.16,0.28,0
service_63,service_26,http,51.0,6028.22,0.31,0
service_17,service_41,udp,8.22,1478.69,0.1,0
service_6,service_83,udp,17.53,3505.95,0.21,0
service_97,service_22,http,24.2,7095.39,0.38,0
service_12,service_36,udp,19.11,98.52,0.71,0
service_48,service_95,tcp,19.02,6480.81,0.04,0
service_3,service_4,http,67.32,4963.54,0.51,0
service_6,service_81,udp,24.68,3859.44,1.67,0
service_27,service_31,http,17.28,5136.81,0.61,0
service_18,service_34,udp,4.02,675.83,0.04,0
service_100,service_52,grpc,37.63,1158.41,0.23,0
service_88,service_74,http,32.0,389.18,0.06,0
service_7,service_65,tcp,57.66,1951.53,0.0,0
service_85,service_24,grpc,61.3,5573.53,0.12,0
service_44,service_73,http,34.9,5462.2,0.35,0
service_94,service_44,http,33.31,4956.23,0.9,0
service_14,service_53,tcp,23.65,2418.2,0.67,0
service_4,service_47,http,58.11,6580.49,0.1,0
service_52,service_41,tcp,37.14,5819.47,0.17,0
service_41,service_59,http,19.48,4979.12,0.58,0
service_22,service_87,http,7.54,1592.12,0.1,0
service_56,service_71,udp,34.45,3912.38,0.67,0
service_88,service_96,http,28.59,1041.35,0.07,0
service_34,service_18,udp,4.92,6517.2,0.27,0
service_65,service_64,grpc,90.4,7002.26,0.27,0
service_21,service_15,http,33.5,3815.62,0.06,0
service_50,service_40,udp,18.93,6509.32,0.26,0
service_100,service_66,http,30.01,6435.98,0.04,0
service_38,service_8,http,123.71,57.53,0.14,1
service_87,service_25,http,67.67,6746.57,0.46,0
service_76,service_4,grpc,9.54,834.44,0.04,0
service_12,service_68,grpc,14.36,3961.94,0.04,0
service_75,service_81,http,50.78,2151.11,0.12,0
service_30,service_84,grpc,70.14,3987.46,0.2,0
service_62,service_29,udp,111.38,3020.28,0.32,1
service_24,service_41,udp,15.92,16.88,1.49,0
service_11,service_13,udp,50.8,4018.09,0.64,0
service_27,service_31,http,21.81,5928.86,2.67,1
service_2,service_19,udp,3.37,1555.67,1.08,0
service_31,service_91,grpc,58.24,4338.49,0.75,0
service_93,service_53,tcp,46.43,5871.74,0.53,0
service_54,service_38,tcp,25.49,3893.69,0.31,0
service_48,service_5,udp,91.01,2101.27,0.97,0
service_32,service_93,udp,20.9,4741.91,3.54,1
service_46,service_75,grpc,8.03,2928.83,0.04,0
service_39,service_27,grpc,23.22,2518.09,0.04,0
service_69,service_43,udp,60.73,7322.11,1.65,0
service_86,service_40,udp,19.78,7063.56,2.68,1
service_38,service_22,grpc,51.4,360.75,0.59,0
service_99,service_69,udp,45.16,7554.68,0.84,0
service_40,service_69,tcp,11.52,4252.75,0.28,0
service_32,service_75,udp,24.61,3627.25,0.3,0
service_13,service_74,udp,38.45,6500.98,0.24,0
service_87,service_6,http,71.13,6157.14,0.33,0
service_62,service_9,http,8.66,6913.37,1.33,0
service_88,service_36,http,53.57,2827.05,0.93,0
service_56,service_98,http,43.92,2464.87,0.94,0
service_1,service_20,tcp,64.46,3189.33,0.0,0
service_35,service_57,udp,34.71,3028.85,0.16,0
service_77,service_90,udp,46.21,7471.13,0.16,0
service_84,service_29,grpc,5.64,651.25,0.06,0
service_99,service_91,http,57.94,7219.83,0.06,0
service_14,service_27,tcp,19.83,2391.31,0.31,0
service_42,service_25,grpc,42.35,4330.54,0.48,0
service_52,service_10,grpc,50.74,6939.06,0.6,0
service_49,service_62,udp,25.98,1577.14,0.39,0
service_57,service_35,udp,27.35,4484.07,0.11,0
service_81,service_72,http,24.84,4150.21,0.19,0
service_59,service_17,http,56.99,6631.62,2.13,1
service_22,service_95,tcp,21.09,5839.64,0.0,0
service_50,service_67,http,0.18,2989.4,1.13,0
service_8,service_43,grpc,62.1,5578.82,0.43,0
service_92,service_66,grpc,44.78,7823.55,0.03,0
service_82,service_52,grpc,104.12,1636.71,0.2,1
service_13,service_55,tcp,38.65,5425.67,1.04,0
service_24,service_60,tcp,84.35,1194.69,0.3,0
service_5,service_45,grpc,39.5,3139.28,0.85,0
service_57,service_40,grpc,14.95,4779.32,0.04,0
service_49,service_50,tcp,37.53,6199.78,0.72,0
service_58,service_6,http,52.83,4175.93,0.57,0
service_78,service_44,tcp,46.03,7138.07,0.02,0
service_42,service_74,grpc,53.7,2057.05,0.68,0
service_84,service_63,http,29.28,4602.96,0.13,0
service_16,service_10,udp,30.26,3053.36,0.39,0
service_38,service_65,udp,30.39,1125.19,0.14,0
service_26,service_88,grpc,40.08,4392.52,0.19,0
service_36,service_89,http,7.3,1960.95,0.63,0
service_30,service_73,tcp,48.44,6482.09,0.95,0
service_81,service_5,tcp,20.81,4468.03,0.03,0
service_15,service_60,tcp,40.42,3702.64,0.49,0
service_97,service_21,grpc,10.52,2803.95,0.0,0
service_69,service_68,tcp,98.05,1101.58,1.86,0
service_71,service_75,tcp,58.12,2108.69,0.19,0
service_66,service_53,grpc,26.2,2158.23,1.36,0
service_21,service_91,http,25.86,4458.61,0.17,0
service_59,service_57,udp,7.47,5932.79,1.13,0
service_97,service_70,grpc,36.77,4169.81,1.11,0
service_65,service_48,http,16.02,217.8,0.27,0
service_80,service_31,udp,39.43,6070.71,0.95,0
service_83,service_88,http,33.03,5454.32,0.4,0
service_75,service_36,udp,4.17,7652.02,0.24,0
service_53,service_83,http,49.76,4036.4,0.65,0
service_34,service_82,udp,8.33,7437.19,0.24,0
service_37,service_59,http,34.36,2902.67,1.3,0
service_38,service_93,http,39.18,5765.06,0.35,0
service_62,service_36,grpc,20.18,3238.0,0.17,0
service_87,service_24,udp,4.96,4870.11,0.41,0
service_59,service_75,http,42.57,2105.03,0.77,0
service_44,service_35,tcp,51.04,1149.88,0.49,0
service_11,service_74,grpc,77.88,6352.38,0.01,0
service_55,service_93,http,61.58,1864.18,0.14,0
service_19,service_3,http,76.49,2585.12,0.2,0
service_69,service_97,udp,16.0,5521.01,0.09,0
service_49,service_42,grpc,27.54,5408.02,0.59,0
service_74,service_6,http,35.39,857.09,0.79,0
service_93,service_56,grpc,3.45,2635.86,0.61,0
service_59,service_4,http,39.2,660.39,0.23,0
service_51,service_85,tcp,65.21,6809.32,0.87,0
service_69,service_54,udp,27.01,4200.58,0.14,0
service_51,service_22,http,57.6,4117.39,0.67,0
service_65,service_26,tcp,29.32,6276.07,0.99,0
service_28,service_97,grpc,31.37,5124.32,0.21,0
service_58,service_81,udp,97.1,5538.33,2.09,1
service_63,service_81,tcp,36.12,5061.32,0.57,0
service_96,service_69,grpc,52.95,4546.32,0.83,0
service_67,service_81,tcp,47.38,984.99,0.19,0
service_68,service_99,udp,80.34,479.13,0.28,0
service_61,service_6,http,24.48,184.44,0.13,0
service_18,service_88,udp,37.83,3167.65,0.47,0
service_63,service_10,udp,15.5,4529.06,0.0,0
service_76,service_52,udp,44.31,7508.48,0.3,0
service_19,service_29,tcp,113.47,1514.34,0.39,1
service_6,service_49,tcp,39.81,2021.37,0.35,0
service_11,service_77,udp,5.38,2960.88,0.11,0
service_69,service_47,tcp,8.97,7330.21,1.1,0
service_45,service_24,http,13.51,3253.45,0.2,0
service_19,service_40,tcp,30.17,7149.81,0.61,0
service_64,service_50,tcp,45.53,3687.09,0.8,0
service_38,service_29,tcp,34.68,6934.66,0.23,0
service_99,service_32,udp,4.92,838.72,1.07,0
service_38,service_68,grpc,21.61,4383.78,0.21,0
service_12,service_69,grpc,4.95,4444.2,0.18,0
service_16,service_43,http,57.58,1088.34,0.17,0
service_25,service_95,udp,9.16,7023.26,0.73,0
service_83,service_52,http,9.07,5201.05,1.18,0
service_60,service_17,grpc,41.42,4675.45,0.14,0
service_91,service_16,grpc,37.66,779.24,0.49,0
service_75,service_29,udp,55.09,632.82,0.18,0
service_77,service_1,http,25.8,5876.71,0.39,0
service_43,service_53,grpc,30.47,5512.41,0.84,0
service_77,service_32,udp,26.28,791.56,0.23,0
service_41,service_28,udp,19.64,4318.98,0.13,0
service_37,service_64,grpc,11.46,2912.83,0.44,0
service_13,service_20,tcp,13.53,4321.74,0.5,0
service_26,service_7,grpc,41.03,64.0,1.79,0
service_41,service_33,udp,38.73,214.68,0.04,0
service_81,service_38,grpc,9.06,2685.23,0.37,0
service_3,service_77,http,4.45,599.02,0.11,0
service_85,service_58,http,63.59,3474.95,1.35,0
service_12,service_91,http,17.02,6707.51,1.21,0
service_78,service_92,http,49.07,1113.86,0.24,0
service_81,service_95,udp,42.32,4149.8,0.19,0
service_100,service_32,udp,18.27,3246.19,0.6,0
service_32,service_79,http,60.06,4875.02,0.3,0
service_66,service_22,tcp,40.32,1405.24,0.74,0
service_17,service_85,grpc,78.29,599.75,0.05,0
service_50,service_12,udp,23.88,5090.99,0.81,0
service_32,service_51,http,61.3,7632.68,0.5,0
service_56,service_46,grpc,10.08,746.14,0.89,0
service_71,service_62,tcp,45.16,267.66,0.14,0
service_54,service_100,tcp,4.5,6851.55,0.02,0
service_26,service_36,grpc,102.45,6008.38,0.09,1
service_3,service_52,grpc,63.46,3200.72,0.47,0
service_11,service_95,udp,63.83,3652.21,0.33,0
service_23,service_71,tcp,64.2,7529.72,0.15,0
service_95,service_60,grpc,42.59,4705.35,0.12,0
service_62,service_78,grpc,7.21,3844.62,1.26,0
service_56,service_75,udp,50.63,7138.12,0.18,0
service_83,service_79,udp,21.56,7770.76,0.09,0
service_47,service_75,tcp,12.79,6919.58,0.33,0
service_21,service_30,grpc,10.0,1799.1,0.06,0
service_34,service_65,grpc,23.99,6285.02,0.27,0
service_59,service_16,tcp,22.19,2347.04,0.09,0
service_60,service_73,grpc,98.62,2067.48,0.38,0
service_70,service_79,tcp,109.91,4900.4,0.75,1
service_96,service_37,udp,19.32,4467.46,0.54,0
service_12,service_57,grpc,18.48,5105.65,0.43,0
service_22,service_78,tcp,44.46,2219.92,0.73,0
service_49,service_35,grpc,24.11,428.64,0.22,0
service_6,service_3,udp,40.11,5750.7,0.01,0
service_64,service_95,grpc,29.81,779.68,0.8,0
service_18,service_62,udp,96.3,6241.22,0.65,0
service_25,service_78,grpc,33.26,6903.3,0.01,0
service_33,service_29,tcp,14.09,4969.52,0.48,0
service_76,service_79,grpc,39.33,4480.94,0.37,0
service_63,service_76,tcp,20.96,300.13,0.58,0
service_96,service_56,http,55.13,7994.43,0.35,0
service_9,service_58,udp,59.04,1070.19,1.13,0
service_48,service_100,grpc,57.4,5025.42,0.12,0
service_79,service_89,udp,80.37,5734.04,0.93,0
service_51,service_60,grpc,26.71,5558.79,1.15,0
service_14,service_72,grpc,39.27,1548.39,0.15,0
service_16,service_84,grpc,45.34,4876.24,1.02,0
service_27,service_61,tcp,73.46,7428.63,0.46,0
service_22,service_29,udp,24.85,4224.0,0.21,0
service_81,service_55,http,44.68,7210.29,1.46,0
service_11,service_44,grpc,16.23,6821.97,1.03,0
service_13,service_73,udp,60.37,6030.67,0.05,0
service_15,service_51,grpc,25.0,679.92,0.3,0
service_86,service_25,grpc,38.89,3762.34,0.72,0
service_7,service_20,grpc,66.66,5963.42,0.25,0
service_29,service_55,udp,107.0,7864.9,0.49,1
service_37,service_49,tcp,49.82,732.13,0.09,0
service_84,service_90,grpc,21.48,5000.96,0.5,0
service_86,service_52,http,14.15,2717.72,0.87,0
service_46,service_17,grpc,15.43,2533.78,1.02,0
service_12,service_2,udp,70.54,1994.58,1.23,0
service_66,service_17,tcp,11.64,5124.22,0.27,0
service_91,service_61,udp,30.56,5412.7,0.88,0
service_3,service_44,http,24.78,5954.29,0.52,0
service_13,service_93,http,12.38,6875.59,0.02,0
service_45,service_72,grpc,30.72,5231.71,0.18,0
service_89,service_14,udp,20.09,4328.96,1.3,0
service_87,service_9,http,19.55,380.24,0.63,0
service_83,service_26,udp,56.89,3239.26,0.35,0
service_60,service_14,udp,38.18,5635.4,1.42,0
service_89,service_32,http,58.98,2011.1,0.03,0
service_36,service_100,http,44.0,1437.49,0.2,0
service_21,service_41,udp,56.0,5208.69,0.31,0
service_61,service_89,http,12.96,3858.2,0.31,0
service_21,service_72,udp,6.43,5320.45,0.38,0
service_84,service_41,udp,29.36,3445.17,0.93,0
service_66,service_78,grpc,25.61,1263.14,1.11,0
service_25,service_24,tcp,30.31,2078.35,0.14,0
service_91,service_20,udp,55.79,1915.99,0.01,0
service_11,service_75,udp,36.69,1320.95,0.08,0
service_42,service_46,tcp,40.74,4607.83,0.08,0
service_92,service_56,grpc,49.32,7197.18,0.74,0
service_27,service_2,tcp,54.13,4254.03,0.52,0
service_42,service_45,grpc,3.8,6556.74,0.26,0
service_69,service_78,udp,60.97,7767.75,0.42,0
service_81,service_4,grpc,23.9,4660.21,0.32,0
service_48,service_33,udp,59.88,5942.75,0.51,0
service_54,service_19,grpc,43.12,4134.04,0.53,0
service_9,service_21,udp,101.8,4932.42,0.37,1
service_83,service_5,http,25.17,4466.15,0.02,0
service_37,service_97,tcp,15.59,6548.99,0.39,0
service_90,service_33,grpc,47.92,4190.23,0.35,0
service_74,service_33,http,19.78,798.17,0.79,0
service_24,service_49,udp,81.67,5390.53,0.71,0
service_85,service_83,udp,52.18,4525.62,0.08,0
service_18,service_61,http,109.02,306.17,0.3,1
service_17,service_49,udp,54.09,7661.84,2.32,1
service_46,service_3,grpc,48.48,7922.61,0.12,0
service_3,service_43,http,50.82,4277.28,0.44,0
service_24,service_54,grpc,19.36,5606.22,0.33,0
service_51,service_23,udp,48.69,2135.17,0.38,0
service_97,service_100,grpc,116.88,7046.67,0.02,1
service_39,service_72,grpc,46.69,5322.98,0.23,0
service_75,service_29,tcp,26.76,3685.86,0.22,0
service_13,service_2,http,7.88,6205.77,0.01,0
service_76,service_30,http,30.97,6477.12,0.25,0
service_95,service_9,http,5.9,1007.3,1.0,0
service_41,service_45,udp,35.04,337.04,0.15,0
service_79,service_8,http,104.56,7000.18,0.09,1
service_1,service_24,tcp,15.28,115.7,0.2,0
