timestamp,machine_id,cpu_usage_percent,memory_usage_percent,disk_io_rate,network_rx_bytes,network_tx_bytes
2026-09-27T10:00:00Z,node_1015,59.6,87.7,1917.0,3040936.0,9311357.0
2026-09-27T10:05:00Z,node_1046,87.1,24.3,12262.0,273264.0,4768306.0
2026-09-27T10:10:00Z,node_1023,12.6,87.1,13604.0,4990164.0,7414408.0
2026-09-27T10:15:00Z,node_1045,88.2,74.9,8273.0,850104.0,9662391.0
2026-09-27T10:20:00Z,node_1049,7.1,32.7,10770.0,3297258.0,6407481.0
2026-09-27T10:25:00Z,node_1037,11.1,79.3,7503.0,5006479.0,2994075.0
2026-09-27T10:30:00Z,node_1024,65.6,22.6,1991.0,230602.0,8390093.0
2026-09-27T10:35:00Z,node_1020,52.9,60.3,12213.0,8098470.0,7867098.0
2026-09-27T10:40:00Z,node_1001,54.4,29.4,953.0,8817179.0,5416265.0
2026-09-27T10:45:00Z,node_1026,85.3,38.7,12637.0,2919109.0,5818400.0
2026-09-27T10:50:00Z,node_1017,40.3,73.5,13461.0,6325348.0,6058769.0
2026-09-27T10:55:00Z,node_1026,25.0,83.9,3136.0,8815638.0,1900884.0
2026-09-27T11:00:00Z,node_1040,85.3,25.8,10104.0,7658296.0,6603686.0
2026-09-27T11:05:00Z,node_1024,94.7,30.4,2458.0,2723358.0,5742458.0
2026-09-27T11:10:00Z,node_1041,88.5,66.0,381.0,314725.0,452317.0
2026-09-27T11:15:00Z,node_1013,88.4,13.1,14187.0,9133321.0,143134.0
2026-09-27T11:20:00Z,node_1010,33.1,34.3,2180.0,7552288.0,4930153.0
2026-09-27T11:25:00Z,node_1001,43.8,14.7,9314.0,2788760.0,6473207.0
2026-09-27T11:30:00Z,node_1021,66.7,50.3,14694.0,8881979.0,2279863.0
2026-09-27T11:35:00Z,node_1049,49.1,34.1,7095.0,4827732.0,556096.0
2026-09-27T11:40:00Z,node_1009,76.4,26.7,13004.0,5947309.0,3980302.0
2026-09-27T11:45:00Z,node_1028,92.6,17.1,10002.0,2464233.0,7843110.0
2026-09-27T11:50:00Z,node_1036,17.5,24.7,11839.0,270656.0,3132796.0
2026-09-27T11:55:00Z,node_1013,35.2,92.3,1272.0,6912562.0,7815735.0
2026-09-27T12:00:00Z,node_1036,37.3,44.1,8642.0,1168835.0,2977985.0
2026-09-27T12:05:00Z,node_1021,38.9,66.4,4017.0,3487093.0,1448458.0
2026-09-27T12:10:00Z,node_1014,66.2,85.8,4952.0,1358530.0,4582112.0
2026-09-27T12:15:00Z,node_1049,23.4,30.2,4035.0,936890.0,9227552.0
2026-09-27T12:20:00Z,node_1042,57.8,26.2,6011.0,3760034.0,9965963.0
2026-09-27T12:25:00Z,node_1038,74.0,59.4,11091.0,5806898.0,4738444.0
2026-09-27T12:30:00Z,node_1037,60.4,57.8,224.0,8106750.0,763831.0
2026-09-27T12:35:00Z,node_1021,62.6,55.8,11092.0,3456099.0,3594997.0
2026-09-27T12:40:00Z,node_1010,52.6,67.5,5066.0,2104376.0,3332561.0
2026-09-27T12:45:00Z,node_1045,43.7,12.0,12256.0,755226.0,3313429.0
2026-09-27T12:50:00Z,node_1002,56.9,89.7,3162.0,6242043.0,802536.0
2026-09-27T12:55:00Z,node_1036,26.3,20.5,12812.0,1551477.0,4394373.0
2026-09-27T13:00:00Z,node_1032,41.7,79.4,2675.0,7628026.0,7248000.0
2026-09-27T13:05:00Z,node_1047,61.6,28.5,319.0,2509084.0,8109324.0
2026-09-27T13:10:00Z,node_1041,50.5,15.4,13557.0,2982278.0,1385645.0
2026-09-27T13:15:00Z,node_1018,94.9,93.2,2040.0,9797398.0,4316179.0
2026-09-27T13:20:00Z,node_1011,20.4,77.9,2210.0,2605207.0,1427015.0
2026-09-27T13:25:00Z,node_1038,29.6,87.2,12337.0,8469540.0,3068089.0
2026-09-27T13:30:00Z,node_1047,79.0,81.0,5622.0,3961398.0,7710788.0
2026-09-27T13:35:00Z,node_1033,50.7,24.5,5273.0,2334124.0,5217076.0
2026-09-27T13:40:00Z,node_1045,41.1,51.1,5446.0,5977975.0,1121150.0
2026-09-27T13:45:00Z,node_1007,22.5,34.7,1541.0,6144680.0,75857.0
2026-09-27T13:50:00Z,node_1041,66.6,84.1,11387.0,7764915.0,2551376.0
2026-09-27T13:55:00Z,node_1025,62.2,71.0,702.0,1702918.0,2864783.0
2026-09-27T14:00:00Z,node_1012,81.0,52.4,9909.0,2403749.0,9751528.0
2026-09-27T14:05:00Z,node_1015,31.2,73.9,8983.0,9922924.0,7164287.0
2026-09-27T14:10:00Z,node_1004,23.5,56.1,4935.0,7007265.0,3433698.0
2026-09-27T14:15:00Z,node_1043,27.7,34.3,5473.0,8867730.0,5678567.0
2026-09-27T14:20:00Z,node_1003,95.6,55.2,13514.0,4515815.0,3075813.0
2026-09-27T14:25:00Z,node_1040,52.0,42.8,7404.0,9374542.0,7284582.0
2026-09-27T14:30:00Z,node_1050,36.4,87.6,7964.0,6465432.0,1014657.0
2026-09-27T14:35:00Z,node_1050,75.3,21.4,10510.0,1655432.0,8733313.0
2026-09-27T14:40:00Z,node_1033,42.3,12.7,1024.0,5813220.0,3151683.0
2026-09-27T14:45:00Z,node_1028,49.5,10.7,6193.0,4775326.0,4263010.0
2026-09-27T14:50:00Z,node_1037,18.4,80.1,8007.0,3621242.0,1642066.0
2026-09-27T14:55:00Z,node_1002,73.3,89.5,9000.0,6707018.0,6902166.0
2026-09-27T15:00:00Z,node_1019,9.6,14.7,10869.0,4277212.0,3913391.0
2026-09-27T15:05:00Z,node_1032,8.0,60.6,12586.0,656535.0,4725087.0
2026-09-27T15:10:00Z,node_1012,10.7,65.5,6484.0,7537434.0,6310807.0
2026-09-27T15:15:00Z,node_1007,37.3,84.3,2506.0,3728111.0,1444618.0
2026-09-27T15:20:00Z,node_1020,49.6,25.7,8059.0,7171502.0,8854200.0
2026-09-27T15:25:00Z,node_1011,9.1,56.3,3602.0,1544153.0,8695307.0
2026-09-27T15:30:00Z,node_1010,94.1,77.4,12585.0,8947540.0,3562868.0
2026-09-27T15:35:00Z,node_1015,92.9,39.2,877.0,9128966.0,4471165.0
2026-09-27T15:40:00Z,node_1010,36.5,94.2,10920.0,4353013.0,7436685.0
2026-09-27T15:45:00Z,node_1014,96.7,27.4,2475.0,1490295.0,6017989.0
2026-09-27T15:50:00Z,node_1035,20.6,41.0,14604.0,7066746.0,5283273.0
2026-09-27T15:55:00Z,node_1026,35.9,73.0,13838.0,1018950.0,2785849.0
2026-09-27T16:00:00Z,node_1007,69.5,42.8,11847.0,5002918.0,2878326.0
2026-09-27T16:05:00Z,node_1047,91.5,47.6,138.0,6316712.0,9768404.0
2026-09-27T16:10:00Z,node_1038,50.0,81.5,10149.0,2677969.0,8693513.0
2026-09-27T16:15:00Z,node_1030,8.4,67.0,1862.0,7644507.0,8762382.0
2026-09-27T16:20:00Z,node_1011,32.2,43.1,6291.0,7786492.0,4233438.0
2026-09-27T16:25:00Z,node_1027,58.4,15.7,1767.0,7370294.0,5968626.0
2026-09-27T16:30:00Z,node_1021,13.1,81.6,995.0,5758241.0,5649123.0
2026-09-27T16:35:00Z,node_1028,87.6,54.7,13959.0,8478239.0,2389510.0
2026-09-27T16:40:00Z,node_1012,36.6,76.3,4785.0,5158792.0,4174570.0
2026-09-27T16:45:00Z,node_1005,50.9,89.1,14723.0,1016761.0,2143165.0
2026-09-27T16:50:00Z,node_1037,55.5,46.8,8087.0,9081146.0,1287428.0
2026-09-27T16:55:00Z,node_1018,98.8,84.1,8417.0,1001037.0,3277710.0
2026-09-27T17:00:00Z,node_1030,89.3,93.8,6816.0,3975620.0,9032843.0
2026-09-27T17:05:00Z,node_1024,55.7,46.3,14499.0,7218904.0,6122124.0
2026-09-27T17:10:00Z,node_1003,60.2,49.0,11866.0,5285659.0,4095870.0
2026-09-27T17:15:00Z,node_1035,38.4,91.9,5993.0,5854014.0,9507566.0
2026-09-27T17:20:00Z,node_1016,80.5,63.7,9394.0,9936564.0,4984980.0
2026-09-27T17:25:00Z,node_1016,66.4,16.3,5223.0,8120539.0,9152674.0
2026-09-27T17:30:00Z,node_1048,49.2,48.1,11627.0,4672739.0,4443938.0
2026-09-27T17:35:00Z,node_1023,16.8,14.4,1853.0,5596545.0,5276369.0
2026-09-27T17:40:00Z,node_1029,10.8,21.7,2991.0,435276.0,422020.0
2026-09-27T17:45:00Z,node_1039,41.5,47.8,2540.0,7405462.0,9028259.0
2026-09-27T17:50:00Z,node_1015,83.1,58.2,12506.0,9053467.0,7948699.0
2026-09-27T17:55:00Z,node_1013,14.1,88.9,14974.0,8537016.0,8397954.0
2026-09-27T18:00:00Z,node_1041,51.5,62.1,4669.0,7745463.0,5394421.0
2026-09-27T18:05:00Z,node_1024,97.9,77.7,9428.0,551841.0,8766762.0
2026-09-27T18:10:00Z,node_1032,97.6,81.2,1892.0,3063197.0,5702571.0
2026-09-27T18:15:00Z,node_1026,52.7,22.6,107.0,4102773.0,716527.0
2026-09-27T18:20:00Z,node_1026,14.7,49.1,3868.0,3076473.0,4745793.0
2026-09-27T18:25:00Z,node_1038,76.9,58.1,3191.0,5768145.0,1359114.0
2026-09-27T18:30:00Z,node_1016,92.1,38.9,14219.0,2946331.0,9817116.0
2026-09-27T18:35:00Z,node_1048,78.4,69.3,14872.0,9078103.0,4679106.0
2026-09-27T18:40:00Z,node_1041,57.0,20.5,9886.0,597416.0,4620696.0
2026-09-27T18:45:00Z,node_1008,90.9,12.1,8658.0,589134.0,9876786.0
2026-09-27T18:50:00Z,node_1026,62.1,92.2,1877.0,900338.0,1842815.0
2026-09-27T18:55:00Z,node_1041,67.2,88.4,4557.0,3119952.0,2630988.0
2026-09-27T19:00:00Z,node_1029,88.9,31.0,7288.0,6775267.0,3864843.0
2026-09-27T19:05:00Z,node_1036,12.5,74.8,3482.0,7725199.0,6668970.0
2026-09-27T19:10:00Z,node_1047,77.4,88.5,10069.0,1137.0,9215981.0
2026-09-27T19:15:00Z,node_1014,59.8,36.1,4538.0,1507812.0,7336551.0
2026-09-27T19:20:00Z,node_1046,25.8,82.7,1317.0,8743628.0,5883736.0
2026-09-27T19:25:00Z,node_1014,43.9,70.4,948.0,3998390.0,9024409.0
2026-09-27T19:30:00Z,node_1025,20.7,38.7,6074.0,5079066.0,9110159.0
2026-09-27T19:35:00Z,node_1017,6.8,81.7,8155.0,9489948.0,3453578.0
2026-09-27T19:40:00Z,node_1035,98.6,34.4,515.0,8180224.0,9692759.0
2026-09-27T19:45:00Z,node_1047,13.4,57.1,10309.0,9439463.0,8564603.0
2026-09-27T19:50:00Z,node_1001,51.3,71.3,7520.0,2991654.0,5353832.0
2026-09-27T19:55:00Z,node_1004,96.1,68.3,2659.0,8760678.0,9921461.0
2026-09-27T20:00:00Z,node_1020,18.9,28.6,10537.0,9882056.0,6901369.0
2026-09-27T20:05:00Z,node_1012,10.3,72.7,11287.0,1517098.0,6377530.0
2026-09-27T20:10:00Z,node_1018,65.2,92.4,14701.0,1942809.0,4686248.0
2026-09-27T20:15:00Z,node_1011,65.6,72.1,1264.0,4119352.0,9254639.0
2026-09-27T20:20:00Z,node_1014,33.1,83.0,10064.0,1513344.0,2214690.0
2026-09-27T20:25:00Z,node_1045,43.2,37.2,5628.0,8548073.0,6095786.0
2026-09-27T20:30:00Z,node_1022,15.7,53.1,12982.0,2836845.0,6390633.0
2026-09-27T20:35:00Z,node_1033,36.7,57.1,7549.0,1534970.0,5537024.0
2026-09-27T20:40:00Z,node_1007,29.6,14.1,14821.0,6527534.0,4128242.0
2026-09-27T20:45:00Z,node_1035,49.3,24.1,3526.0,5910991.0,3941810.0
2026-09-27T20:50:00Z,node_1018,83.8,56.0,6318.0,7776922.0,9166948.0
2026-09-27T20:55:00Z,node_1017,10.7,87.8,609.0,571465.0,752241.0
2026-09-27T21:00:00Z,node_1022,57.8,43.3,6353.0,4682399.0,2457923.0
2026-09-27T21:05:00Z,node_1050,93.3,19.7,484.0,5360492.0,2798222.0
2026-09-27T21:10:00Z,node_1007,7.3,63.3,5717.0,3476155.0,6078307.0
2026-09-27T21:15:00Z,node_1023,94.0,61.5,14864.0,5876371.0,7125610.0
2026-09-27T21:20:00Z,node_1030,40.0,69.4,11566.0,6566073.0,307571.0
2026-09-27T21:25:00Z,node_1040,19.4,90.1,11579.0,207093.0,545149.0
2026-09-27T21:30:00Z,node_1026,77.4,91.0,8434.0,8445994.0,6211303.0
2026-09-27T21:35:00Z,node_1010,75.9,47.7,8363.0,7177862.0,5710499.0
2026-09-27T21:40:00Z,node_1019,21.4,13.9,14728.0,9630804.0,9297337.0
2026-09-27T21:45:00Z,node_1038,24.8,76.1,8095.0,4852201.0,1479227.0
2026-09-27T21:50:00Z,node_1012,36.1,61.2,13011.0,1117967.0,2920705.0
2026-09-27T21:55:00Z,node_1026,73.8,67.7,12672.0,4115042.0,3546410.0
2026-09-27T22:00:00Z,node_1024,37.0,11.0,3106.0,4515711.0,9962882.0
2026-09-27T22:05:00Z,node_1010,98.1,10.7,5303.0,8245139.0,7339261.0
2026-09-27T22:10:00Z,node_1035,82.8,24.8,7952.0,558603.0,7934323.0
2026-09-27T22:15:00Z,node_1017,62.1,41.6,567.0,5184880.0,9143332.0
2026-09-27T22:20:00Z,node_1047,36.9,29.4,2032.0,3379392.0,6466465.0
2026-09-27T22:25:00Z,node_1011,86.1,63.0,8029.0,2970652.0,7634102.0
2026-09-27T22:30:00Z,node_1039,25.8,60.5,7989.0,9216350.0,3459776.0
2026-09-27T22:35:00Z,node_1019,30.0,83.1,793.0,998749.0,7308258.0
2026-09-27T22:40:00Z,node_1024,95.5,79.6,9414.0,3591527.0,44492.0
2026-09-27T22:45:00Z,node_1028,35.9,62.5,8102.0,3065290.0,4033488.0
2026-09-27T22:50:00Z,node_1022,96.8,19.8,12049.0,4380266.0,1350439.0
2026-09-27T22:55:00Z,node_1016,14.8,72.1,8102.0,3869066.0,6257737.0
2026-09-27T23:00:00Z,node_1034,38.2,72.6,8371.0,6103587.0,2840669.0
2026-09-27T23:05:00Z,node_1002,42.6,20.8,8617.0,2152866.0,5777018.0
2026-09-27T23:10:00Z,node_1024,67.3,81.9,6741.0,1150639.0,426694.0
2026-09-27T23:15:00Z,node_1017,90.5,41.4,3650.0,548273.0,8729746.0
2026-09-27T23:20:00Z,node_1010,47.0,29.9,14380.0,4778549.0,6308869.0
2026-09-27T23:25:00Z,node_1003,39.0,55.4,1513.0,900620.0,4138800.0
2026-09-27T23:30:00Z,node_1043,87.7,21.4,5743.0,2802847.0,2813859.0
2026-09-27T23:35:00Z,node_1032,54.9,71.5,11374.0,4251378.0,4270513.0
2026-09-27T23:40:00Z,node_1003,36.7,55.4,4281.0,9571106.0,108552.0
2026-09-27T23:45:00Z,node_1013,20.4,93.8,8895.0,3716523.0,5256537.0
2026-09-27T23:50:00Z,node_1050,17.9,64.2,2664.0,7353671.0,4899680.0
2026-09-27T23:55:00Z,node_1036,47.2,41.3,6181.0,7321239.0,1283738.0
2026-09-28T00:00:00Z,node_1042,85.0,48.4,12798.0,1466819.0,7220241.0
2026-09-28T00:05:00Z,node_1019,91.2,49.3,14562.0,4309774.0,6909955.0
2026-09-28T00:10:00Z,node_1039,45.6,88.9,858.0,8704266.0,1290508.0
2026-09-28T00:15:00Z,node_1031,11.1,87.0,12749.0,3239936.0,2414362.0
2026-09-28T00:20:00Z,node_1012,30.7,60.8,7154.0,1999020.0,8067078.0
2026-09-28T00:25:00Z,node_1025,60.6,51.2,12944.0,1935726.0,4830333.0
2026-09-28T00:30:00Z,node_1046,51.6,92.9,7582.0,2312611.0,2500715.0
2026-09-28T00:35:00Z,node_1013,89.7,49.4,5058.0,5235036.0,7419815.0
2026-09-28T00:40:00Z,node_1008,20.2,79.1,12189.0,239086.0,9775235.0
2026-09-28T00:45:00Z,node_1014,85.5,50.0,1973.0,1744374.0,4217690.0
2026-09-28T00:50:00Z,node_1024,82.8,13.4,5035.0,6240863.0,5370791.0
2026-09-28T00:55:00Z,node_1021,30.0,45.3,4865.0,5190478.0,4551188.0
2026-09-28T01:00:00Z,node_1013,24.9,60.5,8165.0,402272.0,7092674.0
2026-09-28T01:05:00Z,node_1023,68.5,40.0,8239.0,3091021.0,1537927.0
2026-09-28T01:10:00Z,node_1019,68.7,89.1,2172.0,3263189.0,3806962.0
2026-09-28T01:15:00Z,node_1040,67.6,31.6,958.0,4940954.0,4021277.0
2026-09-28T01:20:00Z,node_1048,68.1,20.0,1279.0,598167.0,2260374.0
2026-09-28T01:25:00Z,node_1007,92.6,63.5,12303.0,3679550.0,6505708.0
2026-09-28T01:30:00Z,node_1042,59.0,34.5,12768.0,4032942.0,899059.0
2026-09-28T01:35:00Z,node_1040,29.1,11.0,4115.0,3106000.0,1821268.0
2026-09-28T01:40:00Z,node_1013,78.7,31.3,6686.0,7120010.0,7855345.0
2026-09-28T01:45:00Z,node_1041,58.7,39.6,5451.0,1860288.0,4750784.0
2026-09-28T01:50:00Z,node_1024,47.7,72.3,14132.0,4852958.0,2272897.0
2026-09-28T01:55:00Z,node_1023,15.6,11.6,6462.0,8926598.0,1480893.0
2026-09-28T02:00:00Z,node_1009,89.8,32.5,9513.0,9410738.0,6896124.0
2026-09-28T02:05:00Z,node_1019,21.4,59.1,2550.0,1392965.0,7918585.0
2026-09-28T02:10:00Z,node_1038,61.6,43.8,14453.0,4768088.0,5729128.0
2026-09-28T02:15:00Z,node_1024,14.4,27.3,14422.0,5899476.0,7097855.0
2026-09-28T02:20:00Z,node_1026,59.4,50.1,1981.0,7731816.0,803634.0
2026-09-28T02:25:00Z,node_1040,43.0,83.5,5726.0,866648.0,9976230.0
2026-09-28T02:30:00Z,node_1021,14.3,47.3,2798.0,9636740.0,7154696.0
2026-09-28T02:35:00Z,node_1040,41.1,46.2,5667.0,1215352.0,8701089.0
2026-09-28T02:40:00Z,node_1017,58.3,93.0,7230.0,8785099.0,7625063.0
2026-09-28T02:45:00Z,node_1010,52.0,80.5,4391.0,1124362.0,138150.0
2026-09-28T02:50:00Z,node_1026,76.1,15.4,13573.0,2531829.0,5877270.0
2026-09-28T02:55:00Z,node_1002,47.4,92.0,9084.0,9139179.0,9573796.0
2026-09-28T03:00:00Z,node_1039,7.7,60.4,11644.0,3789857.0,8673401.0
2026-09-28T03:05:00Z,node_1040,75.2,14.4,6525.0,6939751.0,2775439.0
2026-09-28T03:10:00Z,node_1010,28.2,64.9,4767.0,8674126.0,8606807.0
2026-09-28T03:15:00Z,node_1044,73.8,56.3,9195.0,4822358.0,2812899.0
2026-09-28T03:20:00Z,node_1029,86.8,84.0,1760.0,4696580.0,6320537.0
2026-09-28T03:25:00Z,node_1050,41.2,15.7,4391.0,7196648.0,1230018.0
2026-09-28T03:30:00Z,node_1034,65.4,91.4,9448.0,5085704.0,6747503.0
2026-09-28T03:35:00Z,node_1029,96.8,70.0,3636.0,3332020.0,6225929.0
2026-09-28T03:40:00Z,node_1021,89.9,59.4,9912.0,4997285.0,3112507.0
2026-09-28T03:45:00Z,node_1003,79.3,10.9,12902.0,2369597.0,4202063.0
2026-09-28T03:50:00Z,node_1044,8.1,94.1,14828.0,7623553.0,7212712.0
2026-09-28T03:55:00Z,node_1034,83.5,15.0,14346.0,1378476.0,3944513.0
2026-09-28T04:00:00Z,node_1034,42.8,18.8,6427.0,7897090.0,2529050.0
2026-09-28T04:05:00Z,node_1045,62.4,21.7,2407.0,4113696.0,4069376.0
2026-09-28T04:10:00Z,node_1033,33.2,23.1,14196.0,6159982.0,7867754.0
2026-09-28T04:15:00Z,node_1014,16.7,61.5,2282.0,3318374.0,4741999.0
2026-09-28T04:20:00Z,node_1046,93.3,91.9,7404.0,8490934.0,2203465.0
2026-09-28T04:25:00Z,node_1005,15.4,40.9,9174.0,1253585.0,7720484.0
2026-09-28T04:30:00Z,node_1030,18.7,58.4,4277.0,1207758.0,9970338.0
2026-09-28T04:35:00Z,node_1042,85.7,53.6,4941.0,8292360.0,1942197.0
2026-09-28T04:40:00Z,node_1015,95.6,90.0,781.0,6353561.0,2546600.0
2026-09-28T04:45:00Z,node_1028,74.7,27.1,13704.0,6740950.0,6520372.0
2026-09-28T04:50:00Z,node_1039,85.0,27.8,2540.0,4719074.0,3170838.0
2026-09-28T04:55:00Z,node_1046,49.2,90.7,1627.0,9725342.0,2865605.0
2026-09-28T05:00:00Z,node_1002,22.1,72.3,6454.0,3983956.0,1010145.0
2026-09-28T05:05:00Z,node_1020,75.6,71.2,3068.0,7303455.0,2931813.0
2026-09-28T05:10:00Z,node_1014,50.7,17.8,12979.0,9991774.0,6230861.0
2026-09-28T05:15:00Z,node_1036,66.1,15.4,3344.0,6553729.0,7328300.0
2026-09-28T05:20:00Z,node_1032,49.8,82.5,3573.0,6920068.0,4096493.0
2026-09-28T05:25:00Z,node_1029,97.8,61.4,9530.0,8388362.0,4292172.0
2026-09-28T05:30:00Z,node_1037,63.0,26.5,7883.0,4474111.0,9999787.0
2026-09-28T05:35:00Z,node_1021,52.4,53.3,9431.0,5664804.0,6720711.0
2026-09-28T05:40:00Z,node_1012,31.3,21.5,7270.0,5873941.0,9403843.0
2026-09-28T05:45:00Z,node_1003,59.5,46.4,13022.0,7949345.0,905302.0
2026-09-28T05:50:00Z,node_1001,5.6,56.0,6699.0,2159639.0,7803620.0
2026-09-28T05:55:00Z,node_1042,5.6,56.9,3643.0,3802004.0,9948193.0
2026-09-28T06:00:00Z,node_1025,49.5,48.6,14604.0,1054388.0,6611816.0
2026-09-28T06:05:00Z,node_1011,94.1,27.2,10943.0,6759763.0,6617735.0
2026-09-28T06:10:00Z,node_1043,73.9,24.3,2331.0,8674444.0,8235357.0
2026-09-28T06:15:00Z,node_1038,66.7,35.9,6056.0,1454575.0,3604358.0
2026-09-28T06:20:00Z,node_1027,21.0,65.6,4140.0,7387952.0,6940114.0
2026-09-28T06:25:00Z,node_1011,74.6,48.0,9843.0,7942252.0,5298571.0
2026-09-28T06:30:00Z,node_1036,72.4,17.3,8459.0,5236163.0,5554095.0
2026-09-28T06:35:00Z,node_1038,16.7,12.5,367.0,1874711.0,197014.0
2026-09-28T06:40:00Z,node_1021,65.9,43.4,1620.0,8603655.0,6481934.0
2026-09-28T06:45:00Z,node_1031,17.8,25.9,9275.0,1127087.0,1362786.0
2026-09-28T06:50:00Z,node_1001,85.6,83.4,12914.0,5051513.0,3000255.0
2026-09-28T06:55:00Z,node_1048,77.5,45.9,5643.0,8693962.0,5102448.0
2026-09-28T07:00:00Z,node_1008,66.5,89.4,13828.0,4663422.0,4869098.0
2026-09-28T07:05:00Z,node_1049,91.1,46.5,10181.0,2318797.0,6524728.0
2026-09-28T07:10:00Z,node_1037,52.4,76.7,4207.0,7495344.0,9629057.0
2026-09-28T07:15:00Z,node_1021,97.0,23.7,4925.0,7195070.0,695293.0
2026-09-28T07:20:00Z,node_1003,47.7,77.7,12336.0,6820396.0,2643612.0
2026-09-28T07:25:00Z,node_1042,43.3,31.2,11678.0,9750577.0,5835826.0
2026-09-28T07:30:00Z,node_1017,60.3,86.9,12320.0,8446911.0,8807420.0
2026-09-28T07:35:00Z,node_1039,48.9,42.3,6142.0,8498118.0,1992689.0
2026-09-28T07:40:00Z,node_1041,40.2,90.8,11645.0,8628939.0,426731.0
2026-09-28T07:45:00Z,node_1010,33.1,91.9,10937.0,8624219.0,6246776.0
2026-09-28T07:50:00Z,node_1045,95.4,87.6,4642.0,3009049.0,5215272.0
2026-09-28T07:55:00Z,node_1001,61.8,21.9,7375.0,8213463.0,677518.0
2026-09-28T08:00:00Z,node_1005,63.8,63.7,12941.0,8148240.0,6002752.0
2026-09-28T08:05:00Z,node_1021,42.6,55.5,1630.0,1308248.0,5118478.0
2026-09-28T08:10:00Z,node_1049,65.3,57.3,7709.0,2605092.0,1227628.0
2026-09-28T08:15:00Z,node_1012,66.2,43.5,6032.0,8101122.0,1548246.0
2026-09-28T08:20:00Z,node_1026,28.7,74.0,6598.0,4076605.0,3909184.0
2026-09-28T08:25:00Z,node_1022,31.4,21.7,8746.0,7269949.0,8925939.0
2026-09-28T08:30:00Z,node_1001,9.0,71.3,13944.0,1754680.0,7744361.0
2026-09-28T08:35:00Z,node_1016,46.8,42.4,4095.0,1957602.0,4278328.0
2026-09-28T08:40:00Z,node_1038,11.9,31.4,7727.0,3954305.0,3182228.0
2026-09-28T08:45:00Z,node_1042,6.7,49.0,7720.0,3195137.0,2906942.0
2026-09-28T08:50:00Z,node_1025,16.5,47.2,10863.0,5687142.0,1536982.0
2026-09-28T08:55:00Z,node_1007,47.4,32.3,10025.0,3776205.0,9422196.0
2026-09-28T09:00:00Z,node_1011,28.4,68.3,10027.0,1489401.0,1502451.0
2026-09-28T09:05:00Z,node_1022,85.4,89.6,12342.0,1080440.0,9078560.0
2026-09-28T09:10:00Z,node_1003,87.9,19.3,4169.0,1663828.0,5399398.0
2026-09-28T09:15:00Z,node_1001,86.4,18.0,8527.0,9222891.0,3060037.0
2026-09-28T09:20:00Z,node_1014,33.0,23.1,1792.0,5625272.0,6108752.0
2026-09-28T09:25:00Z,node_1021,28.4,29.6,8506.0,5441476.0,5983347.0
2026-09-28T09:30:00Z,node_1020,30.1,62.3,10796.0,8786973.0,5053694.0
2026-09-28T09:35:00Z,node_1035,61.2,91.6,2053.0,6205938.0,1430847.0
2026-09-28T09:40:00Z,node_1017,95.5,53.3,11550.0,2607696.0,1727335.0
2026-09-28T09:45:00Z,node_1048,15.0,86.5,7689.0,6060593.0,5220974.0
2026-09-28T09:50:00Z,node_1046,61.8,77.2,9739.0,2923456.0,7205107.0
2026-09-28T09:55:00Z,node_1020,15.6,18.7,11263.0,3438537.0,3584429.0
2026-09-28T10:00:00Z,node_1026,79.6,47.5,5989.0,1996542.0,8139175.0
2026-09-28T10:05:00Z,node_1012,10.7,35.4,6573.0,8317749.0,2389094.0
2026-09-28T10:10:00Z,node_1045,10.0,90.0,3581.0,8045412.0,6551410.0
2026-09-28T10:15:00Z,node_1005,61.0,11.3,4589.0,993248.0,5289864.0
2026-09-28T10:20:00Z,node_1006,52.5,53.9,14075.0,127621.0,1959329.0
2026-09-28T10:25:00Z,node_1048,93.7,86.7,3873.0,923255.0,6444627.0
2026-09-28T10:30:00Z,node_1007,33.9,19.1,2939.0,2123104.0,9386764.0
2026-09-28T10:35:00Z,node_1048,57.6,63.3,2215.0,978493.0,5015967.0
2026-09-28T10:40:00Z,node_1039,34.9,50.3,12562.0,4552371.0,773576.0
2026-09-28T10:45:00Z,node_1041,15.4,11.6,4053.0,4782116.0,9156905.0
2026-09-28T10:50:00Z,node_1007,71.9,40.9,922.0,5194998.0,349492.0
2026-09-28T10:55:00Z,node_1005,98.8,58.6,674.0,8920287.0,3660133.0
2026-09-28T11:00:00Z,node_1031,36.7,92.2,378.0,5474435.0,9706662.0
2026-09-28T11:05:00Z,node_1007,35.1,46.9,9328.0,7907940.0,9345117.0
2026-09-28T11:10:00Z,node_1016,89.7,77.9,2124.0,8066886.0,4306126.0
2026-09-28T11:15:00Z,node_1010,18.0,91.1,2187.0,3168537.0,6979538.0
2026-09-28T11:20:00Z,node_1044,89.4,24.7,10864.0,4291526.0,1912043.0
2026-09-28T11:25:00Z,node_1011,5.7,20.0,7871.0,4498507.0,6622608.0
2026-09-28T11:30:00Z,node_1047,83.1,86.3,2397.0,6547690.0,5582425.0
2026-09-28T11:35:00Z,node_1037,83.4,63.5,1591.0,5778853.0,8178648.0
2026-09-28T11:40:00Z,node_1006,90.6,47.1,1172.0,8680765.0,417695.0
2026-09-28T11:45:00Z,node_1028,22.7,56.3,1537.0,4850985.0,2122445.0
2026-09-28T11:50:00Z,node_1045,5.9,35.0,9237.0,7681389.0,4220975.0
2026-09-28T11:55:00Z,node_1014,22.0,40.3,10872.0,429893.0,7509729.0
2026-09-28T12:00:00Z,node_1048,79.1,93.2,9052.0,6382655.0,7308359.0
2026-09-28T12:05:00Z,node_1023,30.5,81.6,5998.0,7985898.0,215008.0
2026-09-28T12:10:00Z,node_1005,74.2,50.7,14817.0,2312005.0,3497522.0
2026-09-28T12:15:00Z,node_1049,85.5,46.0,2252.0,3347389.0,3084233.0
2026-09-28T12:20:00Z,node_1038,41.2,37.9,6180.0,4156913.0,2327771.0
2026-09-28T12:25:00Z,node_1041,55.2,13.0,5863.0,5161352.0,3257935.0
2026-09-28T12:30:00Z,node_1028,6.1,15.1,7840.0,6440924.0,8269484.0
2026-09-28T12:35:00Z,node_1006,61.5,12.7,2546.0,3104139.0,3219715.0
2026-09-28T12:40:00Z,node_1025,84.9,30.8,10091.0,6499649.0,8375123.0
2026-09-28T12:45:00Z,node_1047,78.1,19.1,5361.0,9492262.0,7879276.0
2026-09-28T12:50:00Z,node_1047,15.1,37.2,7982.0,7584588.0,5341135.0
2026-09-28T12:55:00Z,node_1024,99.0,65.7,2899.0,2834272.0,3178385.0
2026-09-28T13:00:00Z,node_1013,64.8,38.5,11733.0,6862755.0,8255067.0
2026-09-28T13:05:00Z,node_1033,97.5,26.9,5195.0,816212.0,4881056.0
2026-09-28T13:10:00Z,node_1018,25.3,15.2,4667.0,8984410.0,5900418.0
2026-09-28T13:15:00Z,node_1025,34.9,18.1,7123.0,3275792.0,7734278.0
2026-09-28T13:20:00Z,node_1026,43.3,35.6,12243.0,1271660.0,3772075.0
2026-09-28T13:25:00Z,node_1043,12.2,69.1,1467.0,9540252.0,1594539.0
2026-09-28T13:30:00Z,node_1005,51.6,41.6,8856.0,6578151.0,1114290.0
2026-09-28T13:35:00Z,node_1004,93.0,72.0,12880.0,7282998.0,3303950.0
2026-09-28T13:40:00Z,node_1014,61.4,53.4,14143.0,2532663.0,2467086.0
2026-09-28T13:45:00Z,node_1025,19.0,10.9,6678.0,3240978.0,1560321.0
2026-09-28T13:50:00Z,node_1012,68.1,42.8,5527.0,5052547.0,6556464.0
2026-09-28T13:55:00Z,node_1026,54.0,28.3,1710.0,195030.0,5207582.0
2026-09-28T14:00:00Z,node_1003,28.7,72.3,14110.0,5531336.0,7068534.0
2026-09-28T14:05:00Z,node_1009,83.2,24.4,390.0,9705482.0,8679248.0
2026-09-28T14:10:00Z,node_1008,96.0,52.6,12062.0,6846066.0,5850519.0
2026-09-28T14:15:00Z,node_1009,61.2,77.1,14670.0,9703247.0,872280.0
2026-09-28T14:20:00Z,node_1003,65.2,40.7,2771.0,8282964.0,6187340.0
2026-09-28T14:25:00Z,node_1037,75.1,60.0,3301.0,4429190.0,695107.0
2026-09-28T14:30:00Z,node_1041,40.6,53.3,13911.0,2313136.0,5214627.0
2026-09-28T14:35:00Z,node_1017,30.9,13.8,12085.0,876143.0,2196413.0
2026-09-28T14:40:00Z,node_1008,7.6,30.3,13837.0,2942729.0,1977459.0
2026-09-28T14:45:00Z,node_1032,78.8,25.2,6915.0,9118982.0,8169769.0
2026-09-28T14:50:00Z,node_1021,29.1,21.1,11485.0,3069507.0,6685780.0
2026-09-28T14:55:00Z,node_1008,39.1,84.7,4218.0,3807191.0,8214125.0
2026-09-28T15:00:00Z,node_1036,53.3,57.0,14198.0,1775007.0,8699608.0
2026-09-28T15:05:00Z,node_1009,24.7,48.8,7133.0,4892746.0,327252.0
2026-09-28T15:10:00Z,node_1050,68.1,49.1,1047.0,9274791.0,1696792.0
2026-09-28T15:15:00Z,node_1040,33.1,78.3,10488.0,6165167.0,1585644.0
2026-09-28T15:20:00Z,node_1032,14.5,72.5,13738.0,2756249.0,5667644.0
2026-09-28T15:25:00Z,node_1041,7.3,22.8,14512.0,137727.0,8727005.0
2026-09-28T15:30:00Z,node_1033,56.0,50.1,6253.0,4459613.0,8974846.0
2026-09-28T15:35:00Z,node_1029,48.0,70.3,13902.0,4804199.0,2235962.0
2026-09-28T15:40:00Z,node_1007,5.5,91.6,6238.0,3225154.0,3724254.0
2026-09-28T15:45:00Z,node_1039,77.8,65.6,14402.0,8164800.0,9551583.0
2026-09-28T15:50:00Z,node_1026,79.2,77.3,13831.0,1747862.0,8061649.0
2026-09-28T15:55:00Z,node_1007,28.9,23.5,9886.0,528678.0,8863254.0
2026-09-28T16:00:00Z,node_1035,68.1,43.2,2008.0,1578025.0,6789988.0
2026-09-28T16:05:00Z,node_1020,31.7,35.1,7101.0,6112076.0,9688163.0
2026-09-28T16:10:00Z,node_1005,57.2,73.3,5495.0,9803511.0,3927882.0
2026-09-28T16:15:00Z,node_1037,84.8,94.4,13100.0,4382723.0,2034594.0
2026-09-28T16:20:00Z,node_1039,45.6,91.6,103.0,4288622.0,1697820.0
2026-09-28T16:25:00Z,node_1010,59.8,93.3,11888.0,9779497.0,1904.0
2026-09-28T16:30:00Z,node_1008,42.6,60.0,6245.0,66675.0,8824373.0
2026-09-28T16:35:00Z,node_1036,7.7,90.5,6507.0,2817932.0,6248283.0
2026-09-28T16:40:00Z,node_1033,30.0,65.0,1150.0,5674133.0,5781702.0
2026-09-28T16:45:00Z,node_1043,98.5,13.9,2294.0,6396472.0,9193007.0
2026-09-28T16:50:00Z,node_1025,58.5,17.4,12849.0,5453778.0,8882777.0
2026-09-28T16:55:00Z,node_1018,90.4,38.1,11516.0,5336387.0,8631006.0
2026-09-28T17:00:00Z,node_1005,21.8,73.1,11482.0,3258158.0,2201571.0
2026-09-28T17:05:00Z,node_1042,89.2,53.1,14882.0,2739038.0,2622441.0
2026-09-28T17:10:00Z,node_1029,13.6,90.4,5787.0,4154173.0,4704488.0
2026-09-28T17:15:00Z,node_1020,16.7,39.0,6422.0,7277307.0,1392076.0
2026-09-28T17:20:00Z,node_1016,71.1,61.5,3711.0,4860393.0,4836260.0
2026-09-28T17:25:00Z,node_1024,66.8,12.2,10921.0,5163925.0,1237016.0
2026-09-28T17:30:00Z,node_1045,7.0,22.1,13538.0,4555577.0,3790139.0
2026-09-28T17:35:00Z,node_1034,58.6,26.6,14367.0,7128864.0,2796059.0
2026-09-28T17:40:00Z,node_1004,8.3,62.1,4835.0,1946446.0,223354.0
2026-09-28T17:45:00Z,node_1029,82.9,58.6,9219.0,3326418.0,336907.0
2026-09-28T17:50:00Z,node_1040,6.6,86.6,1260.0,7496150.0,2784406.0
2026-09-28T17:55:00Z,node_1043,80.1,83.7,9866.0,8195893.0,1965386.0
2026-09-28T18:00:00Z,node_1011,58.9,56.7,5313.0,3236061.0,9254165.0
2026-09-28T18:05:00Z,node_1013,64.6,77.4,8564.0,4393438.0,2745591.0
2026-09-28T18:10:00Z,node_1006,53.7,14.6,4897.0,6763311.0,7945260.0
2026-09-28T18:15:00Z,node_1015,17.5,78.6,12178.0,2066182.0,5546373.0
2026-09-28T18:20:00Z,node_1023,43.2,29.3,13959.0,8947487.0,4959102.0
2026-09-28T18:25:00Z,node_1037,46.3,86.9,14179.0,2466547.0,1739149.0
2026-09-28T18:30:00Z,node_1029,33.4,34.3,8341.0,2535181.0,1247552.0
2026-09-28T18:35:00Z,node_1014,67.8,25.6,9073.0,6126673.0,9275102.0
2026-09-28T18:40:00Z,node_1009,85.8,51.2,7760.0,7160847.0,2048091.0
2026-09-28T18:45:00Z,node_1006,22.5,79.0,5247.0,8962483.0,2539901.0
2026-09-28T18:50:00Z,node_1014,72.2,88.5,2469.0,1779014.0,5986835.0
2026-09-28T18:55:00Z,node_1010,67.8,24.6,3837.0,4405274.0,2693646.0
2026-09-28T19:00:00Z,node_1001,31.9,90.1,4983.0,8070883.0,944842.0
2026-09-28T19:05:00Z,node_1022,27.2,49.2,7260.0,5831439.0,8416651.0
2026-09-28T19:10:00Z,node_1048,61.5,19.1,4342.0,8350702.0,4054744.0
2026-09-28T19:15:00Z,node_1003,27.5,18.8,14377.0,9893304.0,7525369.0
2026-09-28T19:20:00Z,node_1044,48.4,83.6,3736.0,8206746.0,637258.0
2026-09-28T19:25:00Z,node_1006,13.1,68.4,782.0,5202146.0,5155764.0
2026-09-28T19:30:00Z,node_1027,56.9,79.2,12918.0,5549260.0,6537761.0
2026-09-28T19:35:00Z,node_1025,60.0,56.9,11836.0,9837557.0,664892.0
2026-09-28T19:40:00Z,node_1031,84.0,63.3,6639.0,3085022.0,7633084.0
2026-09-28T19:45:00Z,node_1008,24.3,54.7,9799.0,2775522.0,6080106.0
2026-09-28T19:50:00Z,node_1031,66.2,55.4,4445.0,4011801.0,973572.0
2026-09-28T19:55:00Z,node_1033,73.6,93.7,12560.0,7191211.0,8659268.0
2026-09-28T20:00:00Z,node_1019,40.8,43.7,382.0,128188.0,7526870.0
2026-09-28T20:05:00Z,node_1016,42.1,87.8,14767.0,8903399.0,3260186.0
2026-09-28T20:10:00Z,node_1018,41.8,20.6,6085.0,9095083.0,1533287.0
2026-09-28T20:15:00Z,node_1004,48.7,30.0,14244.0,5784646.0,2765600.0
2026-09-28T20:20:00Z,node_1022,67.7,86.0,12701.0,3612710.0,4632459.0
2026-09-28T20:25:00Z,node_1017,92.8,77.5,6553.0,8579578.0,8336849.0
2026-09-28T20:30:00Z,node_1005,10.0,45.4,1765.0,2024056.0,498117.0
2026-09-28T20:35:00Z,node_1031,58.2,23.6,1497.0,4028540.0,4981137.0
2026-09-28T20:40:00Z,node_1047,81.3,57.2,9747.0,5433360.0,6601826.0
2026-09-28T20:45:00Z,node_1012,16.3,56.1,144.0,7991684.0,402711.0
2026-09-28T20:50:00Z,node_1022,96.8,93.0,11574.0,5048856.0,1256783.0
2026-09-28T20:55:00Z,node_1031,89.6,66.5,14504.0,5393953.0,8694392.0
2026-09-28T21:00:00Z,node_1033,7.0,12.2,11205.0,4235845.0,9341483.0
2026-09-28T21:05:00Z,node_1019,26.6,62.2,7976.0,9515971.0,5693440.0
2026-09-28T21:10:00Z,node_1018,17.3,77.4,13733.0,4318055.0,5717242.0
2026-09-28T21:15:00Z,node_1037,45.6,16.0,1612.0,8768048.0,5635418.0
2026-09-28T21:20:00Z,node_1048,71.6,67.6,3344.0,8427327.0,7827369.0
2026-09-28T21:25:00Z,node_1021,77.7,19.1,906.0,9381467.0,1509759.0
2026-09-28T21:30:00Z,node_1014,19.1,28.9,13446.0,5719894.0,3949300.0
2026-09-28T21:35:00Z,node_1023,18.7,49.7,8965.0,4556148.0,6303605.0
2026-09-28T21:40:00Z,node_1036,91.7,49.6,11822.0,7667852.0,659780.0
2026-09-28T21:45:00Z,node_1034,17.1,83.3,12675.0,4086891.0,5982780.0
2026-09-28T21:50:00Z,node_1028,79.0,85.4,2799.0,4044534.0,9830738.0
2026-09-28T21:55:00Z,node_1045,18.7,83.9,7188.0,4903599.0,4240870.0
2026-09-28T22:00:00Z,node_1038,64.0,39.4,1327.0,1745178.0,6024880.0
2026-09-28T22:05:00Z,node_1039,14.6,25.3,13571.0,9809324.0,7357471.0
2026-09-28T22:10:00Z,node_1044,30.9,12.4,11917.0,9901370.0,2230413.0
2026-09-28T22:15:00Z,node_1031,81.6,59.1,12731.0,2182522.0,4218968.0
2026-09-28T22:20:00Z,node_1009,59.5,40.4,941.0,409255.0,2842043.0
2026-09-28T22:25:00Z,node_1015,7.2,72.6,12613.0,2956345.0,3811724.0
2026-09-28T22:30:00Z,node_1022,33.6,46.8,8781.0,8200453.0,2615541.0
2026-09-28T22:35:00Z,node_1014,83.2,43.6,5262.0,2234068.0,392655.0
2026-09-28T22:40:00Z,node_1003,48.9,31.3,1017.0,8747859.0,73493.0
2026-09-28T22:45:00Z,node_1017,41.2,88.7,3480.0,464373.0,4092380.0
2026-09-28T22:50:00Z,node_1034,63.5,45.9,2139.0,500480.0,3010172.0
2026-09-28T22:55:00Z,node_1028,74.3,48.8,2746.0,5311195.0,7673698.0
2026-09-28T23:00:00Z,node_1016,77.0,30.5,5832.0,4682786.0,6263249.0
2026-09-28T23:05:00Z,node_1045,41.8,57.1,11881.0,8295624.0,8789650.0
2026-09-28T23:10:00Z,node_1039,57.6,36.2,6924.0,4708264.0,9193165.0
2026-09-28T23:15:00Z,node_1008,78.1,28.2,8709.0,4051956.0,4255435.0
2026-09-28T23:20:00Z,node_1037,54.7,42.3,3459.0,3228741.0,2522736.0
2026-09-28T23:25:00Z,node_1014,42.4,75.6,5284.0,6639271.0,1020917.0
2026-09-28T23:30:00Z,node_1002,59.2,51.5,10796.0,5543779.0,4804456.0
2026-09-28T23:35:00Z,node_1004,16.6,69.0,13801.0,8691200.0,7539282.0
2026-09-28T23:40:00Z,node_1015,96.7,34.1,12041.0,6046449.0,3198649.0
2026-09-28T23:45:00Z,node_1005,21.9,89.7,6419.0,5660525.0,1079518.0
2026-09-28T23:50:00Z,node_1002,37.3,37.6,5839.0,5108080.0,945976.0
2026-09-28T23:55:00Z,node_1028,49.5,69.4,3868.0,2655649.0,5985437.0
2026-09-29T00:00:00Z,node_1016,21.6,56.7,8627.0,6126626.0,2516376.0
2026-09-29T00:05:00Z,node_1014,38.4,50.7,3352.0,6070631.0,1917662.0
2026-09-29T00:10:00Z,node_1031,56.2,73.4,4155.0,9159178.0,3815471.0
2026-09-29T00:15:00Z,node_1032,59.7,52.0,4315.0,3125417.0,5745638.0
2026-09-29T00:20:00Z,node_1004,22.3,77.6,151.0,3608746.0,4734952.0
2026-09-29T00:25:00Z,node_1043,43.5,30.1,11052.0,5497349.0,8598558.0
2026-09-29T00:30:00Z,node_1007,74.5,41.4,7088.0,5252510.0,1875416.0
2026-09-29T00:35:00Z,node_1025,13.2,11.5,12514.0,3249113.0,8036988.0
2026-09-29T00:40:00Z,node_1010,49.5,80.0,11978.0,6297784.0,6706176.0
2026-09-29T00:45:00Z,node_1038,25.4,64.0,6858.0,4770242.0,1736173.0
2026-09-29T00:50:00Z,node_1025,51.8,47.4,8676.0,9709493.0,7743081.0
2026-09-29T00:55:00Z,node_1006,80.2,28.2,9902.0,2673913.0,5995381.0
2026-09-29T01:00:00Z,node_1049,16.4,73.8,9454.0,3799401.0,2327174.0
2026-09-29T01:05:00Z,node_1021,59.1,69.6,3877.0,3153601.0,9071437.0
2026-09-29T01:10:00Z,node_1010,23.7,13.7,229.0,6560239.0,8637921.0
2026-09-29T01:15:00Z,node_1006,74.6,38.3,816.0,3192830.0,1323138.0
2026-09-29T01:20:00Z,node_1013,64.7,42.8,14020.0,7205172.0,6021520.0
2026-09-29T01:25:00Z,node_1030,7.0,90.0,2321.0,4038087.0,9911919.0
2026-09-29T01:30:00Z,node_1034,96.2,78.6,8864.0,981525.0,337566.0
2026-09-29T01:35:00Z,node_1013,30.0,45.9,7770.0,1019660.0,6383052.0
2026-09-29T01:40:00Z,node_1041,19.9,84.1,12798.0,6503616.0,990009.0
2026-09-29T01:45:00Z,node_1028,69.1,61.5,13621.0,7024948.0,6762314.0
2026-09-29T01:50:00Z,node_1001,45.9,89.1,2516.0,1951251.0,8214308.0
2026-09-29T01:55:00Z,node_1044,64.2,32.6,11939.0,5325717.0,7357337.0
2026-09-29T02:00:00Z,node_1049,13.1,10.4,156.0,2947390.0,8503744.0
2026-09-29T02:05:00Z,node_1024,58.3,50.3,3088.0,3727977.0,5053345.0
2026-09-29T02:10:00Z,node_1026,57.3,58.1,5205.0,7767119.0,7607343.0
2026-09-29T02:15:00Z,node_1007,51.2,57.8,5140.0,4424515.0,4893697.0
2026-09-29T02:20:00Z,node_1035,67.6,52.7,4608.0,8675194.0,6039123.0
2026-09-29T02:25:00Z,node_1021,78.5,65.2,10906.0,9972764.0,4698006.0
2026-09-29T02:30:00Z,node_1045,33.8,55.1,6949.0,1364175.0,8427792.0
2026-09-29T02:35:00Z,node_1001,72.2,17.8,718.0,5023711.0,6675676.0
2026-09-29T02:40:00Z,node_1048,24.4,74.0,1118.0,7838493.0,125557.0
2026-09-29T02:45:00Z,node_1036,27.6,23.2,5607.0,7624002.0,556356.0
2026-09-29T02:50:00Z,node_1016,56.7,74.1,9097.0,9100213.0,4132509.0
2026-09-29T02:55:00Z,node_1014,98.5,56.3,10850.0,4524647.0,1812275.0
2026-09-29T03:00:00Z,node_1012,24.7,59.2,6089.0,8422115.0,9352620.0
2026-09-29T03:05:00Z,node_1039,20.6,66.7,6501.0,4867299.0,7405472.0
2026-09-29T03:10:00Z,node_1043,60.9,78.4,9144.0,9426309.0,9140456.0
2026-09-29T03:15:00Z,node_1003,24.0,91.8,3257.0,9092872.0,3152298.0
2026-09-29T03:20:00Z,node_1001,90.2,83.6,2014.0,3600288.0,934058.0
2026-09-29T03:25:00Z,node_1015,66.3,87.8,5460.0,7861366.0,859375.0
2026-09-29T03:30:00Z,node_1009,61.2,82.3,102.0,6534169.0,5916189.0
2026-09-29T03:35:00Z,node_1034,94.9,43.5,8859.0,9712647.0,4152155.0
2026-09-29T03:40:00Z,node_1003,73.7,84.1,6901.0,9580005.0,2190584.0
2026-09-29T03:45:00Z,node_1012,23.9,65.3,2966.0,5091092.0,1546840.0
2026-09-29T03:50:00Z,node_1024,19.0,47.3,9302.0,3932135.0,62979.0
2026-09-29T03:55:00Z,node_1036,26.0,68.7,3481.0,9811955.0,1001956.0
2026-09-29T04:00:00Z,node_1004,81.2,72.2,4570.0,5074884.0,6376261.0
2026-09-29T04:05:00Z,node_1028,46.3,86.5,7201.0,1787192.0,4053813.0
2026-09-29T04:10:00Z,node_1017,70.4,57.3,5489.0,7466504.0,9856128.0
2026-09-29T04:15:00Z,node_1019,8.8,60.9,10960.0,8698558.0,584191.0
2026-09-29T04:20:00Z,node_1031,15.5,51.4,12879.0,4277629.0,1325770.0
2026-09-29T04:25:00Z,node_1044,35.6,54.9,1565.0,3278064.0,7739668.0
2026-09-29T04:30:00Z,node_1011,55.7,45.6,11839.0,1974108.0,137234.0
2026-09-29T04:35:00Z,node_1010,13.5,89.0,6859.0,6242329.0,7477639.0
2026-09-29T04:40:00Z,node_1046,94.6,22.5,4896.0,5146514.0,6747659.0
2026-09-29T04:45:00Z,node_1037,94.0,22.2,1895.0,5147832.0,8225007.0
2026-09-29T04:50:00Z,node_1037,46.9,71.3,3974.0,7458895.0,3496688.0
2026-09-29T04:55:00Z,node_1016,37.0,65.7,11496.0,9501458.0,3499254.0
2026-09-29T05:00:00Z,node_1001,31.8,12.9,14064.0,8139944.0,8135398.0
2026-09-29T05:05:00Z,node_1001,6.0,69.2,6843.0,4433266.0,8881588.0
2026-09-29T05:10:00Z,node_1034,52.0,67.6,10102.0,7345913.0,1884182.0
2026-09-29T05:15:00Z,node_1024,6.9,67.2,4373.0,5426170.0,477117.0
2026-09-29T05:20:00Z,node_1009,13.5,27.9,5703.0,3705825.0,3673389.0
2026-09-29T05:25:00Z,node_1041,68.8,94.4,1487.0,7677804.0,5025529.0
2026-09-29T05:30:00Z,node_1039,46.1,30.2,12490.0,1982176.0,7148615.0
2026-09-29T05:35:00Z,node_1017,83.0,83.5,11966.0,8628147.0,5759788.0
2026-09-29T05:40:00Z,node_1050,81.3,68.4,10875.0,6040090.0,6631746.0
2026-09-29T05:45:00Z,node_1031,76.2,23.5,8249.0,9026313.0,5742970.0
2026-09-29T05:50:00Z,node_1027,83.5,70.6,220.0,3461095.0,8807315.0
2026-09-29T05:55:00Z,node_1039,84.6,68.2,10873.0,694904.0,1542306.0
2026-09-29T06:00:00Z,node_1022,88.2,74.8,2508.0,3559497.0,8075166.0
2026-09-29T06:05:00Z,node_1011,65.6,41.1,14661.0,521468.0,6315394.0
2026-09-29T06:10:00Z,node_1005,45.6,79.9,8940.0,73820.0,4205612.0
2026-09-29T06:15:00Z,node_1012,50.8,68.2,8148.0,5905980.0,103114.0
2026-09-29T06:20:00Z,node_1038,8.2,51.8,12938.0,6535055.0,8029160.0
2026-09-29T06:25:00Z,node_1044,52.6,26.1,11293.0,1602901.0,3395021.0
2026-09-29T06:30:00Z,node_1049,50.5,84.6,11990.0,4713299.0,1365363.0
2026-09-29T06:35:00Z,node_1033,35.1,27.3,6260.0,7676012.0,3266970.0
2026-09-29T06:40:00Z,node_1014,82.3,60.7,7931.0,3436824.0,6212282.0
2026-09-29T06:45:00Z,node_1050,87.1,48.8,6366.0,9839013.0,2638845.0
2026-09-29T06:50:00Z,node_1025,44.1,70.0,6815.0,9292705.0,8977627.0
2026-09-29T06:55:00Z,node_1009,49.1,89.4,12516.0,60711.0,835940.0
2026-09-29T07:00:00Z,node_1019,62.6,71.7,11433.0,7570084.0,1966291.0
2026-09-29T07:05:00Z,node_1041,81.4,24.6,4038.0,4523204.0,9620914.0
2026-09-29T07:10:00Z,node_1014,34.3,21.8,13422.0,1630623.0,7727852.0
2026-09-29T07:15:00Z,node_1024,25.7,70.3,4150.0,5585523.0,3501947.0
2026-09-29T07:20:00Z,node_1036,72.3,55.0,5588.0,6926974.0,9878605.0
2026-09-29T07:25:00Z,node_1018,63.2,36.3,2448.0,322773.0,1599154.0
2026-09-29T07:30:00Z,node_1050,83.4,23.4,10776.0,3824607.0,8604009.0
2026-09-29T07:35:00Z,node_1003,43.8,49.1,7319.0,5318438.0,3898624.0
2026-09-29T07:40:00Z,node_1030,22.9,73.7,2387.0,8299497.0,6686131.0
2026-09-29T07:45:00Z,node_1027,63.0,60.6,5730.0,7453570.0,1599394.0
2026-09-29T07:50:00Z,node_1009,94.9,90.4,11800.0,8328197.0,6685978.0
2026-09-29T07:55:00Z,node_1050,64.3,79.9,4524.0,3862164.0,2094785.0
2026-09-29T08:00:00Z,node_1048,71.5,30.2,13061.0,4576522.0,6536486.0
2026-09-29T08:05:00Z,node_1042,62.3,41.3,10160.0,1828707.0,2083707.0
2026-09-29T08:10:00Z,node_1017,43.5,26.5,9062.0,4998122.0,9876467.0
2026-09-29T08:15:00Z,node_1013,47.8,62.1,14348.0,8438711.0,1789924.0
2026-09-29T08:20:00Z,node_1029,68.9,92.5,9599.0,4993136.0,2460732.0
2026-09-29T08:25:00Z,node_1023,17.0,32.5,5954.0,7085492.0,4229705.0
2026-09-29T08:30:00Z,node_1018,58.4,38.3,4875.0,4753880.0,1210536.0
2026-09-29T08:35:00Z,node_1042,59.7,34.2,1160.0,4645692.0,1387507.0
2026-09-29T08:40:00Z,node_1039,73.3,50.5,2176.0,409168.0,641570.0
2026-09-29T08:45:00Z,node_1041,48.5,27.5,13235.0,6937704.0,4465413.0
2026-09-29T08:50:00Z,node_1050,88.9,30.3,13083.0,1698310.0,4814814.0
2026-09-29T08:55:00Z,node_1037,6.2,71.8,10095.0,3834107.0,9495342.0
2026-09-29T09:00:00Z,node_1041,19.2,40.5,1331.0,9596200.0,692082.0
2026-09-29T09:05:00Z,node_1024,82.6,28.9,4443.0,4751102.0,7683939.0
2026-09-29T09:10:00Z,node_1009,15.2,20.5,1991.0,9216968.0,7169003.0
2026-09-29T09:15:00Z,node_1033,96.4,16.5,7078.0,7858189.0,3034247.0
2026-09-29T09:20:00Z,node_1034,20.7,76.7,6425.0,9085851.0,9566084.0
2026-09-29T09:25:00Z,node_1023,12.0,69.5,9278.0,2329067.0,3474705.0
2026-09-29T09:30:00Z,node_1015,50.6,94.0,2864.0,2376951.0,7761935.0
2026-09-29T09:35:00Z,node_1048,28.0,47.0,14592.0,5880071.0,8879511.0
2026-09-29T09:40:00Z,node_1010,11.3,58.6,2938.0,3769771.0,3759867.0
2026-09-29T09:45:00Z,node_1009,14.7,33.8,838.0,5633073.0,3080778.0
2026-09-29T09:50:00Z,node_1004,78.9,93.1,8647.0,7675720.0,7435242.0
2026-09-29T09:55:00Z,node_1006,78.1,11.6,13885.0,8990916.0,6937228.0
2026-09-29T10:00:00Z,node_1044,69.6,64.3,9434.0,8059252.0,2787071.0
2026-09-29T10:05:00Z,node_1028,55.9,60.0,11005.0,538530.0,7186924.0
2026-09-29T10:10:00Z,node_1021,34.9,48.4,13355.0,9433278.0,1150559.0
2026-09-29T10:15:00Z,node_1006,75.7,91.0,651.0,6922420.0,8218419.0
2026-09-29T10:20:00Z,node_1009,73.5,94.3,2326.0,7416212.0,6655506.0
2026-09-29T10:25:00Z,node_1009,76.3,81.8,743.0,6454920.0,9501985.0
2026-09-29T10:30:00Z,node_1033,71.8,36.6,7617.0,642793.0,8815964.0
2026-09-29T10:35:00Z,node_1032,90.4,11.8,9900.0,267295.0,6914903.0
2026-09-29T10:40:00Z,node_1009,8.7,73.4,10249.0,4779965.0,5616748.0
2026-09-29T10:45:00Z,node_1026,44.3,36.9,6763.0,8253906.0,5104898.0
2026-09-29T10:50:00Z,node_1020,80.1,51.3,12023.0,7224388.0,5404921.0
2026-09-29T10:55:00Z,node_1030,52.6,33.2,5215.0,4414648.0,7085867.0
2026-09-29T11:00:00Z,node_1015,89.1,20.5,4529.0,240924.0,3053320.0
2026-09-29T11:05:00Z,node_1003,60.9,47.6,7512.0,322730.0,1821143.0
2026-09-29T11:10:00Z,node_1001,67.7,35.9,762.0,430975.0,691853.0
2026-09-29T11:15:00Z,node_1029,28.7,79.2,12782.0,281381.0,2695319.0
2026-09-29T11:20:00Z,node_1012,19.4,72.3,4196.0,5610145.0,6101225.0
2026-09-29T11:25:00Z,node_1022,51.7,86.9,8999.0,7357681.0,3149405.0
2026-09-29T11:30:00Z,node_1007,76.5,10.6,6564.0,7298477.0,7271260.0
2026-09-29T11:35:00Z,node_1008,39.1,52.5,8480.0,2320903.0,1938192.0
2026-09-29T11:40:00Z,node_1010,54.3,34.7,4279.0,6879353.0,2402116.0
2026-09-29T11:45:00Z,node_1032,17.4,75.9,3002.0,8783592.0,8461138.0
2026-09-29T11:50:00Z,node_1004,30.1,59.2,9390.0,4390701.0,7874906.0
2026-09-29T11:55:00Z,node_1029,60.7,54.0,8797.0,1562944.0,4107227.0
2026-09-29T12:00:00Z,node_1017,54.1,24.2,14540.0,2392699.0,7710762.0
2026-09-29T12:05:00Z,node_1021,31.9,94.2,13425.0,2356028.0,3473607.0
2026-09-29T12:10:00Z,node_1047,41.1,88.4,11869.0,672433.0,4000512.0
2026-09-29T12:15:00Z,node_1011,46.3,64.8,13146.0,619483.0,2697500.0
2026-09-29T12:20:00Z,node_1006,25.4,82.3,11682.0,8998206.0,3527346.0
2026-09-29T12:25:00Z,node_1026,33.5,24.5,3793.0,608302.0,2947083.0
2026-09-29T12:30:00Z,node_1033,86.4,91.6,9585.0,9944016.0,7648250.0
2026-09-29T12:35:00Z,node_1040,75.8,17.4,3815.0,6611975.0,4804271.0
2026-09-29T12:40:00Z,node_1005,44.7,81.7,2983.0,7004517.0,4335777.0
2026-09-29T12:45:00Z,node_1029,17.0,92.9,9870.0,9160198.0,8377218.0
2026-09-29T12:50:00Z,node_1032,86.8,33.8,2876.0,7179054.0,9139419.0
2026-09-29T12:55:00Z,node_1031,29.7,28.1,4606.0,9565902.0,9592772.0
2026-09-29T13:00:00Z,node_1048,14.0,61.5,1994.0,421961.0,2585333.0
2026-09-29T13:05:00Z,node_1011,43.2,21.0,4917.0,565543.0,6314344.0
2026-09-29T13:10:00Z,node_1006,90.2,31.6,13756.0,3132577.0,4400922.0
2026-09-29T13:15:00Z,node_1030,57.6,72.1,13448.0,3001200.0,8031871.0
2026-09-29T13:20:00Z,node_1022,71.7,56.9,9802.0,8495213.0,995110.0
2026-09-29T13:25:00Z,node_1013,24.1,39.4,9470.0,9249405.0,3880134.0
2026-09-29T13:30:00Z,node_1029,53.4,15.8,11568.0,9293951.0,8077503.0
2026-09-29T13:35:00Z,node_1043,8.2,37.1,9966.0,8955183.0,8331351.0
2026-09-29T13:40:00Z,node_1021,9.2,22.3,5449.0,2036508.0,7077306.0
2026-09-29T13:45:00Z,node_1025,73.7,85.8,10572.0,7628682.0,4358853.0
2026-09-29T13:50:00Z,node_1044,71.7,27.3,1838.0,2651692.0,7205004.0
2026-09-29T13:55:00Z,node_1047,68.9,52.2,14124.0,8893848.0,6325160.0
2026-09-29T14:00:00Z,node_1017,70.9,90.4,3844.0,9570168.0,7046740.0
2026-09-29T14:05:00Z,node_1021,70.0,38.8,3750.0,6872350.0,6654250.0
2026-09-29T14:10:00Z,node_1021,29.5,45.0,5055.0,9261221.0,5167636.0
2026-09-29T14:15:00Z,node_1049,89.9,10.7,9178.0,2624611.0,3182654.0
2026-09-29T14:20:00Z,node_1029,27.9,12.5,13346.0,3488705.0,7191721.0
2026-09-29T14:25:00Z,node_1006,51.0,58.1,9778.0,5771954.0,7941732.0
2026-09-29T14:30:00Z,node_1018,18.4,10.7,8662.0,7468242.0,2242498.0
2026-09-29T14:35:00Z,node_1045,39.1,13.5,6833.0,5967291.0,6628877.0
2026-09-29T14:40:00Z,node_1003,89.7,22.5,11703.0,4774859.0,5154927.0
2026-09-29T14:45:00Z,node_1005,69.5,43.7,10272.0,287893.0,7668074.0
2026-09-29T14:50:00Z,node_1004,40.1,94.8,7791.0,4454151.0,6503271.0
2026-09-29T14:55:00Z,node_1027,63.9,33.3,11721.0,8145187.0,4035090.0
2026-09-29T15:00:00Z,node_1011,44.6,11.7,11174.0,5997264.0,8229838.0
2026-09-29T15:05:00Z,node_1013,39.3,12.9,7805.0,4799766.0,1809411.0
2026-09-29T15:10:00Z,node_1025,34.7,50.3,1517.0,3166596.0,1675241.0
2026-09-29T15:15:00Z,node_1009,11.6,64.8,7831.0,3821861.0,3347794.0
2026-09-29T15:20:00Z,node_1010,24.2,58.4,5362.0,6433229.0,3849119.0
2026-09-29T15:25:00Z,node_1030,73.1,76.4,4604.0,7186018.0,7748484.0
2026-09-29T15:30:00Z,node_1041,45.7,74.1,8469.0,5020969.0,9824059.0
2026-09-29T15:35:00Z,node_1042,43.1,52.1,5621.0,5501888.0,8571419.0
2026-09-29T15:40:00Z,node_1037,24.4,92.0,11111.0,471689.0,5213603.0
2026-09-29T15:45:00Z,node_1050,50.3,33.8,13959.0,2030879.0,4332732.0
2026-09-29T15:50:00Z,node_1007,65.4,68.9,12712.0,1080201.0,8612648.0
2026-09-29T15:55:00Z,node_1019,39.1,18.5,14951.0,733338.0,9435349.0
2026-09-29T16:00:00Z,node_1030,7.2,21.6,129.0,3564107.0,5416416.0
2026-09-29T16:05:00Z,node_1006,5.8,61.8,292.0,9565648.0,9715579.0
2026-09-29T16:10:00Z,node_1024,5.5,74.0,1700.0,3221007.0,5411527.0
2026-09-29T16:15:00Z,node_1031,34.0,25.8,10023.0,8125246.0,6005879.0
2026-09-29T16:20:00Z,node_1019,65.1,13.0,3122.0,928495.0,8893428.0
2026-09-29T16:25:00Z,node_1033,59.6,71.1,14780.0,3066648.0,5512100.0
2026-09-29T16:30:00Z,node_1025,44.3,54.3,2445.0,8470538.0,6391513.0
2026-09-29T16:35:00Z,node_1010,66.6,18.2,10241.0,3024025.0,2399511.0
2026-09-29T16:40:00Z,node_1005,21.9,42.3,6813.0,8916282.0,8714301.0
2026-09-29T16:45:00Z,node_1012,95.2,49.1,12764.0,4636074.0,3358752.0
2026-09-29T16:50:00Z,node_1022,79.5,74.1,11125.0,3262411.0,3880079.0
2026-09-29T16:55:00Z,node_1015,58.5,63.9,12840.0,7599253.0,460523.0
2026-09-29T17:00:00Z,node_1013,7.4,10.5,8260.0,9246225.0,1784423.0
2026-09-29T17:05:00Z,node_1015,38.1,47.3,9535.0,2705849.0,4359293.0
2026-09-29T17:10:00Z,node_1035,32.2,67.2,1410.0,3675388.0,9984063.0
2026-09-29T17:15:00Z,node_1041,74.3,63.0,1718.0,76681.0,528573.0
2026-09-29T17:20:00Z,node_1007,55.4,23.3,4259.0,7172189.0,7761021.0
2026-09-29T17:25:00Z,node_1032,57.2,89.4,12716.0,8769507.0,4134709.0
2026-09-29T17:30:00Z,node_1026,28.1,76.3,6349.0,4526210.0,4027922.0
2026-09-29T17:35:00Z,node_1008,73.9,21.7,6719.0,8313149.0,9693945.0
2026-09-29T17:40:00Z,node_1026,64.3,65.5,8976.0,2059902.0,3711901.0
2026-09-29T17:45:00Z,node_1047,80.7,78.6,3216.0,3489893.0,4072916.0
2026-09-29T17:50:00Z,node_1025,95.7,42.8,606.0,2872585.0,5480380.0
2026-09-29T17:55:00Z,node_1002,65.0,53.3,1983.0,5493817.0,8808032.0
2026-09-29T18:00:00Z,node_1036,6.3,51.8,350.0,8696874.0,9741314.0
2026-09-29T18:05:00Z,node_1014,17.0,81.3,8296.0,6488507.0,2418851.0
2026-09-29T18:10:00Z,node_1039,9.5,44.3,10232.0,4259095.0,3134125.0
2026-09-29T18:15:00Z,node_1017,48.7,74.8,7215.0,8338834.0,6035721.0
2026-09-29T18:20:00Z,node_1023,34.1,34.8,8887.0,5919211.0,8308301.0
2026-09-29T18:25:00Z,node_1009,84.3,43.1,12674.0,9508961.0,4559483.0
2026-09-29T18:30:00Z,node_1034,90.2,39.2,4327.0,5104992.0,8252361.0
2026-09-29T18:35:00Z,node_1009,44.2,20.4,2494.0,8208910.0,2821820.0
2026-09-29T18:40:00Z,node_1002,53.8,68.6,6448.0,4587127.0,9200833.0
2026-09-29T18:45:00Z,node_1034,6.7,94.4,9870.0,7121813.0,6139151.0
2026-09-29T18:50:00Z,node_1044,37.0,13.3,13008.0,3325415.0,4454764.0
2026-09-29T18:55:00Z,node_1041,12.5,73.9,11922.0,1618242.0,4529284.0
2026-09-29T19:00:00Z,node_1043,89.3,53.2,6087.0,5936755.0,9416170.0
2026-09-29T19:05:00Z,node_1050,7.1,79.0,2261.0,4288426.0,7091533.0
2026-09-29T19:10:00Z,node_1022,20.5,61.1,10178.0,5886214.0,6726693.0
2026-09-29T19:15:00Z,node_1001,59.2,76.7,3477.0,6101378.0,4542705.0
2026-09-29T19:20:00Z,node_1050,41.6,81.2,8743.0,8789930.0,3081605.0
2026-09-29T19:25:00Z,node_1048,71.4,87.8,10520.0,76143.0,2250947.0
2026-09-29T19:30:00Z,node_1040,26.3,92.8,14643.0,3507110.0,192278.0
2026-09-29T19:35:00Z,node_1039,48.4,84.9,612.0,7495979.0,6173791.0
2026-09-29T19:40:00Z,node_1015,19.8,89.7,1334.0,6754903.0,205937.0
2026-09-29T19:45:00Z,node_1043,57.3,81.2,5249.0,7124399.0,6089072.0
2026-09-29T19:50:00Z,node_1033,80.3,86.8,6092.0,2675011.0,3857829.0
2026-09-29T19:55:00Z,node_1014,6.5,51.1,6931.0,1435887.0,912503.0
2026-09-29T20:00:00Z,node_1034,42.9,33.1,3439.0,1001960.0,4877342.0
2026-09-29T20:05:00Z,node_1049,92.2,17.1,9411.0,3608875.0,6228500.0
2026-09-29T20:10:00Z,node_1037,7.9,78.1,2918.0,7371110.0,8048047.0
2026-09-29T20:15:00Z,node_1011,9.4,64.0,5672.0,3564341.0,6587953.0
2026-09-29T20:20:00Z,node_1013,80.1,21.8,2511.0,1492017.0,9692786.0
2026-09-29T20:25:00Z,node_1004,33.2,51.5,12367.0,3166839.0,6972139.0
2026-09-29T20:30:00Z,node_1038,45.2,36.9,12828.0,6108566.0,3250567.0
2026-09-29T20:35:00Z,node_1039,55.7,70.6,112.0,2868794.0,2664259.0
2026-09-29T20:40:00Z,node_1045,17.2,77.9,14912.0,3826139.0,1201479.0
2026-09-29T20:45:00Z,node_1028,86.8,16.1,4529.0,4106580.0,8385804.0
2026-09-29T20:50:00Z,node_1019,49.7,76.2,11565.0,4041474.0,1120864.0
2026-09-29T20:55:00Z,node_1043,95.5,45.8,8593.0,8302588.0,7709134.0
2026-09-29T21:00:00Z,node_1039,42.5,53.7,4202.0,2914936.0,9345261.0
2026-09-29T21:05:00Z,node_1048,30.1,83.9,12027.0,2212161.0,5195735.0
2026-09-29T21:10:00Z,node_1036,36.3,28.1,6529.0,7712337.0,1215272.0
2026-09-29T21:15:00Z,node_1017,67.5,48.4,1702.0,1832973.0,1910747.0
2026-09-29T21:20:00Z,node_1043,69.5,13.8,12824.0,3292198.0,9056785.0
2026-09-29T21:25:00Z,node_1009,62.1,38.2,10199.0,8193662.0,9567539.0
2026-09-29T21:30:00Z,node_1006,81.7,68.9,11564.0,3420686.0,9586761.0
2026-09-29T21:35:00Z,node_1032,98.9,19.8,701.0,3248502.0,73984.0
2026-09-29T21:40:00Z,node_1014,17.1,22.1,4683.0,3465288.0,17927.0
2026-09-29T21:45:00Z,node_1028,22.6,48.9,2787.0,6569544.0,2434457.0
2026-09-29T21:50:00Z,node_1045,88.5,32.4,6535.0,805635.0,8080869.0
2026-09-29T21:55:00Z,node_1038,64.9,90.5,10083.0,8701380.0,8680784.0
2026-09-29T22:00:00Z,node_1037,30.3,16.0,10964.0,601726.0,7927850.0
2026-09-29T22:05:00Z,node_1031,27.1,48.2,13995.0,6037397.0,5292064.0
2026-09-29T22:10:00Z,node_1011,58.6,61.1,9870.0,9667206.0,1609159.0
2026-09-29T22:15:00Z,node_1048,96.3,58.5,10941.0,5341763.0,2496561.0
2026-09-29T22:20:00Z,node_1020,35.8,45.3,8774.0,9087018.0,5400833.0
2026-09-29T22:25:00Z,node_1029,19.1,23.2,13946.0,9011610.0,2028132.0
2026-09-29T22:30:00Z,node_1031,88.8,79.3,4160.0,561250.0,6919611.0
2026-09-29T22:35:00Z,node_1003,69.8,23.5,5037.0,7182932.0,885228.0
2026-09-29T22:40:00Z,node_1018,95.3,10.9,2256.0,2783643.0,6291098.0
2026-09-29T22:45:00Z,node_1034,19.1,90.2,1469.0,1948184.0,3760917.0
2026-09-29T22:50:00Z,node_1005,68.6,73.7,3480.0,8621460.0,7198838.0
2026-09-29T22:55:00Z,node_1004,34.0,47.0,8017.0,3276988.0,7543312.0
2026-09-29T23:00:00Z,node_1011,41.1,94.4,14636.0,9060319.0,5102438.0
2026-09-29T23:05:00Z,node_1026,46.5,77.2,5769.0,7841648.0,3399791.0
2026-09-29T23:10:00Z,node_1018,40.8,90.0,13429.0,7909727.0,9684075.0
2026-09-29T23:15:00Z,node_1023,18.4,84.9,4088.0,3779949.0,7513596.0
2026-09-29T23:20:00Z,node_1004,27.4,70.2,14761.0,1916084.0,7989406.0
2026-09-29T23:25:00Z,node_1043,33.7,77.9,11510.0,4343104.0,2633302.0
2026-09-29T23:30:00Z,node_1024,60.0,45.9,11983.0,6136631.0,3953005.0
2026-09-29T23:35:00Z,node_1010,87.7,93.1,1580.0,7105722.0,2410894.0
2026-09-29T23:40:00Z,node_1002,68.3,87.9,14980.0,4120818.0,1585195.0
2026-09-29T23:45:00Z,node_1009,18.8,60.5,13487.0,744895.0,3563534.0
2026-09-29T23:50:00Z,node_1019,76.3,71.9,12383.0,8876622.0,6098924.0
2026-09-29T23:55:00Z,node_1007,45.8,43.1,14120.0,2765248.0,8123970.0
2026-09-30T00:00:00Z,node_1035,60.0,15.1,4638.0,3666977.0,5617585.0
2026-09-30T00:05:00Z,node_1019,11.4,57.8,8116.0,8516281.0,4773844.0
2026-09-30T00:10:00Z,node_1022,23.5,59.7,13585.0,2560313.0,8640266.0
2026-09-30T00:15:00Z,node_1010,40.8,19.6,6406.0,334654.0,9053570.0
2026-09-30T00:20:00Z,node_1049,60.8,16.4,12638.0,7931839.0,5226367.0
2026-09-30T00:25:00Z,node_1009,5.1,82.1,3940.0,4747564.0,9690934.0
2026-09-30T00:30:00Z,node_1005,12.3,28.8,14000.0,8016200.0,3098690.0
2026-09-30T00:35:00Z,node_1029,21.7,22.9,2072.0,2858889.0,2437732.0
2026-09-30T00:40:00Z,node_1025,13.5,23.8,14592.0,9196723.0,22888.0
2026-09-30T00:45:00Z,node_1036,23.2,63.0,1245.0,7897750.0,1055946.0
2026-09-30T00:50:00Z,node_1027,5.1,63.0,3884.0,2182696.0,3014262.0
2026-09-30T00:55:00Z,node_1004,98.4,90.8,14638.0,3739746.0,6329145.0
2026-09-30T01:00:00Z,node_1021,60.4,17.6,14859.0,5899384.0,860702.0
2026-09-30T01:05:00Z,node_1009,5.4,56.9,10445.0,4308969.0,2079973.0
2026-09-30T01:10:00Z,node_1043,95.2,77.4,2573.0,2078576.0,4940639.0
2026-09-30T01:15:00Z,node_1029,30.5,69.0,11947.0,2677816.0,9413471.0
2026-09-30T01:20:00Z,node_1016,48.0,45.7,9143.0,9464639.0,1668557.0
2026-09-30T01:25:00Z,node_1010,67.7,17.3,6944.0,7920818.0,4615029.0
2026-09-30T01:30:00Z,node_1004,87.0,26.8,13337.0,5166120.0,3677140.0
2026-09-30T01:35:00Z,node_1012,86.5,88.4,3114.0,9075404.0,2309540.0
2026-09-30T01:40:00Z,node_1002,51.0,39.9,3186.0,8463697.0,5062905.0
2026-09-30T01:45:00Z,node_1021,9.2,72.7,11106.0,466914.0,5032892.0
2026-09-30T01:50:00Z,node_1016,18.3,61.5,5318.0,5606789.0,4086539.0
2026-09-30T01:55:00Z,node_1020,70.1,19.7,12527.0,374044.0,4934803.0
2026-09-30T02:00:00Z,node_1009,18.2,71.9,5835.0,844145.0,2865846.0
2026-09-30T02:05:00Z,node_1049,35.3,54.1,3526.0,2967958.0,2653256.0
2026-09-30T02:10:00Z,node_1018,70.7,60.4,14091.0,3514444.0,4483835.0
2026-09-30T02:15:00Z,node_1005,84.3,27.1,2858.0,1946484.0,5852595.0
2026-09-30T02:20:00Z,node_1032,50.3,65.7,13571.0,9096873.0,6875285.0
2026-09-30T02:25:00Z,node_1010,21.5,15.2,7417.0,8877921.0,7845919.0
2026-09-30T02:30:00Z,node_1045,92.8,53.0,7316.0,5076889.0,6621070.0
2026-09-30T02:35:00Z,node_1030,57.3,81.1,11230.0,5143314.0,4718858.0
2026-09-30T02:40:00Z,node_1026,53.0,20.7,10558.0,4406670.0,2970058.0
2026-09-30T02:45:00Z,node_1016,80.8,10.6,702.0,8157857.0,7212444.0
2026-09-30T02:50:00Z,node_1037,52.3,67.9,2746.0,1973910.0,9139441.0
2026-09-30T02:55:00Z,node_1016,74.4,67.6,7013.0,9212810.0,7851130.0
2026-09-30T03:00:00Z,node_1047,73.1,79.2,3063.0,8784579.0,8096370.0
2026-09-30T03:05:00Z,node_1048,70.3,50.9,8098.0,3957839.0,8888939.0
2026-09-30T03:10:00Z,node_1020,33.4,84.5,13905.0,8000148.0,3646790.0
2026-09-30T03:15:00Z,node_1049,41.0,85.6,7596.0,9224898.0,8450323.0
2026-09-30T03:20:00Z,node_1014,41.7,24.0,10017.0,7855024.0,6851823.0
2026-09-30T03:25:00Z,node_1029,33.4,11.6,11485.0,9422831.0,4921026.0
2026-09-30T03:30:00Z,node_1024,69.0,12.4,9153.0,9643495.0,7437335.0
2026-09-30T03:35:00Z,node_1011,27.6,58.2,6498.0,7356846.0,661948.0
2026-09-30T03:40:00Z,node_1018,88.3,62.5,12131.0,2778623.0,3031863.0
2026-09-30T03:45:00Z,node_1039,79.2,84.1,14177.0,1132168.0,9141540.0
2026-09-30T03:50:00Z,node_1032,41.7,81.6,7144.0,4371381.0,9004536.0
2026-09-30T03:55:00Z,node_1012,91.2,69.9,7791.0,5966213.0,8724196.0
2026-09-30T04:00:00Z,node_1005,77.7,55.9,4035.0,3533965.0,4131669.0
2026-09-30T04:05:00Z,node_1050,74.2,20.7,8925.0,8471171.0,585327.0
2026-09-30T04:10:00Z,node_1046,32.9,84.1,5014.0,5177668.0,2454391.0
2026-09-30T04:15:00Z,node_1040,42.9,65.3,11639.0,3450614.0,6762427.0
2026-09-30T04:20:00Z,node_1025,24.3,43.8,1643.0,8798663.0,3992882.0
2026-09-30T04:25:00Z,node_1028,51.0,64.9,5307.0,5016571.0,2603952.0
2026-09-30T04:30:00Z,node_1028,45.4,14.2,7966.0,4274123.0,4395009.0
2026-09-30T04:35:00Z,node_1003,7.7,51.7,1651.0,3928903.0,6272001.0
2026-09-30T04:40:00Z,node_1040,90.6,46.0,2308.0,242491.0,6827214.0
2026-09-30T04:45:00Z,node_1041,32.2,80.6,12388.0,3912958.0,2660071.0
2026-09-30T04:50:00Z,node_1047,96.2,70.4,884.0,9988777.0,7011548.0
2026-09-30T04:55:00Z,node_1039,33.2,19.6,6958.0,448521.0,7783775.0
2026-09-30T05:00:00Z,node_1003,82.2,87.9,9669.0,968063.0,5566297.0
2026-09-30T05:05:00Z,node_1031,58.1,73.8,3352.0,704389.0,7190510.0
2026-09-30T05:10:00Z,node_1024,84.4,12.5,4244.0,2654883.0,4480912.0
2026-09-30T05:15:00Z,node_1025,25.6,76.1,121.0,359143.0,7279920.0
2026-09-30T05:20:00Z,node_1026,65.8,84.4,9690.0,9813821.0,3627504.0
2026-09-30T05:25:00Z,node_1009,51.8,58.9,110.0,1888255.0,1432641.0
2026-09-30T05:30:00Z,node_1027,9.3,48.5,9835.0,4180109.0,6978407.0
2026-09-30T05:35:00Z,node_1013,56.3,15.1,7520.0,9436484.0,7147461.0
2026-09-30T05:40:00Z,node_1031,15.5,66.2,13807.0,8935826.0,1999421.0
2026-09-30T05:45:00Z,node_1039,11.0,32.6,12144.0,1855442.0,2243963.0
2026-09-30T05:50:00Z,node_1022,43.7,43.8,4255.0,2574349.0,8758588.0
2026-09-30T05:55:00Z,node_1043,62.2,78.8,6492.0,8577357.0,7636355.0
2026-09-30T06:00:00Z,node_1033,59.5,41.2,12049.0,2088940.0,905752.0
2026-09-30T06:05:00Z,node_1002,17.6,50.9,4188.0,6131864.0,9982638.0
2026-09-30T06:10:00Z,node_1003,81.7,62.5,8034.0,4629529.0,5572778.0
2026-09-30T06:15:00Z,node_1002,28.4,24.1,11649.0,3693376.0,8221274.0
2026-09-30T06:20:00Z,node_1031,48.3,40.7,3770.0,3857753.0,6859435.0
2026-09-30T06:25:00Z,node_1019,73.8,77.0,14464.0,837906.0,7096544.0
2026-09-30T06:30:00Z,node_1001,7.8,50.3,1735.0,9333445.0,6945390.0
2026-09-30T06:35:00Z,node_1009,71.0,45.8,3800.0,4215550.0,5712999.0
2026-09-30T06:40:00Z,node_1020,65.7,86.3,2471.0,6126071.0,3963758.0
2026-09-30T06:45:00Z,node_1034,80.7,30.6,10461.0,5806277.0,8679329.0
2026-09-30T06:50:00Z,node_1007,59.3,90.0,12622.0,5780255.0,6725986.0
2026-09-30T06:55:00Z,node_1038,96.3,81.7,14975.0,6184860.0,8067182.0
2026-09-30T07:00:00Z,node_1002,81.9,23.9,6643.0,3197262.0,1280902.0
2026-09-30T07:05:00Z,node_1031,30.7,63.5,138.0,7770899.0,8240951.0
2026-09-30T07:10:00Z,node_1004,91.0,60.2,6204.0,4775015.0,9249133.0
2026-09-30T07:15:00Z,node_1006,75.6,36.8,8192.0,9600282.0,807533.0
2026-09-30T07:20:00Z,node_1044,18.8,87.6,3877.0,1542390.0,8871692.0
2026-09-30T07:25:00Z,node_1034,14.6,67.3,13792.0,8131792.0,2634854.0
2026-09-30T07:30:00Z,node_1041,65.3,81.4,5012.0,4245974.0,5284120.0
2026-09-30T07:35:00Z,node_1019,30.4,54.0,12666.0,1004161.0,3854016.0
2026-09-30T07:40:00Z,node_1007,31.5,65.2,344.0,4339287.0,8479179.0
2026-09-30T07:45:00Z,node_1015,12.9,79.0,13599.0,4297885.0,1372725.0
2026-09-30T07:50:00Z,node_1002,67.2,28.7,393.0,3964791.0,3152081.0
2026-09-30T07:55:00Z,node_1042,30.3,38.7,12107.0,7204304.0,3066168.0
2026-09-30T08:00:00Z,node_1008,46.7,88.1,1291.0,8222173.0,5118398.0
2026-09-30T08:05:00Z,node_1004,81.8,82.5,7890.0,6664221.0,7062215.0
2026-09-30T08:10:00Z,node_1038,87.8,89.0,8673.0,3892814.0,4435531.0
2026-09-30T08:15:00Z,node_1006,50.4,11.0,7522.0,1571161.0,5228969.0
2026-09-30T08:20:00Z,node_1023,66.9,83.6,12258.0,5764097.0,6231222.0
2026-09-30T08:25:00Z,node_1037,86.7,59.5,2060.0,8568766.0,7055477.0
2026-09-30T08:30:00Z,node_1042,55.2,40.8,7156.0,5010394.0,9307666.0
2026-09-30T08:35:00Z,node_1012,57.6,33.0,4438.0,6491314.0,7294896.0
2026-09-30T08:40:00Z,node_1032,57.2,17.9,956.0,4890317.0,600070.0
2026-09-30T08:45:00Z,node_1019,96.2,84.1,10688.0,9194756.0,583241.0
2026-09-30T08:50:00Z,node_1006,97.6,12.9,1679.0,5847937.0,6687163.0
2026-09-30T08:55:00Z,node_1045,29.2,37.4,3700.0,4720968.0,212696.0
2026-09-30T09:00:00Z,node_1049,85.3,57.5,4951.0,2955795.0,6502677.0
2026-09-30T09:05:00Z,node_1030,76.1,34.3,7314.0,3420279.0,3478625.0
2026-09-30T09:10:00Z,node_1017,10.1,18.2,9641.0,3871995.0,1808698.0
2026-09-30T09:15:00Z,node_1003,27.8,68.6,14993.0,1921047.0,1283140.0
2026-09-30T09:20:00Z,node_1027,87.0,89.3,5748.0,8657070.0,2194832.0
2026-09-30T09:25:00Z,node_1033,21.6,17.1,4757.0,7148373.0,6077473.0
2026-09-30T09:30:00Z,node_1029,18.9,86.5,6460.0,7047613.0,7493639.0
2026-09-30T09:35:00Z,node_1039,29.3,52.2,13131.0,8087490.0,4968124.0
2026-09-30T09:40:00Z,node_1019,94.8,42.3,7172.0,9825463.0,9564235.0
2026-09-30T09:45:00Z,node_1028,60.2,40.7,2182.0,5422475.0,7019376.0
2026-09-30T09:50:00Z,node_1044,87.7,57.9,2175.0,8450956.0,3917122.0
2026-09-30T09:55:00Z,node_1050,78.1,25.4,11387.0,2595887.0,150231.0
2026-09-30T10:00:00Z,node_1029,37.4,36.9,12865.0,9156095.0,520287.0
2026-09-30T10:05:00Z,node_1038,91.4,20.9,6865.0,2756911.0,7113638.0
2026-09-30T10:10:00Z,node_1018,19.8,45.9,12546.0,1057898.0,7193753.0
2026-09-30T10:15:00Z,node_1032,64.7,53.4,12325.0,9592256.0,2432976.0
2026-09-30T10:20:00Z,node_1014,39.5,68.3,6731.0,1368992.0,6514674.0
2026-09-30T10:25:00Z,node_1046,44.6,93.5,10065.0,4675647.0,684718.0
2026-09-30T10:30:00Z,node_1023,71.7,77.1,11854.0,3830948.0,1379827.0
2026-09-30T10:35:00Z,node_1035,66.7,55.5,10388.0,4020277.0,5061178.0
2026-09-30T10:40:00Z,node_1029,40.9,22.0,9218.0,497463.0,4930693.0
2026-09-30T10:45:00Z,node_1024,74.4,56.1,14284.0,7583966.0,3987175.0
2026-09-30T10:50:00Z,node_1042,61.8,61.9,1423.0,1362762.0,5368804.0
2026-09-30T10:55:00Z,node_1044,15.8,32.0,12945.0,9932124.0,2547329.0
2026-09-30T11:00:00Z,node_1012,84.9,49.6,13789.0,2158532.0,5201080.0
2026-09-30T11:05:00Z,node_1048,18.3,49.8,3154.0,4926406.0,2227050.0
2026-09-30T11:10:00Z,node_1011,62.8,80.0,586.0,7224842.0,3337458.0
2026-09-30T11:15:00Z,node_1025,90.9,27.3,14133.0,7719965.0,3403883.0
2026-09-30T11:20:00Z,node_1029,91.9,91.9,8131.0,2768643.0,9071267.0
2026-09-30T11:25:00Z,node_1007,5.9,45.9,9947.0,2045567.0,2098728.0
2026-09-30T11:30:00Z,node_1049,33.2,79.5,13838.0,4583620.0,976906.0
2026-09-30T11:35:00Z,node_1024,63.8,48.1,4660.0,6365826.0,5652976.0
2026-09-30T11:40:00Z,node_1007,87.6,53.3,2889.0,9357739.0,7239413.0
2026-09-30T11:45:00Z,node_1004,79.5,90.3,7853.0,6892519.0,5352585.0
2026-09-30T11:50:00Z,node_1026,59.9,14.2,2690.0,2120470.0,7378087.0
2026-09-30T11:55:00Z,node_1025,50.7,40.4,8875.0,9049294.0,8487995.0
2026-09-30T12:00:00Z,node_1023,25.3,94.0,7669.0,4329085.0,2346583.0
2026-09-30T12:05:00Z,node_1022,52.2,20.5,1032.0,9864683.0,2976375.0
2026-09-30T12:10:00Z,node_1035,68.2,54.5,1126.0,6201916.0,9455438.0
2026-09-30T12:15:00Z,node_1015,90.1,51.6,10261.0,1240312.0,7342763.0
2026-09-30T12:20:00Z,node_1050,76.2,44.6,8994.0,8841406.0,459252.0
2026-09-30T12:25:00Z,node_1041,82.1,76.1,6822.0,6360411.0,1301119.0
2026-09-30T12:30:00Z,node_1039,22.4,18.2,1388.0,9576796.0,5870756.0
2026-09-30T12:35:00Z,node_1022,19.4,60.8,7357.0,8978019.0,352673.0
2026-09-30T12:40:00Z,node_1049,14.3,37.1,3005.0,3590045.0,1653435.0
2026-09-30T12:45:00Z,node_1008,32.0,50.5,10991.0,4613080.0,9975967.0
2026-09-30T12:50:00Z,node_1005,6.9,13.2,12507.0,4821680.0,8390020.0
2026-09-30T12:55:00Z,node_1003,98.1,18.0,3002.0,553549.0,4654771.0
2026-09-30T13:00:00Z,node_1040,8.5,10.1,7136.0,8734906.0,7091243.0
2026-09-30T13:05:00Z,node_1030,67.5,74.1,14992.0,7693068.0,8863902.0
2026-09-30T13:10:00Z,node_1047,48.0,53.2,5268.0,1950756.0,244710.0
2026-09-30T13:15:00Z,node_1014,28.2,13.7,12989.0,7123804.0,9499001.0
2026-09-30T13:20:00Z,node_1010,31.3,40.0,11419.0,5080397.0,858305.0
2026-09-30T13:25:00Z,node_1043,16.0,70.8,7668.0,7523442.0,4770648.0
2026-09-30T13:30:00Z,node_1025,92.6,68.1,10067.0,341909.0,1588905.0
2026-09-30T13:35:00Z,node_1043,68.6,59.8,8908.0,5255085.0,258871.0
2026-09-30T13:40:00Z,node_1018,79.2,43.2,2109.0,9787781.0,1847848.0
2026-09-30T13:45:00Z,node_1023,44.2,51.9,337.0,2740540.0,7520268.0
2026-09-30T13:50:00Z,node_1013,15.1,84.4,13596.0,7925902.0,7867415.0
2026-09-30T13:55:00Z,node_1019,75.6,59.2,13612.0,9211390.0,1847501.0
2026-09-30T14:00:00Z,node_1037,16.5,80.9,6588.0,6348234.0,6422294.0
2026-09-30T14:05:00Z,node_1027,88.6,34.6,12016.0,900812.0,8884249.0
2026-09-30T14:10:00Z,node_1012,86.0,22.2,3265.0,2338453.0,1550629.0
2026-09-30T14:15:00Z,node_1027,9.9,24.0,9400.0,4231589.0,1420363.0
2026-09-30T14:20:00Z,node_1042,82.0,76.8,14504.0,9238512.0,4192929.0
2026-09-30T14:25:00Z,node_1011,85.5,41.6,7145.0,3943440.0,7338526.0
2026-09-30T14:30:00Z,node_1043,45.6,71.9,1034.0,9292944.0,7607299.0
2026-09-30T14:35:00Z,node_1025,28.0,72.0,122.0,7672482.0,6688330.0
2026-09-30T14:40:00Z,node_1005,32.1,14.2,3194.0,7766120.0,8963402.0
2026-09-30T14:45:00Z,node_1012,36.8,28.6,9388.0,9231317.0,3910413.0
2026-09-30T14:50:00Z,node_1022,82.6,15.7,10444.0,7875030.0,1056608.0
2026-09-30T14:55:00Z,node_1025,72.3,68.6,2499.0,7202884.0,6948266.0
2026-09-30T15:00:00Z,node_1001,12.6,10.5,3506.0,105959.0,6737404.0
2026-09-30T15:05:00Z,node_1044,75.0,62.9,14653.0,3844755.0,8627995.0
2026-09-30T15:10:00Z,node_1044,73.7,24.3,7851.0,3551001.0,1939847.0
2026-09-30T15:15:00Z,node_1038,85.2,44.5,14223.0,4476337.0,6922513.0
2026-09-30T15:20:00Z,node_1030,14.9,36.7,3642.0,468092.0,4957565.0
2026-09-30T15:25:00Z,node_1043,67.0,28.8,6624.0,2347175.0,4128448.0
2026-09-30T15:30:00Z,node_1029,72.0,81.0,3944.0,9761957.0,8851229.0
2026-09-30T15:35:00Z,node_1005,41.2,87.3,7906.0,6942557.0,6828437.0
2026-09-30T15:40:00Z,node_1029,95.2,64.1,11624.0,9338238.0,3375240.0
2026-09-30T15:45:00Z,node_1049,25.2,59.4,13661.0,5527727.0,8858976.0
2026-09-30T15:50:00Z,node_1025,7.9,92.9,10291.0,7824192.0,9248888.0
2026-09-30T15:55:00Z,node_1021,98.3,72.3,6891.0,4604417.0,8160259.0
2026-09-30T16:00:00Z,node_1036,74.5,54.0,2244.0,6047114.0,5422440.0
2026-09-30T16:05:00Z,node_1025,93.1,64.7,6561.0,1790240.0,881331.0
2026-09-30T16:10:00Z,node_1004,73.7,82.2,13894.0,6739074.0,9994053.0
2026-09-30T16:15:00Z,node_1044,54.7,22.3,11330.0,7342785.0,5280528.0
2026-09-30T16:20:00Z,node_1029,88.7,30.4,3407.0,2046287.0,6307480.0
2026-09-30T16:25:00Z,node_1024,43.0,22.8,13154.0,8496691.0,14532.0
2026-09-30T16:30:00Z,node_1022,94.8,11.3,13791.0,3581043.0,7506025.0
2026-09-30T16:35:00Z,node_1026,84.6,49.1,9771.0,5587220.0,6267787.0
2026-09-30T16:40:00Z,node_1039,11.5,52.7,14490.0,9527605.0,6822886.0
2026-09-30T16:45:00Z,node_1049,57.4,51.6,2533.0,826808.0,8698021.0
2026-09-30T16:50:00Z,node_1003,74.7,15.5,3986.0,2904206.0,6912879.0
2026-09-30T16:55:00Z,node_1012,45.4,54.6,540.0,837433.0,5138989.0
2026-09-30T17:00:00Z,node_1026,17.7,25.7,2903.0,6614179.0,4220708.0
2026-09-30T17:05:00Z,node_1035,94.8,73.9,7647.0,8034690.0,4465255.0
2026-09-30T17:10:00Z,node_1028,65.0,26.5,4109.0,1835330.0,8128428.0
2026-09-30T17:15:00Z,node_1048,63.9,41.0,9178.0,1042364.0,17534.0
2026-09-30T17:20:00Z,node_1012,66.1,10.5,6912.0,3252129.0,1566752.0
2026-09-30T17:25:00Z,node_1011,58.7,59.4,2625.0,3432507.0,5703180.0
2026-09-30T17:30:00Z,node_1037,80.2,63.6,14328.0,2637530.0,2307040.0
2026-09-30T17:35:00Z,node_1003,80.7,16.1,12508.0,8156315.0,8788250.0
2026-09-30T17:40:00Z,node_1029,15.7,59.6,9918.0,6125719.0,3026792.0
2026-09-30T17:45:00Z,node_1037,54.2,17.1,13216.0,2891182.0,4225157.0
2026-09-30T17:50:00Z,node_1017,40.5,74.4,13482.0,4936469.0,4892914.0
2026-09-30T17:55:00Z,node_1049,46.3,42.4,14133.0,3762048.0,7140468.0
2026-09-30T18:00:00Z,node_1039,50.3,30.1,6274.0,1289811.0,1882325.0
2026-09-30T18:05:00Z,node_1030,35.6,52.7,13135.0,5655973.0,5034453.0
2026-09-30T18:10:00Z,node_1046,5.9,73.3,9455.0,2670483.0,3457509.0
2026-09-30T18:15:00Z,node_1030,14.8,91.8,9451.0,5273945.0,992079.0
2026-09-30T18:20:00Z,node_1001,76.5,60.7,13770.0,8047342.0,7940883.0
2026-09-30T18:25:00Z,node_1023,72.8,67.5,10364.0,3107687.0,4966319.0
2026-09-30T18:30:00Z,node_1037,94.3,70.4,13740.0,6725871.0,9553815.0
2026-09-30T18:35:00Z,node_1040,19.7,62.6,11705.0,2103774.0,8225839.0
2026-09-30T18:40:00Z,node_1043,39.6,83.4,14224.0,1520917.0,7609116.0
2026-09-30T18:45:00Z,node_1018,84.3,32.8,373.0,3478053.0,5305719.0
2026-09-30T18:50:00Z,node_1007,61.2,60.8,2321.0,7685641.0,1512080.0
2026-09-30T18:55:00Z,node_1018,28.4,26.3,11459.0,8357623.0,2761781.0
2026-09-30T19:00:00Z,node_1014,27.8,52.0,7624.0,235745.0,5230940.0
2026-09-30T19:05:00Z,node_1045,56.7,48.4,13856.0,6735821.0,7878762.0
2026-09-30T19:10:00Z,node_1013,94.3,58.7,13726.0,8666822.0,3112892.0
2026-09-30T19:15:00Z,node_1033,96.4,23.5,11347.0,9964712.0,6314431.0
2026-09-30T19:20:00Z,node_1042,91.4,54.0,4575.0,2356213.0,9914293.0
2026-09-30T19:25:00Z,node_1007,77.7,90.3,193.0,4711113.0,2470146.0
2026-09-30T19:30:00Z,node_1005,68.1,83.0,11052.0,7043107.0,9177213.0
2026-09-30T19:35:00Z,node_1025,64.6,84.0,5634.0,4003182.0,2936202.0
2026-09-30T19:40:00Z,node_1025,82.8,20.4,6958.0,172241.0,5301598.0
2026-09-30T19:45:00Z,node_1024,50.7,87.9,10935.0,2598705.0,2016290.0
2026-09-30T19:50:00Z,node_1009,48.0,84.3,10991.0,7013729.0,7145891.0
2026-09-30T19:55:00Z,node_1023,91.8,30.6,10219.0,630074.0,3319527.0
2026-09-30T20:00:00Z,node_1014,72.0,66.6,12751.0,731968.0,1014892.0
2026-09-30T20:05:00Z,node_1038,49.7,66.1,12737.0,3840181.0,9743980.0
2026-09-30T20:10:00Z,node_1020,17.5,20.9,9222.0,2606039.0,8528907.0
2026-09-30T20:15:00Z,node_1046,69.0,33.0,3730.0,343581.0,4461480.0
2026-09-30T20:20:00Z,node_1044,85.7,37.2,2845.0,952093.0,322789.0
2026-09-30T20:25:00Z,node_1015,52.4,10.4,12718.0,264062.0,9316035.0
2026-09-30T20:30:00Z,node_1026,75.5,61.6,5283.0,9057906.0,6500283.0
2026-09-30T20:35:00Z,node_1036,31.9,38.2,8399.0,196183.0,3486602.0
2026-09-30T20:40:00Z,node_1046,62.5,58.7,625.0,2104866.0,4115209.0
2026-09-30T20:45:00Z,node_1004,78.0,56.0,13424.0,598274.0,4200013.0
2026-09-30T20:50:00Z,node_1044,63.4,94.6,1435.0,3939171.0,6965076.0
2026-09-30T20:55:00Z,node_1044,53.7,59.5,7126.0,6328837.0,3618000.0
2026-09-30T21:00:00Z,node_1023,66.2,70.8,1622.0,9308748.0,9825329.0
2026-09-30T21:05:00Z,node_1019,43.0,17.9,9067.0,8199558.0,9905912.0
2026-09-30T21:10:00Z,node_1013,10.9,34.2,6717.0,3167852.0,4722472.0
2026-09-30T21:15:00Z,node_1011,94.6,44.5,12845.0,3135444.0,7188437.0
2026-09-30T21:20:00Z,node_1013,56.9,64.3,9304.0,4782981.0,5396403.0
2026-09-30T21:25:00Z,node_1034,62.3,74.3,2794.0,5639791.0,7768207.0
2026-09-30T21:30:00Z,node_1043,12.5,86.4,8103.0,2205781.0,5048105.0
2026-09-30T21:35:00Z,node_1013,58.6,10.4,1198.0,1139799.0,6454033.0
2026-09-30T21:40:00Z,node_1031,24.6,52.0,11912.0,3553653.0,2470661.0
2026-09-30T21:45:00Z,node_1036,98.7,62.7,12612.0,847662.0,5131624.0
2026-09-30T21:50:00Z,node_1034,87.0,27.6,14519.0,6225835.0,45165.0
2026-09-30T21:55:00Z,node_1025,51.7,54.3,1821.0,9653910.0,9993925.0
2026-09-30T22:00:00Z,node_1026,53.6,68.8,6442.0,2817191.0,647854.0
2026-09-30T22:05:00Z,node_1001,62.3,38.9,408.0,8858464.0,5407896.0
2026-09-30T22:10:00Z,node_1008,27.9,49.0,919.0,8085313.0,1942836.0
2026-09-30T22:15:00Z,node_1035,8.4,45.5,12064.0,7586023.0,7309480.0
2026-09-30T22:20:00Z,node_1022,86.2,89.4,7835.0,8880216.0,6362367.0
2026-09-30T22:25:00Z,node_1041,66.0,54.5,8393.0,5920073.0,7210412.0
2026-09-30T22:30:00Z,node_1037,21.0,73.4,8836.0,822235.0,2159454.0
2026-09-30T22:35:00Z,node_1043,21.9,64.1,7056.0,7782106.0,3122558.0
2026-09-30T22:40:00Z,node_1016,14.1,62.5,12376.0,5498228.0,6371871.0
2026-09-30T22:45:00Z,node_1036,79.5,76.4,4929.0,9122941.0,3175031.0
2026-09-30T22:50:00Z,node_1040,38.2,77.9,2592.0,8425654.0,4493540.0
2026-09-30T22:55:00Z,node_1012,72.6,46.5,11294.0,4748483.0,4818216.0
2026-09-30T23:00:00Z,node_1024,21.1,93.5,6390.0,654718.0,4676554.0
2026-09-30T23:05:00Z,node_1008,14.9,46.4,1051.0,2136551.0,2948222.0
2026-09-30T23:10:00Z,node_1007,31.3,47.9,3590.0,2641362.0,252969.0
2026-09-30T23:15:00Z,node_1043,17.6,45.1,11839.0,6298640.0,353369.0
2026-09-30T23:20:00Z,node_1009,16.5,33.3,10462.0,7346300.0,8140090.0
2026-09-30T23:25:00Z,node_1015,29.4,12.7,12247.0,3914612.0,2393555.0
2026-09-30T23:30:00Z,node_1015,48.5,29.6,13261.0,7153544.0,2283006.0
2026-09-30T23:35:00Z,node_1034,91.8,72.7,2814.0,5716038.0,3742713.0
2026-09-30T23:40:00Z,node_1044,93.1,57.2,12504.0,3936033.0,8495979.0
2026-09-30T23:45:00Z,node_1001,95.6,17.4,1608.0,1675170.0,5529198.0
2026-09-30T23:50:00Z,node_1041,23.8,51.5,11936.0,2546678.0,9835065.0
2026-09-30T23:55:00Z,node_1012,65.7,92.7,4951.0,4887406.0,8371162.0
2026-10-01T00:00:00Z,node_1048,77.0,59.6,11683.0,4893989.0,3589872.0
2026-10-01T00:05:00Z,node_1005,9.9,94.0,5642.0,3388353.0,5251728.0
2026-10-01T00:10:00Z,node_1010,70.3,87.9,3902.0,4833520.0,8933183.0
2026-10-01T00:15:00Z,node_1012,38.8,19.8,9161.0,994415.0,243960.0
2026-10-01T00:20:00Z,node_1025,26.0,23.5,3710.0,8467655.0,1092737.0
2026-10-01T00:25:00Z,node_1010,64.0,23.0,11844.0,2990795.0,2591599.0
2026-10-01T00:30:00Z,node_1039,44.2,36.1,6488.0,9742090.0,4346440.0
2026-10-01T00:35:00Z,node_1024,23.3,45.7,2104.0,6280338.0,3319215.0
2026-10-01T00:40:00Z,node_1042,98.6,67.6,5227.0,3135331.0,9324538.0
2026-10-01T00:45:00Z,node_1045,43.9,34.6,6494.0,6929811.0,9790405.0
2026-10-01T00:50:00Z,node_1014,25.3,92.1,14796.0,9786095.0,1726273.0
2026-10-01T00:55:00Z,node_1009,51.8,12.1,1780.0,1409593.0,7896902.0
2026-10-01T01:00:00Z,node_1002,70.2,40.4,5012.0,6683734.0,3098900.0
2026-10-01T01:05:00Z,node_1015,83.8,67.7,4453.0,271439.0,1162493.0
2026-10-01T01:10:00Z,node_1003,82.6,67.1,10732.0,7081057.0,9258612.0
2026-10-01T01:15:00Z,node_1004,86.0,93.7,11062.0,4160071.0,940081.0
2026-10-01T01:20:00Z,node_1013,32.2,30.3,2018.0,3596857.0,6608090.0
2026-10-01T01:25:00Z,node_1005,40.9,76.2,13263.0,9062543.0,1103228.0
2026-10-01T01:30:00Z,node_1032,18.2,65.8,6701.0,2286948.0,5020120.0
2026-10-01T01:35:00Z,node_1037,12.5,77.7,12776.0,49493.0,3100322.0
2026-10-01T01:40:00Z,node_1050,93.5,10.3,1216.0,4509230.0,6703684.0
2026-10-01T01:45:00Z,node_1012,92.8,12.5,6706.0,3796034.0,6254573.0
2026-10-01T01:50:00Z,node_1009,31.8,73.6,8421.0,734150.0,1186905.0
2026-10-01T01:55:00Z,node_1046,45.8,29.6,10602.0,5954190.0,4515754.0
2026-10-01T02:00:00Z,node_1025,14.9,84.1,302.0,4644664.0,1364351.0
2026-10-01T02:05:00Z,node_1003,58.6,22.0,9255.0,3792979.0,9763682.0
2026-10-01T02:10:00Z,node_1006,43.2,53.2,13666.0,4998341.0,4038255.0
2026-10-01T02:15:00Z,node_1020,28.3,34.4,13287.0,7076862.0,2043117.0
2026-10-01T02:20:00Z,node_1019,86.0,55.8,13484.0,9381380.0,730602.0
2026-10-01T02:25:00Z,node_1050,76.8,57.2,1925.0,7564206.0,2955960.0
2026-10-01T02:30:00Z,node_1002,10.2,60.9,9348.0,8390354.0,6331441.0
2026-10-01T02:35:00Z,node_1044,42.5,79.5,4111.0,1449384.0,650273.0
2026-10-01T02:40:00Z,node_1005,56.4,65.9,7819.0,7755261.0,7284254.0
2026-10-01T02:45:00Z,node_1041,35.4,27.6,13177.0,2524792.0,9962207.0
2026-10-01T02:50:00Z,node_1039,63.6,78.9,845.0,2497716.0,8604349.0
2026-10-01T02:55:00Z,node_1050,74.0,74.8,3438.0,5142746.0,3177509.0
2026-10-01T03:00:00Z,node_1046,70.2,81.4,10631.0,9737186.0,1196607.0
2026-10-01T03:05:00Z,node_1048,5.1,93.2,9864.0,1837372.0,8803795.0
2026-10-01T03:10:00Z,node_1018,73.2,58.3,14658.0,3554433.0,9438086.0
2026-10-01T03:15:00Z,node_1031,48.6,21.8,3341.0,3185840.0,4996567.0
2026-10-01T03:20:00Z,node_1029,25.2,93.7,4830.0,123029.0,5356386.0
2026-10-01T03:25:00Z,node_1009,75.1,40.2,10785.0,9812360.0,4089256.0
2026-10-01T03:30:00Z,node_1013,13.2,91.2,197.0,6762861.0,7332874.0
2026-10-01T03:35:00Z,node_1003,58.2,42.5,3557.0,82026.0,8759993.0
2026-10-01T03:40:00Z,node_1028,9.6,62.0,1234.0,3039353.0,3994357.0
2026-10-01T03:45:00Z,node_1036,53.2,70.2,636.0,4684326.0,3780035.0
2026-10-01T03:50:00Z,node_1041,15.1,35.1,4074.0,3730591.0,4971604.0
2026-10-01T03:55:00Z,node_1029,34.4,91.4,13296.0,8195090.0,7300533.0
2026-10-01T04:00:00Z,node_1004,97.7,52.7,8916.0,6785261.0,2419037.0
2026-10-01T04:05:00Z,node_1008,91.9,10.5,2194.0,2355264.0,5262128.0
2026-10-01T04:10:00Z,node_1011,91.2,43.3,4935.0,4744768.0,3329800.0
2026-10-01T04:15:00Z,node_1034,95.2,33.9,12447.0,9845396.0,6094883.0
2026-10-01T04:20:00Z,node_1049,45.3,12.8,8830.0,5198987.0,6832573.0
2026-10-01T04:25:00Z,node_1050,53.0,88.4,4905.0,7060321.0,9915059.0
2026-10-01T04:30:00Z,node_1041,20.4,75.2,1175.0,2253648.0,1062046.0
2026-10-01T04:35:00Z,node_1042,40.8,74.7,2484.0,7573683.0,3492309.0
2026-10-01T04:40:00Z,node_1040,84.6,57.6,291.0,3891515.0,2893828.0
2026-10-01T04:45:00Z,node_1004,79.7,72.7,13087.0,2009988.0,8757916.0
2026-10-01T04:50:00Z,node_1020,95.8,52.1,6630.0,8814479.0,1295878.0
2026-10-01T04:55:00Z,node_1016,31.2,19.9,3112.0,6418832.0,3267457.0
2026-10-01T05:00:00Z,node_1004,35.0,63.2,13254.0,2414949.0,2923308.0
2026-10-01T05:05:00Z,node_1015,12.4,34.0,10054.0,1526588.0,7473386.0
2026-10-01T05:10:00Z,node_1040,36.8,16.6,5495.0,8574411.0,9477833.0
2026-10-01T05:15:00Z,node_1033,62.4,22.5,510.0,9099772.0,69092.0
2026-10-01T05:20:00Z,node_1037,40.5,13.1,13855.0,2540577.0,3700493.0
2026-10-01T05:25:00Z,node_1040,97.4,42.4,1783.0,3807530.0,2187202.0
2026-10-01T05:30:00Z,node_1004,10.6,74.9,2887.0,3828323.0,8470896.0
2026-10-01T05:35:00Z,node_1026,61.8,67.8,8432.0,7007980.0,6293310.0
2026-10-01T05:40:00Z,node_1035,24.5,84.3,10192.0,7883242.0,4231881.0
2026-10-01T05:45:00Z,node_1011,14.8,84.0,9782.0,4635540.0,9006046.0
2026-10-01T05:50:00Z,node_1048,44.2,55.1,4831.0,7032261.0,8826864.0
2026-10-01T05:55:00Z,node_1021,46.6,25.1,6584.0,222893.0,570117.0
2026-10-01T06:00:00Z,node_1007,8.9,65.2,5397.0,7302891.0,9216183.0
2026-10-01T06:05:00Z,node_1002,43.2,80.2,13477.0,8011410.0,7458884.0
2026-10-01T06:10:00Z,node_1005,41.0,21.2,2994.0,512476.0,9536504.0
2026-10-01T06:15:00Z,node_1005,19.8,75.0,12749.0,4633445.0,2722636.0
2026-10-01T06:20:00Z,node_1050,12.4,79.6,6370.0,7489888.0,6366435.0
2026-10-01T06:25:00Z,node_1035,72.6,23.3,1052.0,2913718.0,3515969.0
2026-10-01T06:30:00Z,node_1001,78.6,17.1,881.0,3555316.0,7950959.0
2026-10-01T06:35:00Z,node_1020,98.2,12.9,1354.0,4400446.0,8589790.0
2026-10-01T06:40:00Z,node_1028,76.2,11.4,12678.0,482106.0,336146.0
2026-10-01T06:45:00Z,node_1009,56.8,44.7,9617.0,5776039.0,6860680.0
2026-10-01T06:50:00Z,node_1028,55.0,11.6,1480.0,7028766.0,2261256.0
2026-10-01T06:55:00Z,node_1018,63.7,61.4,763.0,2598521.0,9045275.0
2026-10-01T07:00:00Z,node_1008,33.5,36.0,6072.0,2095349.0,6285799.0
2026-10-01T07:05:00Z,node_1025,31.8,67.2,5292.0,6685676.0,5083630.0
2026-10-01T07:10:00Z,node_1043,57.2,24.2,7311.0,3568881.0,6325506.0
2026-10-01T07:15:00Z,node_1033,12.4,43.8,7192.0,1087782.0,7210134.0
2026-10-01T07:20:00Z,node_1016,49.0,25.5,2592.0,7045322.0,5826128.0
2026-10-01T07:25:00Z,node_1034,7.9,91.1,12063.0,3269212.0,8546588.0
2026-10-01T07:30:00Z,node_1009,5.8,92.3,3239.0,9134243.0,8706015.0
2026-10-01T07:35:00Z,node_1016,13.2,15.4,3175.0,6645374.0,6114898.0
2026-10-01T07:40:00Z,node_1040,91.0,10.4,1722.0,7883836.0,2864603.0
2026-10-01T07:45:00Z,node_1002,53.2,91.0,3048.0,9065800.0,181314.0
2026-10-01T07:50:00Z,node_1032,96.0,18.1,7777.0,5790726.0,6726525.0
2026-10-01T07:55:00Z,node_1024,20.1,42.1,7453.0,3209498.0,209057.0
2026-10-01T08:00:00Z,node_1028,13.6,65.5,13889.0,258018.0,5781133.0
2026-10-01T08:05:00Z,node_1046,18.3,57.6,5772.0,4801801.0,8806452.0
2026-10-01T08:10:00Z,node_1006,81.6,67.7,9354.0,8345002.0,3148332.0
2026-10-01T08:15:00Z,node_1005,96.5,34.1,3160.0,2828574.0,6002701.0
2026-10-01T08:20:00Z,node_1006,23.7,20.6,2422.0,6922889.0,8363959.0
2026-10-01T08:25:00Z,node_1024,50.6,29.0,614.0,6341872.0,4434776.0
2026-10-01T08:30:00Z,node_1039,96.0,50.5,11408.0,620636.0,8095296.0
2026-10-01T08:35:00Z,node_1032,79.0,44.8,3393.0,5344872.0,3800735.0
2026-10-01T08:40:00Z,node_1032,59.5,57.5,3633.0,8284485.0,7146392.0
2026-10-01T08:45:00Z,node_1035,92.7,68.5,3454.0,3453563.0,8705133.0
2026-10-01T08:50:00Z,node_1050,69.0,27.1,12771.0,248334.0,7362862.0
2026-10-01T08:55:00Z,node_1050,15.6,59.9,11212.0,9178589.0,1183563.0
2026-10-01T09:00:00Z,node_1006,54.6,38.2,9099.0,7239093.0,7351505.0
2026-10-01T09:05:00Z,node_1027,85.6,74.0,6897.0,7065835.0,6035318.0
2026-10-01T09:10:00Z,node_1018,89.2,68.4,8910.0,7004611.0,7113135.0
2026-10-01T09:15:00Z,node_1044,46.9,24.4,1938.0,4551567.0,7511144.0
2026-10-01T09:20:00Z,node_1021,5.4,67.7,11596.0,2515962.0,2130275.0
2026-10-01T09:25:00Z,node_1035,15.4,47.1,13786.0,2753821.0,9882004.0
2026-10-01T09:30:00Z,node_1033,32.1,27.5,6233.0,7795137.0,7789242.0
2026-10-01T09:35:00Z,node_1041,20.7,53.3,6859.0,7367509.0,2244382.0
2026-10-01T09:40:00Z,node_1049,92.1,60.4,12801.0,6143909.0,3144665.0
2026-10-01T09:45:00Z,node_1037,32.6,55.7,1603.0,8936899.0,303614.0
2026-10-01T09:50:00Z,node_1041,23.9,41.4,11693.0,7782105.0,9339061.0
2026-10-01T09:55:00Z,node_1008,12.0,39.8,7609.0,6582441.0,5168910.0
2026-10-01T10:00:00Z,node_1021,36.2,56.6,2927.0,8564928.0,4955591.0
2026-10-01T10:05:00Z,node_1006,69.6,26.6,9592.0,8098599.0,3951561.0
2026-10-01T10:10:00Z,node_1006,40.9,85.7,10286.0,9862727.0,3690714.0
2026-10-01T10:15:00Z,node_1009,46.8,36.2,12437.0,5797830.0,2800250.0
2026-10-01T10:20:00Z,node_1045,11.3,17.7,6592.0,8305280.0,6160102.0
2026-10-01T10:25:00Z,node_1025,46.6,25.6,3942.0,5592907.0,58184.0
2026-10-01T10:30:00Z,node_1008,90.1,18.6,12538.0,9998725.0,9956230.0
2026-10-01T10:35:00Z,node_1045,25.1,18.3,12304.0,237479.0,4206369.0
2026-10-01T10:40:00Z,node_1024,68.2,85.8,5674.0,4024012.0,7134668.0
2026-10-01T10:45:00Z,node_1007,14.4,14.3,7705.0,1285538.0,1451274.0
2026-10-01T10:50:00Z,node_1046,42.6,76.9,13827.0,2627084.0,3656719.0
2026-10-01T10:55:00Z,node_1028,24.2,37.1,9878.0,1721157.0,5889245.0
2026-10-01T11:00:00Z,node_1005,98.4,33.4,1047.0,5120869.0,2213884.0
2026-10-01T11:05:00Z,node_1011,36.5,21.0,14920.0,9247423.0,7992465.0
2026-10-01T11:10:00Z,node_1006,45.3,25.8,6098.0,7285333.0,5129734.0
2026-10-01T11:15:00Z,node_1014,61.3,20.7,5900.0,9099538.0,6920222.0
2026-10-01T11:20:00Z,node_1047,48.1,86.6,7577.0,9657461.0,1827426.0
2026-10-01T11:25:00Z,node_1047,52.9,33.5,14274.0,9996679.0,2904320.0
2026-10-01T11:30:00Z,node_1003,70.2,79.3,9252.0,5246993.0,5460435.0
2026-10-01T11:35:00Z,node_1047,87.1,22.0,8644.0,4084771.0,5515221.0
2026-10-01T11:40:00Z,node_1028,74.1,80.7,2547.0,9542157.0,7481706.0
2026-10-01T11:45:00Z,node_1019,52.8,67.7,1242.0,8126312.0,3950530.0
2026-10-01T11:50:00Z,node_1021,52.9,24.0,8409.0,1229451.0,6403021.0
2026-10-01T11:55:00Z,node_1029,74.3,86.0,8467.0,6502930.0,1808383.0
2026-10-01T12:00:00Z,node_1020,10.6,31.0,8188.0,7964932.0,9056423.0
2026-10-01T12:05:00Z,node_1011,26.6,16.5,9465.0,528496.0,1821576.0
2026-10-01T12:10:00Z,node_1036,51.1,67.1,11166.0,2158956.0,1392169.0
2026-10-01T12:15:00Z,node_1030,45.2,93.2,6930.0,4988543.0,592218.0
2026-10-01T12:20:00Z,node_1014,36.0,46.0,1607.0,6326156.0,956320.0
2026-10-01T12:25:00Z,node_1040,92.1,40.4,9434.0,2692071.0,1056394.0
2026-10-01T12:30:00Z,node_1005,10.0,47.7,3209.0,7997838.0,4952287.0
2026-10-01T12:35:00Z,node_1003,31.7,85.1,4117.0,711955.0,8667054.0
2026-10-01T12:40:00Z,node_1028,58.7,36.6,1271.0,1390785.0,1459468.0
2026-10-01T12:45:00Z,node_1040,65.4,31.5,13108.0,4863650.0,4804502.0
2026-10-01T12:50:00Z,node_1043,37.4,45.3,14627.0,8746892.0,9886390.0
2026-10-01T12:55:00Z,node_1020,13.4,60.7,2396.0,5758111.0,7242933.0
2026-10-01T13:00:00Z,node_1015,37.8,41.4,10828.0,7897935.0,7129051.0
2026-10-01T13:05:00Z,node_1041,79.2,10.0,9809.0,3474422.0,7162827.0
2026-10-01T13:10:00Z,node_1021,13.6,86.6,7603.0,9254923.0,1619023.0
2026-10-01T13:15:00Z,node_1046,5.8,80.3,1019.0,5173320.0,2359791.0
2026-10-01T13:20:00Z,node_1018,5.9,54.5,1182.0,3319244.0,2832107.0
2026-10-01T13:25:00Z,node_1038,64.1,61.9,7938.0,4484703.0,3496948.0
2026-10-01T13:30:00Z,node_1048,97.2,18.8,3267.0,8820033.0,2315082.0
2026-10-01T13:35:00Z,node_1045,70.9,48.5,5422.0,200709.0,9723380.0
2026-10-01T13:40:00Z,node_1015,40.4,41.8,10657.0,1177625.0,510060.0
2026-10-01T13:45:00Z,node_1010,46.2,83.7,6857.0,5591795.0,4446781.0
2026-10-01T13:50:00Z,node_1032,14.9,74.3,2285.0,2631992.0,8887021.0
2026-10-01T13:55:00Z,node_1048,65.7,51.0,12767.0,9212965.0,7638139.0
2026-10-01T14:00:00Z,node_1016,20.8,45.3,4678.0,2711086.0,1798222.0
2026-10-01T14:05:00Z,node_1046,21.6,17.1,4195.0,8848836.0,8519818.0
2026-10-01T14:10:00Z,node_1003,55.3,21.7,6466.0,9335212.0,7211023.0
2026-10-01T14:15:00Z,node_1049,91.2,62.1,11455.0,6229682.0,6504943.0
2026-10-01T14:20:00Z,node_1003,84.6,75.4,13459.0,397311.0,670839.0
2026-10-01T14:25:00Z,node_1012,59.4,30.0,9563.0,9751283.0,3449849.0
2026-10-01T14:30:00Z,node_1025,45.6,13.3,12923.0,6927332.0,3169009.0
2026-10-01T14:35:00Z,node_1023,45.2,41.8,11653.0,854649.0,2081925.0
2026-10-01T14:40:00Z,node_1018,39.2,46.5,2753.0,1887455.0,7031150.0
2026-10-01T14:45:00Z,node_1047,81.1,25.0,2264.0,8768111.0,1145681.0
2026-10-01T14:50:00Z,node_1041,40.9,44.0,14850.0,7413562.0,1924694.0
2026-10-01T14:55:00Z,node_1047,56.9,53.4,9296.0,4470719.0,8755363.0
2026-10-01T15:00:00Z,node_1025,96.9,34.9,10713.0,4862265.0,4660149.0
2026-10-01T15:05:00Z,node_1043,65.7,27.0,10614.0,2723316.0,9095353.0
2026-10-01T15:10:00Z,node_1022,80.1,72.0,9057.0,8919859.0,5760925.0
2026-10-01T15:15:00Z,node_1044,5.9,50.0,4561.0,1567165.0,9148034.0
2026-10-01T15:20:00Z,node_1045,12.8,62.7,1334.0,8037140.0,3261247.0
2026-10-01T15:25:00Z,node_1046,53.8,82.5,2565.0,4036756.0,2438771.0
2026-10-01T15:30:00Z,node_1035,13.7,94.6,2232.0,1547143.0,4123801.0
2026-10-01T15:35:00Z,node_1028,57.2,79.8,3774.0,2144834.0,7744425.0
2026-10-01T15:40:00Z,node_1047,31.4,33.9,5864.0,3202640.0,3693165.0
2026-10-01T15:45:00Z,node_1020,9.2,35.9,7043.0,6586999.0,8633513.0
2026-10-01T15:50:00Z,node_1049,10.4,22.7,9292.0,5920441.0,3740062.0
2026-10-01T15:55:00Z,node_1014,29.4,62.1,5689.0,2705945.0,5484181.0
2026-10-01T16:00:00Z,node_1049,50.5,29.2,1954.0,7640340.0,3542329.0
2026-10-01T16:05:00Z,node_1017,23.7,82.0,5130.0,2735471.0,6548016.0
2026-10-01T16:10:00Z,node_1022,39.7,50.7,10663.0,7908182.0,1551462.0
2026-10-01T16:15:00Z,node_1022,41.1,48.4,5612.0,3670003.0,6301879.0
2026-10-01T16:20:00Z,node_1017,84.2,47.9,11715.0,8869758.0,6719304.0
2026-10-01T16:25:00Z,node_1005,58.7,37.5,9895.0,9010119.0,9713553.0
2026-10-01T16:30:00Z,node_1046,69.4,71.3,8819.0,708454.0,5401105.0
2026-10-01T16:35:00Z,node_1008,77.7,56.0,4973.0,5528626.0,9118766.0
2026-10-01T16:40:00Z,node_1045,30.2,27.7,13475.0,8587463.0,1533698.0
2026-10-01T16:45:00Z,node_1026,10.7,22.9,3183.0,6316941.0,4097609.0
2026-10-01T16:50:00Z,node_1039,18.1,77.6,987.0,5507543.0,5316028.0
2026-10-01T16:55:00Z,node_1048,79.7,31.7,8762.0,3708362.0,4596650.0
2026-10-01T17:00:00Z,node_1035,87.7,65.7,917.0,1852862.0,1929365.0
2026-10-01T17:05:00Z,node_1012,74.7,30.4,260.0,2608307.0,5630688.0
2026-10-01T17:10:00Z,node_1039,75.1,20.2,1016.0,3725099.0,2919678.0
2026-10-01T17:15:00Z,node_1019,85.7,36.7,11189.0,8986646.0,6915040.0
2026-10-01T17:20:00Z,node_1034,85.0,25.3,518.0,4579117.0,3557463.0
2026-10-01T17:25:00Z,node_1023,48.0,18.6,4005.0,8012707.0,3813924.0
2026-10-01T17:30:00Z,node_1038,65.2,80.9,1710.0,9179055.0,2106133.0
2026-10-01T17:35:00Z,node_1036,5.9,20.4,6837.0,2103273.0,7591419.0
2026-10-01T17:40:00Z,node_1037,92.5,28.3,11332.0,7549162.0,3613818.0
2026-10-01T17:45:00Z,node_1017,18.6,92.7,3112.0,2804906.0,7918568.0
2026-10-01T17:50:00Z,node_1034,56.7,90.6,10843.0,5995732.0,7870321.0
2026-10-01T17:55:00Z,node_1042,58.1,18.7,10424.0,5106381.0,5764627.0
2026-10-01T18:00:00Z,node_1016,34.1,12.4,5288.0,375513.0,5547420.0
2026-10-01T18:05:00Z,node_1008,87.0,61.9,2355.0,843258.0,9570187.0
2026-10-01T18:10:00Z,node_1024,43.9,48.6,9750.0,1168019.0,4388963.0
2026-10-01T18:15:00Z,node_1045,9.0,16.5,1175.0,4158538.0,5132789.0
2026-10-01T18:20:00Z,node_1011,88.0,64.0,1573.0,9131367.0,3850170.0
2026-10-01T18:25:00Z,node_1005,84.4,58.0,7508.0,3127787.0,8155110.0
2026-10-01T18:30:00Z,node_1010,97.7,50.9,1713.0,4310953.0,9050841.0
2026-10-01T18:35:00Z,node_1031,54.4,35.5,10839.0,7679325.0,6464946.0
2026-10-01T18:40:00Z,node_1009,82.6,91.4,2500.0,1624755.0,4146491.0
2026-10-01T18:45:00Z,node_1025,36.6,64.6,13919.0,979608.0,2117150.0
2026-10-01T18:50:00Z,node_1040,19.9,86.8,5109.0,2063321.0,1637753.0
2026-10-01T18:55:00Z,node_1045,26.7,62.6,1428.0,783784.0,5094853.0
2026-10-01T19:00:00Z,node_1013,57.7,53.5,5860.0,9061759.0,1139294.0
2026-10-01T19:05:00Z,node_1017,21.2,46.1,10716.0,9809618.0,6252692.0
2026-10-01T19:10:00Z,node_1002,6.6,52.0,963.0,6390231.0,8871947.0
2026-10-01T19:15:00Z,node_1001,44.9,59.8,13076.0,5955845.0,5134759.0
2026-10-01T19:20:00Z,node_1014,54.5,14.8,13631.0,4417341.0,7626511.0
2026-10-01T19:25:00Z,node_1006,81.9,70.5,11773.0,4904186.0,2057652.0
2026-10-01T19:30:00Z,node_1037,55.5,29.7,2687.0,9237095.0,29151.0
2026-10-01T19:35:00Z,node_1028,5.7,21.8,10038.0,583020.0,6936906.0
2026-10-01T19:40:00Z,node_1028,33.3,47.7,7624.0,9347976.0,9733219.0
2026-10-01T19:45:00Z,node_1031,39.0,52.6,13021.0,3240104.0,6273494.0
2026-10-01T19:50:00Z,node_1017,58.6,17.1,7689.0,4472651.0,3373461.0
2026-10-01T19:55:00Z,node_1034,20.8,60.3,2702.0,7952606.0,8426258.0
2026-10-01T20:00:00Z,node_1009,32.3,38.4,13910.0,7427137.0,2609815.0
2026-10-01T20:05:00Z,node_1042,12.3,42.6,3820.0,6813359.0,2170585.0
2026-10-01T20:10:00Z,node_1044,80.0,54.7,2348.0,749989.0,5722556.0
2026-10-01T20:15:00Z,node_1046,8.4,76.2,9006.0,7512950.0,1319525.0
2026-10-01T20:20:00Z,node_1021,44.1,43.3,1869.0,2517386.0,416570.0
2026-10-01T20:25:00Z,node_1018,44.5,90.7,8795.0,6038220.0,2118195.0
2026-10-01T20:30:00Z,node_1006,39.6,56.3,13676.0,4790885.0,2784650.0
2026-10-01T20:35:00Z,node_1012,46.2,27.4,11001.0,7241203.0,6304732.0
2026-10-01T20:40:00Z,node_1004,25.2,43.5,13059.0,5978478.0,4337001.0
2026-10-01T20:45:00Z,node_1030,22.4,42.9,2078.0,3788961.0,6737127.0
2026-10-01T20:50:00Z,node_1018,86.4,32.7,11379.0,5370901.0,1254104.0
2026-10-01T20:55:00Z,node_1001,34.3,91.0,12292.0,5244347.0,1131954.0
2026-10-01T21:00:00Z,node_1011,25.3,73.8,3383.0,618590.0,1859405.0
2026-10-01T21:05:00Z,node_1028,37.6,73.2,325.0,6019707.0,4227886.0
2026-10-01T21:10:00Z,node_1008,38.2,15.7,13989.0,6818126.0,3629223.0
2026-10-01T21:15:00Z,node_1009,48.4,63.5,7712.0,5518969.0,7084542.0
2026-10-01T21:20:00Z,node_1020,11.3,29.1,6441.0,3360919.0,4917754.0
2026-10-01T21:25:00Z,node_1028,98.2,92.3,7635.0,9837050.0,7991685.0
2026-10-01T21:30:00Z,node_1003,77.9,58.5,6878.0,4746602.0,2751166.0
2026-10-01T21:35:00Z,node_1017,41.4,48.0,1042.0,6798050.0,4074902.0
2026-10-01T21:40:00Z,node_1029,90.5,16.8,6588.0,8786248.0,5802914.0
2026-10-01T21:45:00Z,node_1012,88.7,27.1,1941.0,7664728.0,5253602.0
2026-10-01T21:50:00Z,node_1039,96.4,74.1,1873.0,8211821.0,2079317.0
2026-10-01T21:55:00Z,node_1048,77.5,67.7,8905.0,8029885.0,7276551.0
2026-10-01T22:00:00Z,node_1035,48.6,51.2,750.0,6875750.0,3881138.0
2026-10-01T22:05:00Z,node_1019,58.6,45.9,11464.0,2936027.0,5475434.0
2026-10-01T22:10:00Z,node_1019,25.5,62.0,8249.0,4376555.0,3362348.0
2026-10-01T22:15:00Z,node_1029,68.6,13.5,9641.0,3561752.0,3362956.0
2026-10-01T22:20:00Z,node_1018,45.5,80.5,4551.0,3782662.0,2569466.0
2026-10-01T22:25:00Z,node_1002,49.6,65.1,3104.0,6045561.0,5360743.0
2026-10-01T22:30:00Z,node_1018,19.3,23.1,260.0,6692344.0,3292751.0
2026-10-01T22:35:00Z,node_1044,57.1,76.0,14871.0,2431974.0,8084436.0
2026-10-01T22:40:00Z,node_1038,70.3,64.3,11658.0,5308089.0,8858404.0
2026-10-01T22:45:00Z,node_1013,58.8,18.0,6208.0,4421790.0,5688194.0
2026-10-01T22:50:00Z,node_1008,16.9,93.7,5103.0,3466151.0,2099390.0
2026-10-01T22:55:00Z,node_1014,76.7,80.9,1420.0,146319.0,3236910.0
2026-10-01T23:00:00Z,node_1037,92.5,61.6,12877.0,3304503.0,350215.0
2026-10-01T23:05:00Z,node_1039,70.5,54.1,2035.0,1233172.0,4804249.0
2026-10-01T23:10:00Z,node_1004,88.4,33.4,6914.0,790096.0,1689672.0
2026-10-01T23:15:00Z,node_1032,25.8,38.2,9505.0,5196486.0,1481971.0
2026-10-01T23:20:00Z,node_1044,5.2,13.3,3478.0,2402680.0,4941850.0
2026-10-01T23:25:00Z,node_1013,75.5,29.2,12518.0,8595135.0,7619506.0
2026-10-01T23:30:00Z,node_1016,46.5,71.9,6689.0,8821232.0,4505299.0
2026-10-01T23:35:00Z,node_1035,75.5,74.3,7583.0,3106595.0,2377890.0
2026-10-01T23:40:00Z,node_1032,17.4,34.1,12889.0,1938100.0,5826555.0
2026-10-01T23:45:00Z,node_1028,41.4,33.4,7406.0,3728096.0,1101042.0
2026-10-01T23:50:00Z,node_1045,58.7,76.8,13664.0,7973016.0,6497537.0
2026-10-01T23:55:00Z,node_1037,97.4,51.2,6046.0,7742063.0,6093943.0
2026-10-02T00:00:00Z,node_1025,97.1,45.3,13581.0,123897.0,7543827.0
2026-10-02T00:05:00Z,node_1041,45.4,18.9,4679.0,9074538.0,5195022.0
2026-10-02T00:10:00Z,node_1044,97.7,22.2,10398.0,2904492.0,8456815.0
2026-10-02T00:15:00Z,node_1044,9.7,64.8,517.0,3456904.0,6384889.0
2026-10-02T00:20:00Z,node_1027,44.2,45.4,9927.0,6366570.0,4331269.0
2026-10-02T00:25:00Z,node_1022,79.1,34.2,1623.0,210076.0,7876649.0
2026-10-02T00:30:00Z,node_1050,36.1,70.5,14399.0,1214627.0,1955380.0
2026-10-02T00:35:00Z,node_1008,90.3,32.3,8513.0,7100717.0,7217002.0
2026-10-02T00:40:00Z,node_1020,32.4,23.7,2151.0,460104.0,1380813.0
2026-10-02T00:45:00Z,node_1031,84.5,44.4,357.0,482155.0,3686273.0
2026-10-02T00:50:00Z,node_1028,27.3,47.5,13532.0,2043971.0,7434033.0
2026-10-02T00:55:00Z,node_1005,54.9,53.1,3344.0,1871535.0,3223163.0
2026-10-02T01:00:00Z,node_1021,26.9,84.8,5187.0,9361693.0,2583725.0
2026-10-02T01:05:00Z,node_1035,62.0,18.1,2307.0,9200090.0,4948458.0
2026-10-02T01:10:00Z,node_1032,82.5,18.4,11799.0,2304678.0,647636.0
2026-10-02T01:15:00Z,node_1032,72.7,40.8,9474.0,9137502.0,9490467.0
2026-10-02T01:20:00Z,node_1022,71.0,64.1,10660.0,2516349.0,8927271.0
2026-10-02T01:25:00Z,node_1016,32.3,28.5,14339.0,3224143.0,9342391.0
2026-10-02T01:30:00Z,node_1038,62.0,11.0,6538.0,3922816.0,9356202.0
2026-10-02T01:35:00Z,node_1047,42.9,88.0,2295.0,3456397.0,1352702.0
2026-10-02T01:40:00Z,node_1047,34.5,65.3,6882.0,4249216.0,8238884.0
2026-10-02T01:45:00Z,node_1022,38.7,48.7,1898.0,1074305.0,1091472.0
2026-10-02T01:50:00Z,node_1028,68.8,21.0,13403.0,8674082.0,894534.0
2026-10-02T01:55:00Z,node_1014,63.9,34.7,8789.0,9424065.0,4729164.0
2026-10-02T02:00:00Z,node_1003,94.3,39.6,791.0,1447052.0,6530796.0
2026-10-02T02:05:00Z,node_1005,82.7,48.3,5452.0,788784.0,9930189.0
2026-10-02T02:10:00Z,node_1003,69.1,69.6,8091.0,6671949.0,7332916.0
2026-10-02T02:15:00Z,node_1028,15.1,16.9,1132.0,441353.0,4629757.0
2026-10-02T02:20:00Z,node_1037,12.0,47.9,14778.0,4168663.0,342694.0
2026-10-02T02:25:00Z,node_1034,68.3,72.5,10626.0,4526495.0,4672769.0
2026-10-02T02:30:00Z,node_1035,93.9,64.5,11310.0,4314296.0,8003988.0
2026-10-02T02:35:00Z,node_1006,86.3,63.6,1991.0,816381.0,271899.0
2026-10-02T02:40:00Z,node_1002,79.9,74.8,12475.0,6737970.0,5992475.0
2026-10-02T02:45:00Z,node_1039,72.9,20.8,12802.0,2065524.0,4772737.0
2026-10-02T02:50:00Z,node_1048,16.0,68.6,12675.0,3263262.0,8031865.0
2026-10-02T02:55:00Z,node_1035,20.9,66.6,10508.0,3263723.0,5740206.0
2026-10-02T03:00:00Z,node_1007,44.5,63.6,8678.0,8694528.0,1302116.0
2026-10-02T03:05:00Z,node_1038,57.3,76.0,9958.0,6375738.0,5869628.0
2026-10-02T03:10:00Z,node_1003,73.7,80.7,7276.0,2405734.0,2738882.0
2026-10-02T03:15:00Z,node_1033,10.2,90.3,906.0,6469093.0,344034.0
2026-10-02T03:20:00Z,node_1006,67.7,67.2,14855.0,3349566.0,748877.0
2026-10-02T03:25:00Z,node_1007,78.2,83.8,13575.0,3228336.0,9790315.0
2026-10-02T03:30:00Z,node_1003,71.0,23.6,7161.0,5274192.0,4748694.0
2026-10-02T03:35:00Z,node_1036,43.4,70.3,6669.0,9815600.0,6342726.0
2026-10-02T03:40:00Z,node_1048,12.7,19.6,4439.0,6231494.0,6685351.0
2026-10-02T03:45:00Z,node_1036,61.7,11.0,3378.0,3578917.0,1099843.0
2026-10-02T03:50:00Z,node_1007,83.2,24.8,13566.0,3315141.0,4453167.0
2026-10-02T03:55:00Z,node_1009,81.8,86.1,4160.0,9638673.0,653519.0
2026-10-02T04:00:00Z,node_1006,79.5,49.8,8536.0,1394556.0,7583170.0
2026-10-02T04:05:00Z,node_1039,48.0,28.0,5260.0,758512.0,5436866.0
2026-10-02T04:10:00Z,node_1031,60.1,62.3,6628.0,8316900.0,6413570.0
2026-10-02T04:15:00Z,node_1031,26.0,91.0,5414.0,532421.0,7115238.0
2026-10-02T04:20:00Z,node_1038,34.3,57.9,11617.0,5014100.0,9581506.0
2026-10-02T04:25:00Z,node_1049,15.7,16.9,4383.0,5616006.0,4510253.0
2026-10-02T04:30:00Z,node_1038,98.7,77.2,1037.0,2651385.0,6573635.0
2026-10-02T04:35:00Z,node_1046,59.4,41.8,13817.0,1445019.0,1248813.0
2026-10-02T04:40:00Z,node_1019,59.5,19.0,8386.0,9426017.0,763257.0
2026-10-02T04:45:00Z,node_1044,71.4,83.6,10181.0,3392772.0,3587305.0
2026-10-02T04:50:00Z,node_1041,88.9,70.2,11818.0,5232506.0,811301.0
2026-10-02T04:55:00Z,node_1031,54.0,61.3,7066.0,2368198.0,8183175.0
2026-10-02T05:00:00Z,node_1032,67.7,46.4,5005.0,712422.0,62240.0
2026-10-02T05:05:00Z,node_1006,59.9,14.4,11152.0,9681796.0,7994219.0
2026-10-02T05:10:00Z,node_1009,8.4,77.9,13974.0,8642777.0,7901446.0
2026-10-02T05:15:00Z,node_1033,68.0,87.5,6575.0,8432366.0,8647483.0
2026-10-02T05:20:00Z,node_1050,24.5,72.5,7190.0,5132563.0,5115890.0
2026-10-02T05:25:00Z,node_1016,34.3,52.9,3830.0,9496607.0,9727003.0
2026-10-02T05:30:00Z,node_1022,53.3,33.0,10015.0,2104228.0,1009840.0
2026-10-02T05:35:00Z,node_1014,12.9,69.4,13049.0,7848153.0,5689324.0
2026-10-02T05:40:00Z,node_1042,54.6,49.5,11790.0,3744786.0,4605600.0
2026-10-02T05:45:00Z,node_1050,76.0,87.9,12525.0,3358748.0,4841156.0
2026-10-02T05:50:00Z,node_1003,78.2,30.7,5412.0,1493244.0,1750162.0
2026-10-02T05:55:00Z,node_1045,33.7,41.6,14441.0,8575146.0,5792342.0
2026-10-02T06:00:00Z,node_1013,73.3,76.2,10872.0,3970616.0,3922239.0
2026-10-02T06:05:00Z,node_1010,65.4,47.2,13474.0,5385507.0,1015605.0
2026-10-02T06:10:00Z,node_1039,14.8,77.4,12606.0,8361704.0,9404330.0
2026-10-02T06:15:00Z,node_1050,32.1,59.2,370.0,2472341.0,4205294.0
2026-10-02T06:20:00Z,node_1047,47.9,31.5,8142.0,674564.0,3653365.0
2026-10-02T06:25:00Z,node_1018,26.7,54.8,14589.0,8969551.0,1162785.0
2026-10-02T06:30:00Z,node_1017,54.1,20.0,839.0,4804214.0,5036936.0
2026-10-02T06:35:00Z,node_1026,39.0,60.4,7807.0,7370806.0,4792041.0
2026-10-02T06:40:00Z,node_1029,24.8,86.2,12850.0,9603231.0,9207155.0
2026-10-02T06:45:00Z,node_1017,59.0,87.0,4505.0,4638357.0,9533264.0
2026-10-02T06:50:00Z,node_1006,58.8,59.6,12764.0,8961387.0,9281429.0
2026-10-02T06:55:00Z,node_1007,19.5,20.1,11338.0,2560638.0,3136205.0
2026-10-02T07:00:00Z,node_1027,17.8,54.3,5768.0,8037787.0,2744052.0
2026-10-02T07:05:00Z,node_1023,42.7,81.0,986.0,7535486.0,385544.0
2026-10-02T07:10:00Z,node_1018,67.6,69.5,2820.0,911892.0,4537090.0
2026-10-02T07:15:00Z,node_1036,38.1,54.3,14216.0,8297312.0,5242851.0
2026-10-02T07:20:00Z,node_1043,95.3,51.9,12069.0,7841503.0,6855931.0
2026-10-02T07:25:00Z,node_1018,39.2,51.1,9531.0,827430.0,1655144.0
2026-10-02T07:30:00Z,node_1013,38.0,39.2,13249.0,6055522.0,2327854.0
2026-10-02T07:35:00Z,node_1033,90.4,53.4,11864.0,749099.0,3269499.0
2026-10-02T07:40:00Z,node_1004,76.4,32.3,3392.0,9823206.0,9785521.0
2026-10-02T07:45:00Z,node_1032,83.1,14.7,4112.0,2032271.0,8608444.0
2026-10-02T07:50:00Z,node_1030,53.0,11.5,4809.0,6773249.0,7626179.0
2026-10-02T07:55:00Z,node_1011,26.7,40.1,8702.0,5568499.0,8044175.0
2026-10-02T08:00:00Z,node_1032,79.6,25.4,9922.0,6437869.0,4717607.0
2026-10-02T08:05:00Z,node_1009,7.4,92.5,8821.0,6861949.0,33315.0
2026-10-02T08:10:00Z,node_1031,24.9,28.6,14464.0,5263079.0,1881617.0
2026-10-02T08:15:00Z,node_1042,78.0,38.5,8792.0,5638750.0,9262405.0
2026-10-02T08:20:00Z,node_1048,44.2,57.6,6928.0,3029388.0,6137387.0
2026-10-02T08:25:00Z,node_1026,90.6,21.5,852.0,9590785.0,4180867.0
2026-10-02T08:30:00Z,node_1039,57.8,94.1,8992.0,7408970.0,6485749.0
2026-10-02T08:35:00Z,node_1040,63.8,14.0,12836.0,8471583.0,5684547.0
2026-10-02T08:40:00Z,node_1042,9.5,34.8,12286.0,4472607.0,3267952.0
2026-10-02T08:45:00Z,node_1023,72.7,82.2,12669.0,3181902.0,6094674.0
2026-10-02T08:50:00Z,node_1043,39.2,81.1,1054.0,2496061.0,4474539.0
2026-10-02T08:55:00Z,node_1040,45.2,71.2,11748.0,7996829.0,9051449.0
2026-10-02T09:00:00Z,node_1017,39.5,45.9,13525.0,3235907.0,8318419.0
2026-10-02T09:05:00Z,node_1039,53.5,80.5,13939.0,3556760.0,8178292.0
2026-10-02T09:10:00Z,node_1007,51.6,13.4,11353.0,6696023.0,8380746.0
2026-10-02T09:15:00Z,node_1012,72.9,62.0,925.0,7757246.0,2449516.0
2026-10-02T09:20:00Z,node_1030,86.5,81.0,4558.0,4221450.0,3839817.0
2026-10-02T09:25:00Z,node_1007,24.2,57.7,5148.0,9190925.0,2576365.0
2026-10-02T09:30:00Z,node_1030,97.6,49.2,5526.0,5396493.0,2723039.0
2026-10-02T09:35:00Z,node_1050,28.8,92.9,3126.0,8906864.0,6045703.0
2026-10-02T09:40:00Z,node_1009,58.6,56.9,3840.0,6041035.0,3131955.0
2026-10-02T09:45:00Z,node_1012,22.6,46.3,11246.0,5791583.0,9666177.0
2026-10-02T09:50:00Z,node_1037,15.9,71.5,12098.0,5802610.0,6236596.0
2026-10-02T09:55:00Z,node_1030,86.0,37.0,382.0,698793.0,5292073.0
2026-10-02T10:00:00Z,node_1035,39.0,77.2,10278.0,2203543.0,4480060.0
2026-10-02T10:05:00Z,node_1019,7.7,75.0,7049.0,3922525.0,2291989.0
2026-10-02T10:10:00Z,node_1042,41.8,59.8,3301.0,8397973.0,5332298.0
2026-10-02T10:15:00Z,node_1007,66.1,73.1,958.0,6090331.0,598044.0
2026-10-02T10:20:00Z,node_1039,91.9,93.4,1909.0,6713648.0,1978074.0
2026-10-02T10:25:00Z,node_1026,97.0,79.6,9090.0,7099819.0,6558015.0
2026-10-02T10:30:00Z,node_1022,31.9,85.0,8534.0,1540453.0,660337.0
2026-10-02T10:35:00Z,node_1024,12.8,28.3,7958.0,3820687.0,9767064.0
2026-10-02T10:40:00Z,node_1023,10.2,20.4,12788.0,3829343.0,3070755.0
2026-10-02T10:45:00Z,node_1040,90.8,22.3,8181.0,5113907.0,7396275.0
2026-10-02T10:50:00Z,node_1041,86.3,90.4,3790.0,7595511.0,6066837.0
2026-10-02T10:55:00Z,node_1038,47.4,22.1,12429.0,8381264.0,4577518.0
2026-10-02T11:00:00Z,node_1048,38.0,17.4,12219.0,4714850.0,640379.0
2026-10-02T11:05:00Z,node_1021,89.2,53.2,8522.0,9623631.0,5895055.0
2026-10-02T11:10:00Z,node_1048,51.7,85.1,5518.0,1447616.0,7097988.0
2026-10-02T11:15:00Z,node_1009,64.9,37.6,7776.0,8438682.0,5965295.0
2026-10-02T11:20:00Z,node_1022,36.0,92.9,12632.0,1208295.0,7161392.0
2026-10-02T11:25:00Z,node_1013,71.7,41.1,13250.0,8659596.0,5797137.0
2026-10-02T11:30:00Z,node_1018,73.7,56.2,829.0,2509277.0,6530251.0
2026-10-02T11:35:00Z,node_1050,61.6,31.1,2917.0,6641157.0,2295035.0
2026-10-02T11:40:00Z,node_1011,96.9,81.8,14663.0,7039778.0,3388994.0
2026-10-02T11:45:00Z,node_1046,9.0,17.6,10307.0,7114514.0,17326.0
2026-10-02T11:50:00Z,node_1025,5.2,11.4,3757.0,4752630.0,6391305.0
2026-10-02T11:55:00Z,node_1014,78.7,61.4,4990.0,1561367.0,8984107.0
2026-10-02T12:00:00Z,node_1008,44.7,21.7,5686.0,15108.0,5488593.0
2026-10-02T12:05:00Z,node_1047,14.3,35.1,6365.0,5014475.0,3367892.0
2026-10-02T12:10:00Z,node_1023,37.4,34.9,526.0,7195588.0,245197.0
2026-10-02T12:15:00Z,node_1042,6.6,49.9,11257.0,7729299.0,7241956.0
2026-10-02T12:20:00Z,node_1017,14.3,73.4,4955.0,4635272.0,2585439.0
2026-10-02T12:25:00Z,node_1022,73.1,91.3,6892.0,4118104.0,5933927.0
2026-10-02T12:30:00Z,node_1016,17.7,50.8,10871.0,8998736.0,6689522.0
2026-10-02T12:35:00Z,node_1015,31.5,48.4,11475.0,9235360.0,5012192.0
2026-10-02T12:40:00Z,node_1010,98.5,73.7,7512.0,8282915.0,2780320.0
2026-10-02T12:45:00Z,node_1024,85.2,21.6,3170.0,1110096.0,4667965.0
2026-10-02T12:50:00Z,node_1019,91.1,59.8,12759.0,3684413.0,6859953.0
2026-10-02T12:55:00Z,node_1028,22.1,20.5,13541.0,9071242.0,4999678.0
2026-10-02T13:00:00Z,node_1047,37.2,49.4,14525.0,7945791.0,6297727.0
2026-10-02T13:05:00Z,node_1004,38.6,11.6,12711.0,1085831.0,1116216.0
2026-10-02T13:10:00Z,node_1044,36.0,88.4,4249.0,9619293.0,4716257.0
2026-10-02T13:15:00Z,node_1034,74.8,53.8,13779.0,902704.0,5711350.0
2026-10-02T13:20:00Z,node_1024,39.6,21.4,11047.0,2484524.0,9939144.0
2026-10-02T13:25:00Z,node_1002,81.8,27.3,4196.0,8531879.0,1244563.0
2026-10-02T13:30:00Z,node_1024,87.3,23.9,11430.0,4159048.0,6871333.0
2026-10-02T13:35:00Z,node_1050,49.3,25.7,11231.0,1664752.0,4969697.0
2026-10-02T13:40:00Z,node_1030,94.8,71.2,5667.0,2566172.0,8776087.0
2026-10-02T13:45:00Z,node_1009,24.8,86.1,14239.0,9176060.0,3224004.0
2026-10-02T13:50:00Z,node_1008,74.9,44.1,1301.0,5204481.0,4695114.0
2026-10-02T13:55:00Z,node_1006,36.2,30.2,1197.0,977149.0,7870017.0
2026-10-02T14:00:00Z,node_1021,15.3,28.9,2473.0,6835541.0,2845177.0
2026-10-02T14:05:00Z,node_1005,55.0,56.3,5538.0,3889430.0,9390934.0
2026-10-02T14:10:00Z,node_1012,38.6,62.8,8766.0,2897402.0,7509244.0
2026-10-02T14:15:00Z,node_1043,92.7,65.8,13446.0,509591.0,6977457.0
2026-10-02T14:20:00Z,node_1046,27.8,89.9,4970.0,9218696.0,6763469.0
2026-10-02T14:25:00Z,node_1031,96.9,36.6,9025.0,2109618.0,8828319.0
2026-10-02T14:30:00Z,node_1010,20.4,10.8,7298.0,2438431.0,5162491.0
2026-10-02T14:35:00Z,node_1048,88.4,53.4,10036.0,6150772.0,7531446.0
2026-10-02T14:40:00Z,node_1017,75.3,46.1,12253.0,6506.0,9196455.0
2026-10-02T14:45:00Z,node_1046,52.7,90.0,4904.0,7690417.0,8407190.0
2026-10-02T14:50:00Z,node_1036,76.5,93.4,2256.0,2761628.0,7811466.0
2026-10-02T14:55:00Z,node_1005,87.4,87.3,353.0,997535.0,3786408.0
2026-10-02T15:00:00Z,node_1046,68.6,55.0,9189.0,3202638.0,6791764.0
2026-10-02T15:05:00Z,node_1002,45.6,64.9,5885.0,6225185.0,8076505.0
2026-10-02T15:10:00Z,node_1026,61.8,59.4,4549.0,9999599.0,8262058.0
2026-10-02T15:15:00Z,node_1023,82.9,83.5,11911.0,6853899.0,4112285.0
2026-10-02T15:20:00Z,node_1015,58.3,95.0,732.0,2009829.0,3847504.0
2026-10-02T15:25:00Z,node_1012,59.8,35.5,6068.0,295739.0,346997.0
2026-10-02T15:30:00Z,node_1019,21.0,72.5,7161.0,8201976.0,8167968.0
2026-10-02T15:35:00Z,node_1014,20.9,25.8,14315.0,561551.0,9063433.0
2026-10-02T15:40:00Z,node_1048,42.5,15.2,13076.0,1017486.0,8994101.0
2026-10-02T15:45:00Z,node_1030,54.0,83.2,1361.0,4527268.0,9281886.0
2026-10-02T15:50:00Z,node_1038,97.5,82.7,6183.0,6582641.0,3260948.0
2026-10-02T15:55:00Z,node_1046,44.8,81.3,4107.0,6890696.0,1875071.0
2026-10-02T16:00:00Z,node_1015,81.7,34.1,11463.0,9996246.0,1385267.0
2026-10-02T16:05:00Z,node_1012,39.7,69.5,5020.0,9260275.0,1670779.0
2026-10-02T16:10:00Z,node_1011,69.3,76.6,3362.0,6478564.0,6514302.0
2026-10-02T16:15:00Z,node_1026,92.1,85.7,14752.0,6260584.0,1114685.0
2026-10-02T16:20:00Z,node_1026,82.7,60.5,1658.0,2393704.0,2739606.0
2026-10-02T16:25:00Z,node_1036,83.1,75.5,4155.0,9161024.0,4156837.0
2026-10-02T16:30:00Z,node_1015,25.6,53.3,14660.0,981796.0,4561921.0
2026-10-02T16:35:00Z,node_1033,33.5,36.2,3752.0,6554424.0,2498759.0
2026-10-02T16:40:00Z,node_1006,82.3,10.5,11986.0,3333611.0,8988195.0
2026-10-02T16:45:00Z,node_1020,28.3,88.8,2549.0,8630032.0,1962491.0
2026-10-02T16:50:00Z,node_1010,55.4,87.9,13716.0,3977968.0,6365516.0
2026-10-02T16:55:00Z,node_1001,78.0,73.5,1343.0,1013315.0,1248485.0
2026-10-02T17:00:00Z,node_1041,41.5,68.6,3555.0,7753934.0,5774282.0
2026-10-02T17:05:00Z,node_1046,8.1,17.7,12770.0,8784116.0,30079.0
2026-10-02T17:10:00Z,node_1039,52.7,69.6,2743.0,9409140.0,969815.0
2026-10-02T17:15:00Z,node_1048,83.7,20.4,4158.0,9240896.0,5520536.0
2026-10-02T17:20:00Z,node_1011,77.4,26.7,4356.0,2537958.0,9965256.0
2026-10-02T17:25:00Z,node_1011,68.3,44.0,14529.0,7104703.0,1366738.0
2026-10-02T17:30:00Z,node_1048,87.8,64.4,5278.0,7745930.0,8422728.0
2026-10-02T17:35:00Z,node_1033,69.2,71.2,12032.0,2574557.0,1009212.0
2026-10-02T17:40:00Z,node_1043,98.0,92.2,8638.0,6596914.0,8972015.0
2026-10-02T17:45:00Z,node_1013,77.2,85.6,4239.0,8532493.0,331221.0
2026-10-02T17:50:00Z,node_1022,80.9,85.5,14288.0,8167000.0,2037698.0
2026-10-02T17:55:00Z,node_1045,41.4,43.7,8980.0,1004462.0,4702150.0
2026-10-02T18:00:00Z,node_1031,62.7,27.2,2255.0,1011271.0,4315309.0
2026-10-02T18:05:00Z,node_1015,36.7,93.8,4819.0,7059632.0,1835741.0
2026-10-02T18:10:00Z,node_1034,51.5,47.0,9171.0,8297735.0,7608623.0
2026-10-02T18:15:00Z,node_1038,77.7,83.5,14528.0,2419007.0,3590831.0
2026-10-02T18:20:00Z,node_1024,16.4,67.0,3868.0,3151278.0,1570480.0
2026-10-02T18:25:00Z,node_1022,25.7,35.8,14370.0,3281819.0,9879410.0
2026-10-02T18:30:00Z,node_1034,65.0,17.8,13342.0,4403256.0,7843337.0
2026-10-02T18:35:00Z,node_1007,70.3,93.0,10951.0,9801195.0,5914186.0
2026-10-02T18:40:00Z,node_1044,68.0,62.2,13113.0,3959715.0,298762.0
2026-10-02T18:45:00Z,node_1015,21.6,18.6,12583.0,5864228.0,6321038.0
2026-10-02T18:50:00Z,node_1036,77.7,71.6,14266.0,7453195.0,4371340.0
2026-10-02T18:55:00Z,node_1034,36.2,38.8,12151.0,2836115.0,930175.0
2026-10-02T19:00:00Z,node_1011,69.2,69.2,6042.0,7937999.0,9748367.0
2026-10-02T19:05:00Z,node_1001,48.1,15.2,6341.0,2688182.0,3757787.0
2026-10-02T19:10:00Z,node_1026,94.9,92.4,8662.0,2391830.0,8563562.0
2026-10-02T19:15:00Z,node_1049,74.3,91.7,1565.0,7832463.0,1032420.0
2026-10-02T19:20:00Z,node_1003,59.3,14.7,2823.0,9020162.0,265139.0
2026-10-02T19:25:00Z,node_1037,48.8,48.6,9829.0,3482780.0,9754093.0
2026-10-02T19:30:00Z,node_1026,86.7,32.6,8570.0,6067941.0,8446975.0
2026-10-02T19:35:00Z,node_1020,86.9,74.8,6403.0,5433008.0,668714.0
2026-10-02T19:40:00Z,node_1013,75.4,46.0,6576.0,6633959.0,8087334.0
2026-10-02T19:45:00Z,node_1022,53.4,56.3,7532.0,602272.0,9471924.0
2026-10-02T19:50:00Z,node_1034,86.8,60.4,12235.0,7525725.0,2768351.0
2026-10-02T19:55:00Z,node_1016,83.0,34.6,4119.0,1093995.0,680051.0
2026-10-02T20:00:00Z,node_1035,36.4,66.7,11448.0,2345444.0,375145.0
2026-10-02T20:05:00Z,node_1035,47.9,41.1,6514.0,8053304.0,4707418.0
2026-10-02T20:10:00Z,node_1022,73.0,36.0,6445.0,8517259.0,8679102.0
2026-10-02T20:15:00Z,node_1042,24.3,51.4,12995.0,7366422.0,4776540.0
2026-10-02T20:20:00Z,node_1024,5.8,38.0,529.0,6182944.0,2719650.0
2026-10-02T20:25:00Z,node_1037,18.3,14.3,5600.0,130767.0,5369446.0
2026-10-02T20:30:00Z,node_1050,74.8,56.5,2172.0,4888348.0,620501.0
2026-10-02T20:35:00Z,node_1029,23.2,17.6,3370.0,4605023.0,2954262.0
2026-10-02T20:40:00Z,node_1009,37.2,33.8,12561.0,9321510.0,7798310.0
2026-10-02T20:45:00Z,node_1002,64.7,38.7,6451.0,1946544.0,188004.0
2026-10-02T20:50:00Z,node_1008,52.4,56.7,7735.0,1655925.0,749568.0
2026-10-02T20:55:00Z,node_1011,17.4,14.3,8342.0,5214693.0,1496770.0
2026-10-02T21:00:00Z,node_1038,68.4,58.1,10664.0,1356726.0,7971173.0
2026-10-02T21:05:00Z,node_1031,13.1,54.4,5713.0,2677587.0,9280984.0
2026-10-02T21:10:00Z,node_1031,5.7,12.0,4184.0,4532556.0,6527199.0
2026-10-02T21:15:00Z,node_1041,21.9,65.6,8429.0,7823969.0,9372449.0
2026-10-02T21:20:00Z,node_1048,77.1,48.4,9535.0,7375927.0,7739083.0
2026-10-02T21:25:00Z,node_1016,18.2,14.2,13883.0,2343812.0,8672010.0
2026-10-02T21:30:00Z,node_1004,36.1,56.5,14501.0,5872103.0,9658371.0
2026-10-02T21:35:00Z,node_1027,24.3,50.6,13871.0,8753396.0,3794857.0
2026-10-02T21:40:00Z,node_1039,91.7,84.2,2914.0,2216627.0,3742936.0
2026-10-02T21:45:00Z,node_1039,25.2,43.4,9208.0,8012876.0,6323800.0
2026-10-02T21:50:00Z,node_1041,12.0,66.1,6059.0,4148009.0,122737.0
2026-10-02T21:55:00Z,node_1021,41.2,86.6,7695.0,550743.0,3285161.0
2026-10-02T22:00:00Z,node_1013,66.3,27.2,1509.0,2160385.0,850986.0
2026-10-02T22:05:00Z,node_1036,24.2,74.6,8655.0,4101330.0,5781354.0
2026-10-02T22:10:00Z,node_1029,26.3,57.3,11435.0,9565164.0,4246218.0
2026-10-02T22:15:00Z,node_1019,83.5,16.4,12150.0,8445325.0,1358894.0
2026-10-02T22:20:00Z,node_1019,42.5,16.8,807.0,763178.0,568150.0
2026-10-02T22:25:00Z,node_1044,61.6,20.9,718.0,3891355.0,9168569.0
2026-10-02T22:30:00Z,node_1017,62.0,15.4,7541.0,6669377.0,2104525.0
2026-10-02T22:35:00Z,node_1007,69.2,53.5,11383.0,5296551.0,8740404.0
2026-10-02T22:40:00Z,node_1008,88.6,93.9,10871.0,7653089.0,3176609.0
2026-10-02T22:45:00Z,node_1037,42.8,50.7,4088.0,1124679.0,7973230.0
2026-10-02T22:50:00Z,node_1044,47.9,58.2,1576.0,466912.0,6119311.0
2026-10-02T22:55:00Z,node_1028,82.8,61.9,9903.0,6144470.0,7455835.0
2026-10-02T23:00:00Z,node_1011,65.7,57.8,8092.0,767557.0,1305610.0
2026-10-02T23:05:00Z,node_1030,53.5,85.8,2655.0,5426292.0,3428832.0
2026-10-02T23:10:00Z,node_1043,75.3,52.0,9416.0,483805.0,7512403.0
2026-10-02T23:15:00Z,node_1047,93.1,15.1,13483.0,9085042.0,3730613.0
2026-10-02T23:20:00Z,node_1013,26.8,21.3,3596.0,1995497.0,3642768.0
2026-10-02T23:25:00Z,node_1032,30.0,26.4,11379.0,8929551.0,741434.0
2026-10-02T23:30:00Z,node_1013,79.9,36.4,2123.0,2065438.0,5742641.0
2026-10-02T23:35:00Z,node_1046,50.3,76.7,370.0,9288247.0,2724697.0
2026-10-02T23:40:00Z,node_1008,25.6,88.3,14929.0,2336664.0,8112328.0
2026-10-02T23:45:00Z,node_1040,98.5,84.3,6915.0,4313376.0,6089019.0
2026-10-02T23:50:00Z,node_1027,76.9,36.4,10305.0,3120172.0,3378144.0
2026-10-02T23:55:00Z,node_1014,60.3,86.6,4301.0,1758101.0,4764628.0
2026-10-03T00:00:00Z,node_1037,63.0,31.1,13460.0,5886180.0,104580.0
2026-10-03T00:05:00Z,node_1019,15.2,84.4,4216.0,5864187.0,7722097.0
2026-10-03T00:10:00Z,node_1001,89.9,53.5,4351.0,8887874.0,3187503.0
2026-10-03T00:15:00Z,node_1021,51.7,48.7,692.0,1539347.0,8047010.0
2026-10-03T00:20:00Z,node_1023,39.5,27.4,14889.0,3098550.0,2276270.0
2026-10-03T00:25:00Z,node_1009,10.2,28.8,8962.0,5480597.0,3236164.0
2026-10-03T00:30:00Z,node_1033,48.9,46.5,14426.0,3300090.0,8649740.0
2026-10-03T00:35:00Z,node_1049,48.1,60.4,3300.0,6067570.0,2847660.0
2026-10-03T00:40:00Z,node_1001,16.1,30.6,13814.0,4686590.0,3969839.0
2026-10-03T00:45:00Z,node_1025,80.1,24.1,11362.0,5606888.0,7905426.0
2026-10-03T00:50:00Z,node_1015,63.3,90.2,2425.0,1252273.0,9286989.0
2026-10-03T00:55:00Z,node_1040,46.4,67.8,6960.0,2752730.0,213196.0
2026-10-03T01:00:00Z,node_1006,35.8,48.6,4074.0,4553540.0,5707402.0
2026-10-03T01:05:00Z,node_1040,73.8,33.0,9087.0,9613777.0,5452822.0
2026-10-03T01:10:00Z,node_1014,96.1,57.1,5885.0,5973496.0,1866511.0
2026-10-03T01:15:00Z,node_1003,47.1,73.7,6284.0,9989109.0,2852320.0
2026-10-03T01:20:00Z,node_1017,29.1,69.7,738.0,6989928.0,89927.0
2026-10-03T01:25:00Z,node_1026,37.2,84.8,3164.0,2818436.0,6795848.0
2026-10-03T01:30:00Z,node_1035,59.5,48.6,1105.0,2993341.0,7405153.0
2026-10-03T01:35:00Z,node_1042,83.7,84.8,10706.0,8542979.0,8956285.0
2026-10-03T01:40:00Z,node_1029,68.6,71.7,14404.0,1896486.0,8429874.0
2026-10-03T01:45:00Z,node_1047,30.7,51.5,9574.0,4220180.0,2401886.0
2026-10-03T01:50:00Z,node_1011,89.9,43.3,6859.0,2753041.0,2871081.0
2026-10-03T01:55:00Z,node_1010,97.4,77.0,4273.0,8246205.0,508177.0
2026-10-03T02:00:00Z,node_1022,93.5,61.6,6170.0,2974826.0,6263150.0
2026-10-03T02:05:00Z,node_1004,77.5,83.2,13922.0,1009966.0,4632293.0
2026-10-03T02:10:00Z,node_1041,67.4,89.7,14369.0,5243485.0,8127597.0
2026-10-03T02:15:00Z,node_1023,13.6,86.7,14086.0,7051492.0,9059217.0
2026-10-03T02:20:00Z,node_1003,73.4,10.8,4317.0,3713913.0,3654569.0
2026-10-03T02:25:00Z,node_1032,30.9,34.3,9868.0,6386700.0,9570817.0
2026-10-03T02:30:00Z,node_1025,29.1,60.6,9246.0,8064618.0,1162417.0
2026-10-03T02:35:00Z,node_1017,73.6,21.7,4860.0,2568023.0,5558439.0
2026-10-03T02:40:00Z,node_1036,25.4,47.6,13550.0,363109.0,1614177.0
2026-10-03T02:45:00Z,node_1038,37.1,73.3,4339.0,3653469.0,7789442.0
2026-10-03T02:50:00Z,node_1049,63.1,54.9,4929.0,9372762.0,137515.0
2026-10-03T02:55:00Z,node_1046,19.2,63.7,3323.0,2317805.0,8681218.0
2026-10-03T03:00:00Z,node_1042,25.2,44.2,5451.0,4469295.0,5253648.0
2026-10-03T03:05:00Z,node_1005,53.9,26.7,6398.0,7367354.0,5163929.0
2026-10-03T03:10:00Z,node_1047,40.4,33.5,3338.0,8299141.0,8134652.0
2026-10-03T03:15:00Z,node_1033,7.0,12.6,1020.0,9748033.0,5964207.0
2026-10-03T03:20:00Z,node_1034,74.5,21.4,1460.0,1415837.0,7472942.0
2026-10-03T03:25:00Z,node_1033,15.9,53.7,2012.0,7248365.0,1203785.0
2026-10-03T03:30:00Z,node_1031,31.0,52.3,7556.0,8604043.0,7735456.0
2026-10-03T03:35:00Z,node_1050,22.9,17.2,2838.0,7563786.0,1649413.0
2026-10-03T03:40:00Z,node_1020,84.9,65.2,4210.0,5334368.0,240486.0
2026-10-03T03:45:00Z,node_1025,81.3,35.5,10039.0,7488002.0,6061204.0
2026-10-03T03:50:00Z,node_1024,69.5,89.0,6660.0,3651834.0,341304.0
2026-10-03T03:55:00Z,node_1028,23.4,58.7,6082.0,2723521.0,3041364.0
2026-10-03T04:00:00Z,node_1044,23.2,70.7,5601.0,5362520.0,2919228.0
2026-10-03T04:05:00Z,node_1045,7.1,94.2,724.0,9968649.0,3978778.0
2026-10-03T04:10:00Z,node_1013,13.6,94.3,11221.0,8977861.0,3234957.0
2026-10-03T04:15:00Z,node_1029,64.4,43.8,4963.0,3278038.0,1612872.0
2026-10-03T04:20:00Z,node_1035,53.7,62.1,4554.0,3873340.0,837183.0
2026-10-03T04:25:00Z,node_1014,56.8,79.7,4823.0,4369852.0,5247814.0
2026-10-03T04:30:00Z,node_1022,31.9,79.1,1503.0,8025210.0,2496284.0
2026-10-03T04:35:00Z,node_1050,17.6,51.3,11124.0,6999125.0,4608787.0
2026-10-03T04:40:00Z,node_1049,36.4,48.8,2949.0,4767941.0,9400651.0
2026-10-03T04:45:00Z,node_1018,17.5,52.6,14895.0,995362.0,9162839.0
2026-10-03T04:50:00Z,node_1006,48.5,93.4,4602.0,3180606.0,6831469.0
2026-10-03T04:55:00Z,node_1013,30.5,53.9,12708.0,6023691.0,5713301.0
2026-10-03T05:00:00Z,node_1007,45.7,49.6,7414.0,2168990.0,2830423.0
2026-10-03T05:05:00Z,node_1010,5.6,77.4,5326.0,3604728.0,2179870.0
2026-10-03T05:10:00Z,node_1029,44.8,64.8,3429.0,7681869.0,2698822.0
2026-10-03T05:15:00Z,node_1034,56.7,91.9,13071.0,1643385.0,1762941.0
2026-10-03T05:20:00Z,node_1015,72.1,72.0,5629.0,5709154.0,1433486.0
2026-10-03T05:25:00Z,node_1049,7.9,35.0,10506.0,4104028.0,5517123.0
2026-10-03T05:30:00Z,node_1034,77.1,88.4,13756.0,1485114.0,717214.0
2026-10-03T05:35:00Z,node_1016,80.4,20.2,8525.0,7807539.0,9487140.0
2026-10-03T05:40:00Z,node_1024,65.2,63.1,2405.0,4028213.0,282767.0
2026-10-03T05:45:00Z,node_1046,48.9,37.9,12493.0,8334950.0,1029105.0
2026-10-03T05:50:00Z,node_1019,31.5,26.5,8531.0,447938.0,80714.0
2026-10-03T05:55:00Z,node_1006,53.6,44.5,3923.0,7416426.0,1659133.0
2026-10-03T06:00:00Z,node_1016,93.2,40.3,6038.0,6830858.0,6812475.0
2026-10-03T06:05:00Z,node_1031,88.2,22.0,3749.0,3142160.0,1345657.0
2026-10-03T06:10:00Z,node_1004,18.4,63.8,14861.0,5410263.0,9007555.0
2026-10-03T06:15:00Z,node_1034,76.3,43.3,13401.0,1072297.0,4131458.0
2026-10-03T06:20:00Z,node_1037,59.2,59.3,6862.0,7456855.0,5662247.0
2026-10-03T06:25:00Z,node_1010,45.1,84.7,10761.0,687516.0,4013778.0
2026-10-03T06:30:00Z,node_1009,82.7,80.2,4405.0,2618675.0,7174302.0
2026-10-03T06:35:00Z,node_1049,25.3,54.5,4362.0,6010979.0,6644362.0
2026-10-03T06:40:00Z,node_1036,68.1,13.8,9709.0,1324671.0,4373972.0
2026-10-03T06:45:00Z,node_1028,49.7,25.7,14872.0,424130.0,5305556.0
2026-10-03T06:50:00Z,node_1042,57.6,63.3,14598.0,6018443.0,5084682.0
2026-10-03T06:55:00Z,node_1043,8.6,16.8,2203.0,1509111.0,1280760.0
2026-10-03T07:00:00Z,node_1002,55.9,40.6,2433.0,8258506.0,9830504.0
2026-10-03T07:05:00Z,node_1004,19.0,20.5,10735.0,7744153.0,4996740.0
2026-10-03T07:10:00Z,node_1015,43.5,63.3,11180.0,8813360.0,6061646.0
2026-10-03T07:15:00Z,node_1038,27.3,13.5,4453.0,1938773.0,5218848.0
2026-10-03T07:20:00Z,node_1024,67.8,89.2,4651.0,3070867.0,959627.0
2026-10-03T07:25:00Z,node_1006,37.6,29.5,13907.0,1292052.0,6376409.0
2026-10-03T07:30:00Z,node_1035,98.3,36.3,1386.0,9473916.0,2552926.0
2026-10-03T07:35:00Z,node_1037,13.0,88.4,10116.0,3912377.0,1782501.0
2026-10-03T07:40:00Z,node_1037,32.7,57.1,1098.0,2215901.0,131465.0
2026-10-03T07:45:00Z,node_1042,78.5,18.3,2603.0,4222564.0,4442515.0
2026-10-03T07:50:00Z,node_1002,58.0,90.3,9473.0,4928716.0,61837.0
2026-10-03T07:55:00Z,node_1010,87.4,94.5,805.0,7327728.0,3718706.0
2026-10-03T08:00:00Z,node_1037,25.0,20.4,3887.0,2100892.0,4405977.0
2026-10-03T08:05:00Z,node_1008,64.2,23.5,2590.0,2527086.0,7449230.0
2026-10-03T08:10:00Z,node_1018,31.0,68.2,14479.0,3237049.0,2417832.0
2026-10-03T08:15:00Z,node_1032,20.2,43.6,2178.0,8111676.0,6512102.0
2026-10-03T08:20:00Z,node_1027,21.1,40.1,7501.0,2247806.0,4291390.0
2026-10-03T08:25:00Z,node_1003,88.4,13.9,14829.0,5950454.0,2714471.0
2026-10-03T08:30:00Z,node_1046,84.8,33.9,2799.0,6396580.0,884953.0
2026-10-03T08:35:00Z,node_1003,62.8,94.4,7199.0,8812254.0,6567441.0
2026-10-03T08:40:00Z,node_1007,32.7,13.0,10289.0,8224142.0,1738609.0
2026-10-03T08:45:00Z,node_1005,59.9,83.6,12622.0,8465192.0,1069355.0
2026-10-03T08:50:00Z,node_1007,36.7,25.9,1270.0,6296405.0,4924287.0
2026-10-03T08:55:00Z,node_1015,41.7,36.4,13997.0,7137786.0,8916237.0
2026-10-03T09:00:00Z,node_1032,26.5,11.1,13400.0,8098472.0,9007065.0
2026-10-03T09:05:00Z,node_1012,98.5,94.9,2007.0,1104679.0,5195102.0
2026-10-03T09:10:00Z,node_1021,81.1,31.9,981.0,2640114.0,5705677.0
2026-10-03T09:15:00Z,node_1029,53.8,93.1,14082.0,6015570.0,9495856.0
2026-10-03T09:20:00Z,node_1019,85.8,77.9,5671.0,8901555.0,6050346.0
2026-10-03T09:25:00Z,node_1031,54.6,31.3,1266.0,9931146.0,3607871.0
2026-10-03T09:30:00Z,node_1041,63.5,51.8,8292.0,9576698.0,6758854.0
2026-10-03T09:35:00Z,node_1030,33.6,43.4,12522.0,5006618.0,5761136.0
2026-10-03T09:40:00Z,node_1033,74.7,15.8,6506.0,5246243.0,5288379.0
2026-10-03T09:45:00Z,node_1007,79.9,42.9,14045.0,1939530.0,8860448.0
2026-10-03T09:50:00Z,node_1009,66.2,21.6,8844.0,25103.0,8971115.0
2026-10-03T09:55:00Z,node_1036,26.8,80.1,10006.0,1597036.0,7235842.0
2026-10-03T10:00:00Z,node_1033,47.7,52.0,1436.0,8255907.0,8193090.0
2026-10-03T10:05:00Z,node_1030,56.3,32.9,891.0,5057977.0,1560005.0
2026-10-03T10:10:00Z,node_1041,13.4,65.9,12314.0,4310118.0,2013094.0
2026-10-03T10:15:00Z,node_1050,81.7,63.0,1632.0,2134183.0,180904.0
2026-10-03T10:20:00Z,node_1017,21.5,18.2,113.0,3166915.0,3867716.0
2026-10-03T10:25:00Z,node_1019,16.9,48.8,9069.0,50082.0,8325692.0
2026-10-03T10:30:00Z,node_1021,79.3,90.4,1258.0,8682667.0,9845684.0
2026-10-03T10:35:00Z,node_1028,44.0,53.7,14582.0,3972644.0,4623631.0
2026-10-03T10:40:00Z,node_1015,60.5,10.7,13723.0,2006807.0,1455053.0
2026-10-03T10:45:00Z,node_1028,70.0,50.2,13832.0,5463124.0,8697936.0
2026-10-03T10:50:00Z,node_1025,5.1,55.3,10063.0,4604489.0,5542295.0
2026-10-03T10:55:00Z,node_1026,16.7,15.8,2059.0,5566939.0,2329353.0
2026-10-03T11:00:00Z,node_1029,74.0,11.2,11880.0,3234098.0,4305753.0
2026-10-03T11:05:00Z,node_1003,26.4,72.4,5439.0,1301751.0,9144577.0
2026-10-03T11:10:00Z,node_1048,21.6,71.3,14075.0,2664607.0,3098619.0
2026-10-03T11:15:00Z,node_1001,39.7,14.6,4706.0,1183682.0,3661315.0
2026-10-03T11:20:00Z,node_1028,89.1,45.3,896.0,5831932.0,3372913.0
2026-10-03T11:25:00Z,node_1028,61.4,16.0,10937.0,7964520.0,9614544.0
2026-10-03T11:30:00Z,node_1019,60.9,20.0,1001.0,2348628.0,6465494.0
2026-10-03T11:35:00Z,node_1042,89.7,72.0,5239.0,6544640.0,4757939.0
2026-10-03T11:40:00Z,node_1039,20.5,11.7,13573.0,3033082.0,1695679.0
2026-10-03T11:45:00Z,node_1003,28.4,65.6,13841.0,726830.0,6524409.0
2026-10-03T11:50:00Z,node_1013,57.3,65.9,14692.0,360539.0,8064627.0
2026-10-03T11:55:00Z,node_1048,38.6,55.6,3982.0,4464177.0,7256751.0
2026-10-03T12:00:00Z,node_1004,84.6,92.0,7467.0,5552952.0,8799701.0
2026-10-03T12:05:00Z,node_1036,96.2,27.8,4536.0,4756874.0,7358115.0
2026-10-03T12:10:00Z,node_1021,37.8,30.5,1365.0,6972123.0,2371902.0
2026-10-03T12:15:00Z,node_1035,45.3,70.1,12342.0,269780.0,8876394.0
2026-10-03T12:20:00Z,node_1031,15.7,70.2,11582.0,5335161.0,8907962.0
2026-10-03T12:25:00Z,node_1048,10.9,89.0,10751.0,5126481.0,9667648.0
2026-10-03T12:30:00Z,node_1031,38.1,71.5,8784.0,867456.0,4117058.0
2026-10-03T12:35:00Z,node_1018,24.6,10.7,870.0,5916658.0,8720568.0
2026-10-03T12:40:00Z,node_1032,49.5,69.4,12811.0,1324778.0,1943849.0
2026-10-03T12:45:00Z,node_1008,31.6,15.1,875.0,8595387.0,9724589.0
2026-10-03T12:50:00Z,node_1026,45.5,43.4,2866.0,4321689.0,4624822.0
2026-10-03T12:55:00Z,node_1033,29.9,59.3,2036.0,2936643.0,9842424.0
2026-10-03T13:00:00Z,node_1033,81.8,75.4,10700.0,4918173.0,7594783.0
2026-10-03T13:05:00Z,node_1028,60.3,66.0,12071.0,4849678.0,5135297.0
2026-10-03T13:10:00Z,node_1013,73.9,72.3,706.0,2510087.0,7750681.0
2026-10-03T13:15:00Z,node_1015,51.7,14.1,14955.0,4425670.0,3945430.0
2026-10-03T13:20:00Z,node_1017,16.2,81.9,1577.0,4934325.0,4181520.0
2026-10-03T13:25:00Z,node_1033,58.5,32.6,9880.0,6672156.0,3242679.0
2026-10-03T13:30:00Z,node_1012,86.3,47.4,7862.0,26252.0,2895605.0
2026-10-03T13:35:00Z,node_1031,81.1,14.5,2321.0,9372828.0,219147.0
2026-10-03T13:40:00Z,node_1015,95.2,65.9,10054.0,5850520.0,9161698.0
2026-10-03T13:45:00Z,node_1023,25.6,26.6,3610.0,6470704.0,3310966.0
2026-10-03T13:50:00Z,node_1046,79.5,48.2,7221.0,4941325.0,8144406.0
2026-10-03T13:55:00Z,node_1048,81.5,35.3,11559.0,9036265.0,6827839.0
2026-10-03T14:00:00Z,node_1029,28.9,51.0,4208.0,7979166.0,1973008.0
2026-10-03T14:05:00Z,node_1023,32.0,91.4,3974.0,7800550.0,3024247.0
2026-10-03T14:10:00Z,node_1007,75.6,52.2,2845.0,3216431.0,3359672.0
2026-10-03T14:15:00Z,node_1032,90.7,24.9,3809.0,13258.0,8124290.0
2026-10-03T14:20:00Z,node_1043,46.1,64.1,8817.0,7445609.0,4378764.0
2026-10-03T14:25:00Z,node_1042,93.6,39.1,6624.0,3817804.0,5506674.0
2026-10-03T14:30:00Z,node_1040,85.9,31.2,5536.0,6595945.0,8306316.0
2026-10-03T14:35:00Z,node_1031,61.2,35.9,5483.0,2471352.0,2446150.0
2026-10-03T14:40:00Z,node_1009,31.1,71.8,13173.0,5716083.0,4959282.0
2026-10-03T14:45:00Z,node_1017,23.7,38.2,5351.0,1464100.0,4817180.0
2026-10-03T14:50:00Z,node_1033,7.3,66.5,7844.0,1925073.0,1737308.0
2026-10-03T14:55:00Z,node_1031,13.1,50.3,8946.0,6655420.0,5256234.0
2026-10-03T15:00:00Z,node_1021,49.8,82.9,13269.0,1048539.0,6950829.0
2026-10-03T15:05:00Z,node_1046,61.8,25.9,2512.0,8991767.0,1465433.0
2026-10-03T15:10:00Z,node_1018,89.5,43.1,2865.0,8476483.0,3823075.0
2026-10-03T15:15:00Z,node_1041,70.4,12.3,3320.0,5256056.0,3230235.0
2026-10-03T15:20:00Z,node_1049,81.1,42.2,9952.0,2909977.0,7986097.0
2026-10-03T15:25:00Z,node_1012,11.9,39.7,1568.0,1317187.0,8028638.0
2026-10-03T15:30:00Z,node_1047,88.7,42.3,4379.0,335330.0,2747720.0
2026-10-03T15:35:00Z,node_1027,56.1,14.0,1436.0,8775318.0,1533697.0
2026-10-03T15:40:00Z,node_1019,54.0,49.9,8923.0,8516180.0,6147514.0
2026-10-03T15:45:00Z,node_1012,92.4,79.2,6761.0,9220566.0,5295463.0
2026-10-03T15:50:00Z,node_1034,66.1,76.4,5585.0,9386942.0,6995817.0
2026-10-03T15:55:00Z,node_1038,37.1,21.4,2416.0,4002102.0,8551387.0
2026-10-03T16:00:00Z,node_1017,14.4,22.0,11472.0,3577958.0,5218057.0
2026-10-03T16:05:00Z,node_1031,46.7,43.8,1636.0,5292051.0,8627904.0
2026-10-03T16:10:00Z,node_1001,46.8,88.7,2241.0,6029539.0,4483840.0
2026-10-03T16:15:00Z,node_1004,39.0,25.5,12211.0,1436570.0,8131579.0
2026-10-03T16:20:00Z,node_1042,94.6,37.3,7381.0,8271514.0,2260049.0
2026-10-03T16:25:00Z,node_1032,53.8,34.3,7367.0,8978970.0,3414291.0
2026-10-03T16:30:00Z,node_1044,21.1,59.6,3392.0,4074959.0,1169603.0
2026-10-03T16:35:00Z,node_1015,97.6,81.1,10087.0,9429159.0,3811478.0
2026-10-03T16:40:00Z,node_1006,73.7,30.5,12541.0,9568674.0,3761986.0
2026-10-03T16:45:00Z,node_1016,12.6,60.4,706.0,9327809.0,2038232.0
2026-10-03T16:50:00Z,node_1017,82.7,75.1,4630.0,737139.0,5412244.0
2026-10-03T16:55:00Z,node_1032,15.7,11.1,1247.0,6156451.0,1573918.0
2026-10-03T17:00:00Z,node_1035,27.0,50.2,2995.0,5975765.0,1936702.0
2026-10-03T17:05:00Z,node_1041,65.4,29.5,7776.0,8754693.0,4497217.0
2026-10-03T17:10:00Z,node_1012,48.1,77.1,10570.0,1860631.0,2895114.0
2026-10-03T17:15:00Z,node_1015,14.0,50.4,2316.0,9173806.0,6376521.0
2026-10-03T17:20:00Z,node_1039,98.1,55.6,3312.0,9712829.0,6791399.0
2026-10-03T17:25:00Z,node_1020,25.6,63.7,9063.0,4833746.0,3531885.0
2026-10-03T17:30:00Z,node_1047,52.4,69.9,7274.0,895379.0,1536415.0
2026-10-03T17:35:00Z,node_1020,32.2,57.6,11421.0,4253661.0,2803998.0
2026-10-03T17:40:00Z,node_1026,13.4,48.9,1942.0,9138013.0,9766314.0
2026-10-03T17:45:00Z,node_1023,92.3,37.5,698.0,9145072.0,4179476.0
2026-10-03T17:50:00Z,node_1042,25.9,49.3,7681.0,6160683.0,9691661.0
2026-10-03T17:55:00Z,node_1024,65.5,67.6,8055.0,995613.0,4048805.0
2026-10-03T18:00:00Z,node_1020,43.9,52.8,472.0,9949936.0,4765832.0
2026-10-03T18:05:00Z,node_1050,60.0,92.5,6106.0,1899578.0,4985286.0
2026-10-03T18:10:00Z,node_1030,46.7,58.6,13499.0,4612692.0,8813683.0
2026-10-03T18:15:00Z,node_1050,19.5,63.6,7775.0,8476939.0,270871.0
2026-10-03T18:20:00Z,node_1019,19.7,78.1,6343.0,9077471.0,2495264.0
2026-10-03T18:25:00Z,node_1026,75.1,66.0,13183.0,8269510.0,8825173.0
2026-10-03T18:30:00Z,node_1011,43.4,50.5,6983.0,5853844.0,7543367.0
2026-10-03T18:35:00Z,node_1006,31.1,46.9,10325.0,99809.0,7422425.0
2026-10-03T18:40:00Z,node_1021,32.0,70.5,8279.0,799260.0,435621.0
2026-10-03T18:45:00Z,node_1044,75.1,36.7,11981.0,6552530.0,9954293.0
2026-10-03T18:50:00Z,node_1037,99.0,63.1,6746.0,4907945.0,2221802.0
2026-10-03T18:55:00Z,node_1009,89.2,42.8,11522.0,5228090.0,8800646.0
2026-10-03T19:00:00Z,node_1030,93.2,42.6,5828.0,5566240.0,4437816.0
2026-10-03T19:05:00Z,node_1050,22.4,74.5,602.0,657184.0,5668025.0
2026-10-03T19:10:00Z,node_1044,85.9,16.9,4274.0,9911577.0,5092104.0
2026-10-03T19:15:00Z,node_1024,7.2,67.6,9402.0,8627220.0,4904102.0
2026-10-03T19:20:00Z,node_1010,90.8,68.9,12591.0,3997633.0,9111777.0
2026-10-03T19:25:00Z,node_1025,60.7,25.2,5750.0,7105562.0,3665324.0
2026-10-03T19:30:00Z,node_1008,97.1,38.2,9830.0,6385412.0,6124126.0
2026-10-03T19:35:00Z,node_1047,7.9,55.8,7923.0,6997133.0,6173517.0
2026-10-03T19:40:00Z,node_1036,47.1,75.2,13341.0,3363869.0,1172385.0
2026-10-03T19:45:00Z,node_1009,70.5,46.4,2599.0,5700576.0,1621032.0
2026-10-03T19:50:00Z,node_1001,40.1,83.8,9797.0,3390233.0,3719503.0
2026-10-03T19:55:00Z,node_1050,74.5,22.2,3587.0,9009579.0,5166177.0
2026-10-03T20:00:00Z,node_1041,34.5,11.2,9341.0,738569.0,9219873.0
2026-10-03T20:05:00Z,node_1010,59.4,61.7,13241.0,8253629.0,2720068.0
2026-10-03T20:10:00Z,node_1040,12.2,93.1,4606.0,2246590.0,4185609.0
2026-10-03T20:15:00Z,node_1015,77.7,68.4,5113.0,645736.0,5403953.0
2026-10-03T20:20:00Z,node_1015,29.0,85.2,8150.0,7882370.0,2838887.0
2026-10-03T20:25:00Z,node_1032,58.1,54.6,10069.0,6844787.0,4710900.0
2026-10-03T20:30:00Z,node_1032,39.8,34.3,6408.0,5770252.0,8760995.0
2026-10-03T20:35:00Z,node_1008,24.4,41.7,9854.0,2972181.0,5285850.0
2026-10-03T20:40:00Z,node_1011,30.2,69.9,6726.0,2618900.0,3959502.0
2026-10-03T20:45:00Z,node_1040,71.4,26.3,12376.0,1961699.0,3923809.0
2026-10-03T20:50:00Z,node_1027,16.3,78.6,11354.0,3864979.0,1090454.0
2026-10-03T20:55:00Z,node_1011,54.9,63.0,11160.0,6006093.0,7816390.0
2026-10-03T21:00:00Z,node_1005,72.8,40.4,2047.0,7355892.0,2779036.0
2026-10-03T21:05:00Z,node_1028,11.7,51.5,3423.0,5153357.0,9642754.0
2026-10-03T21:10:00Z,node_1042,52.7,56.1,5018.0,2564111.0,385927.0
2026-10-03T21:15:00Z,node_1023,19.4,93.3,1652.0,8225568.0,5029252.0
2026-10-03T21:20:00Z,node_1027,23.8,28.2,8803.0,9455621.0,2891161.0
2026-10-03T21:25:00Z,node_1019,22.4,75.4,13808.0,1696569.0,7560848.0
2026-10-03T21:30:00Z,node_1005,94.2,41.9,6334.0,900673.0,5137965.0
2026-10-03T21:35:00Z,node_1041,92.9,62.4,14340.0,5715658.0,8040890.0
2026-10-03T21:40:00Z,node_1038,33.5,31.0,304.0,2495991.0,6079319.0
2026-10-03T21:45:00Z,node_1038,93.8,83.8,13806.0,9769484.0,5449051.0
2026-10-03T21:50:00Z,node_1019,65.8,64.5,13402.0,9352044.0,5289715.0
2026-10-03T21:55:00Z,node_1022,53.5,70.9,7739.0,4633828.0,7854562.0
2026-10-03T22:00:00Z,node_1025,64.8,71.3,1697.0,1039281.0,8491912.0
2026-10-03T22:05:00Z,node_1006,15.3,16.6,14543.0,3762155.0,2471436.0
2026-10-03T22:10:00Z,node_1027,26.8,42.7,3813.0,7481552.0,4073767.0
2026-10-03T22:15:00Z,node_1018,91.5,73.7,5662.0,7420867.0,1257662.0
2026-10-03T22:20:00Z,node_1043,19.7,85.1,784.0,1164371.0,9453484.0
2026-10-03T22:25:00Z,node_1049,51.6,40.4,1858.0,9982487.0,8119821.0
2026-10-03T22:30:00Z,node_1041,7.9,43.5,11378.0,2922956.0,2226574.0
2026-10-03T22:35:00Z,node_1045,21.7,70.3,10232.0,6274379.0,6788135.0
2026-10-03T22:40:00Z,node_1023,42.0,12.4,622.0,9624811.0,6930680.0
2026-10-03T22:45:00Z,node_1008,9.9,69.5,2060.0,2013684.0,1135625.0
2026-10-03T22:50:00Z,node_1001,42.7,52.5,1157.0,6294669.0,4277907.0
2026-10-03T22:55:00Z,node_1015,88.4,70.6,5847.0,496196.0,6803931.0
2026-10-03T23:00:00Z,node_1050,88.0,73.4,8647.0,2930859.0,3629079.0
2026-10-03T23:05:00Z,node_1001,29.2,84.8,1507.0,7836503.0,3498879.0
2026-10-03T23:10:00Z,node_1050,30.3,91.4,8196.0,4509101.0,5298560.0
2026-10-03T23:15:00Z,node_1006,38.4,61.5,4879.0,2903620.0,8552787.0
2026-10-03T23:20:00Z,node_1030,21.9,83.6,561.0,4916618.0,9532766.0
2026-10-03T23:25:00Z,node_1020,91.2,31.1,4462.0,9336555.0,793921.0
2026-10-03T23:30:00Z,node_1010,17.8,64.8,1399.0,9977123.0,6595358.0
2026-10-03T23:35:00Z,node_1011,61.7,34.4,11934.0,2292156.0,2514782.0
2026-10-03T23:40:00Z,node_1018,35.8,85.3,13221.0,8777025.0,4205571.0
2026-10-03T23:45:00Z,node_1014,42.5,35.8,5304.0,9591324.0,6168965.0
2026-10-03T23:50:00Z,node_1009,44.4,30.7,12150.0,9348789.0,8837734.0
2026-10-03T23:55:00Z,node_1013,56.0,61.3,8436.0,4013321.0,8746230.0
2026-10-04T00:00:00Z,node_1013,33.5,50.2,14617.0,5838872.0,1991762.0
2026-10-04T00:05:00Z,node_1024,40.3,75.7,6468.0,1543191.0,965400.0
2026-10-04T00:10:00Z,node_1001,97.8,21.4,10203.0,2658502.0,6595277.0
2026-10-04T00:15:00Z,node_1028,79.4,85.0,5120.0,3805536.0,2399635.0
2026-10-04T00:20:00Z,node_1026,85.8,15.2,4060.0,1260550.0,9231491.0
2026-10-04T00:25:00Z,node_1047,60.5,37.5,9142.0,2295391.0,1545121.0
2026-10-04T00:30:00Z,node_1018,50.1,10.5,7104.0,1047280.0,4073831.0
2026-10-04T00:35:00Z,node_1045,89.8,23.8,2044.0,9761074.0,4208274.0
2026-10-04T00:40:00Z,node_1024,95.1,90.6,13926.0,182032.0,4470537.0
2026-10-04T00:45:00Z,node_1023,74.2,19.3,1215.0,281666.0,8477984.0
2026-10-04T00:50:00Z,node_1043,78.8,10.6,3668.0,2407804.0,8633106.0
2026-10-04T00:55:00Z,node_1037,67.7,15.6,11267.0,575982.0,9824524.0
2026-10-04T01:00:00Z,node_1023,41.4,18.9,409.0,5015792.0,5951681.0
2026-10-04T01:05:00Z,node_1041,8.1,78.4,14491.0,3747401.0,5118668.0
2026-10-04T01:10:00Z,node_1017,23.2,40.6,7541.0,6605361.0,5054633.0
2026-10-04T01:15:00Z,node_1003,26.9,57.3,1273.0,1849642.0,4772334.0
2026-10-04T01:20:00Z,node_1010,90.8,63.2,8200.0,1174389.0,782361.0
2026-10-04T01:25:00Z,node_1047,77.3,79.8,8198.0,5945474.0,2924271.0
2026-10-04T01:30:00Z,node_1006,58.2,22.0,897.0,2999522.0,3930992.0
2026-10-04T01:35:00Z,node_1047,84.9,66.6,12802.0,7089687.0,6353708.0
2026-10-04T01:40:00Z,node_1025,16.5,51.1,11395.0,912322.0,9112900.0
2026-10-04T01:45:00Z,node_1011,17.5,92.7,10597.0,6758252.0,2424243.0
2026-10-04T01:50:00Z,node_1049,63.1,52.1,1348.0,5208593.0,5842590.0
2026-10-04T01:55:00Z,node_1011,57.1,54.8,14267.0,1374605.0,39247.0
2026-10-04T02:00:00Z,node_1038,60.1,56.5,1592.0,4631113.0,4371818.0
2026-10-04T02:05:00Z,node_1046,75.0,41.4,4880.0,1341505.0,3308936.0
2026-10-04T02:10:00Z,node_1028,23.8,12.9,2259.0,8970432.0,9242900.0
2026-10-04T02:15:00Z,node_1004,89.6,88.1,7931.0,8593518.0,7702902.0
2026-10-04T02:20:00Z,node_1039,70.1,37.3,2742.0,7202429.0,1522423.0
2026-10-04T02:25:00Z,node_1023,89.6,25.9,10627.0,8421129.0,8148242.0
2026-10-04T02:30:00Z,node_1008,89.3,25.2,6123.0,2577798.0,1465667.0
2026-10-04T02:35:00Z,node_1049,53.8,94.8,5444.0,6366884.0,7886770.0
2026-10-04T02:40:00Z,node_1008,16.6,38.9,7960.0,2305164.0,5668083.0
2026-10-04T02:45:00Z,node_1006,80.8,58.9,4589.0,7050554.0,7553268.0
2026-10-04T02:50:00Z,node_1026,15.5,75.1,10910.0,3707427.0,1607671.0
2026-10-04T02:55:00Z,node_1015,73.9,60.0,4749.0,9822770.0,5438784.0
2026-10-04T03:00:00Z,node_1041,55.0,75.8,12228.0,4882663.0,6427480.0
2026-10-04T03:05:00Z,node_1032,96.4,86.5,9020.0,1542162.0,3145491.0
2026-10-04T03:10:00Z,node_1047,5.9,58.9,5630.0,1636201.0,8512307.0
2026-10-04T03:15:00Z,node_1011,31.8,65.5,9558.0,3148251.0,4171820.0
2026-10-04T03:20:00Z,node_1002,45.5,60.8,13996.0,1318188.0,4565814.0
2026-10-04T03:25:00Z,node_1042,44.3,41.0,13930.0,6599496.0,693098.0
2026-10-04T03:30:00Z,node_1008,7.8,87.4,9093.0,1308300.0,9663091.0
2026-10-04T03:35:00Z,node_1044,88.1,29.1,4510.0,5481531.0,2445141.0
2026-10-04T03:40:00Z,node_1015,88.8,44.0,1479.0,1034.0,8844128.0
2026-10-04T03:45:00Z,node_1028,39.8,83.9,6208.0,7477367.0,1127347.0
2026-10-04T03:50:00Z,node_1026,95.4,81.9,1373.0,266116.0,6688246.0
2026-10-04T03:55:00Z,node_1016,28.2,83.4,1981.0,4581627.0,5085550.0
2026-10-04T04:00:00Z,node_1021,61.4,47.7,12973.0,7581133.0,971879.0
2026-10-04T04:05:00Z,node_1002,18.7,59.7,7476.0,6858535.0,1639304.0
2026-10-04T04:10:00Z,node_1030,74.6,63.4,4655.0,5262069.0,6177256.0
2026-10-04T04:15:00Z,node_1046,16.1,25.3,9074.0,6260415.0,1764471.0
2026-10-04T04:20:00Z,node_1030,26.8,59.3,6690.0,6246183.0,1605224.0
2026-10-04T04:25:00Z,node_1039,65.0,72.1,8659.0,425767.0,9591148.0
2026-10-04T04:30:00Z,node_1029,12.3,10.6,5370.0,8750130.0,891601.0
2026-10-04T04:35:00Z,node_1032,31.9,45.2,7728.0,224143.0,1595164.0
2026-10-04T04:40:00Z,node_1041,68.6,68.5,14266.0,6675469.0,3709516.0
2026-10-04T04:45:00Z,node_1036,77.3,11.2,12274.0,7062094.0,9767920.0
2026-10-04T04:50:00Z,node_1019,90.2,68.6,6698.0,1243812.0,9913436.0
2026-10-04T04:55:00Z,node_1029,36.3,44.1,9168.0,978173.0,1662182.0
2026-10-04T05:00:00Z,node_1021,24.0,87.6,4764.0,4225967.0,9932005.0
2026-10-04T05:05:00Z,node_1013,26.5,67.2,5769.0,9449915.0,6454896.0
2026-10-04T05:10:00Z,node_1024,37.8,90.2,1279.0,7634928.0,2453179.0
2026-10-04T05:15:00Z,node_1038,50.4,58.4,1636.0,5994929.0,9560705.0
2026-10-04T05:20:00Z,node_1034,30.9,48.8,14485.0,2103389.0,8629278.0
2026-10-04T05:25:00Z,node_1029,6.8,77.3,13029.0,465516.0,9627144.0
2026-10-04T05:30:00Z,node_1013,83.4,39.8,14208.0,2805617.0,7989767.0
2026-10-04T05:35:00Z,node_1014,53.2,30.8,14425.0,7545421.0,3407949.0
2026-10-04T05:40:00Z,node_1025,47.4,23.1,5971.0,3668948.0,2567309.0
2026-10-04T05:45:00Z,node_1001,74.9,86.3,12578.0,9768992.0,5614388.0
2026-10-04T05:50:00Z,node_1043,44.5,68.4,9670.0,5742432.0,2247017.0
2026-10-04T05:55:00Z,node_1002,43.4,25.4,12578.0,8938312.0,7335984.0
2026-10-04T06:00:00Z,node_1043,83.6,86.4,7884.0,7114691.0,7042015.0
2026-10-04T06:05:00Z,node_1004,22.3,36.2,544.0,8863396.0,8554827.0
2026-10-04T06:10:00Z,node_1023,62.2,40.5,5666.0,8589935.0,314369.0
2026-10-04T06:15:00Z,node_1042,91.6,38.3,4022.0,7257594.0,22531.0
2026-10-04T06:20:00Z,node_1044,23.3,16.1,4583.0,2772559.0,8897892.0
2026-10-04T06:25:00Z,node_1028,30.4,78.6,12351.0,3241614.0,5481571.0
2026-10-04T06:30:00Z,node_1035,47.3,83.4,8506.0,9219488.0,54881.0
2026-10-04T06:35:00Z,node_1012,77.7,90.2,11391.0,7574113.0,3511497.0
2026-10-04T06:40:00Z,node_1030,66.6,44.9,5477.0,8022105.0,7081974.0
2026-10-04T06:45:00Z,node_1016,8.5,88.4,5448.0,7801167.0,2527030.0
2026-10-04T06:50:00Z,node_1021,63.4,88.2,13304.0,9771760.0,1274717.0
2026-10-04T06:55:00Z,node_1034,92.3,36.8,11253.0,8394010.0,2573976.0
2026-10-04T07:00:00Z,node_1043,45.4,15.6,2360.0,4475499.0,2630008.0
2026-10-04T07:05:00Z,node_1050,28.5,84.7,2710.0,9687429.0,1031108.0
2026-10-04T07:10:00Z,node_1013,91.1,49.3,4699.0,5837895.0,6659249.0
2026-10-04T07:15:00Z,node_1013,14.8,15.8,8213.0,8606632.0,8187869.0
2026-10-04T07:20:00Z,node_1040,83.4,22.9,10839.0,9931925.0,1981109.0
2026-10-04T07:25:00Z,node_1044,5.7,38.5,1064.0,4517705.0,2246385.0
2026-10-04T07:30:00Z,node_1010,26.1,94.0,5701.0,5390444.0,7323152.0
2026-10-04T07:35:00Z,node_1008,75.2,13.5,7136.0,142408.0,8888318.0
2026-10-04T07:40:00Z,node_1027,72.4,54.3,1165.0,8870975.0,8833506.0
2026-10-04T07:45:00Z,node_1041,75.5,93.4,12382.0,9886008.0,9578795.0
2026-10-04T07:50:00Z,node_1048,83.9,62.0,6897.0,1312059.0,4379267.0
2026-10-04T07:55:00Z,node_1049,96.3,93.6,6819.0,9060039.0,6832863.0
2026-10-04T08:00:00Z,node_1030,27.1,16.9,13085.0,5895976.0,8213867.0
2026-10-04T08:05:00Z,node_1003,73.0,19.3,12655.0,4774294.0,9908143.0
2026-10-04T08:10:00Z,node_1024,44.2,21.1,7216.0,1275290.0,7631589.0
2026-10-04T08:15:00Z,node_1001,36.4,65.3,3981.0,8735702.0,6500722.0
2026-10-04T08:20:00Z,node_1035,14.1,18.6,12314.0,7811236.0,8848276.0
2026-10-04T08:25:00Z,node_1050,27.4,74.5,3288.0,2143649.0,4877392.0
2026-10-04T08:30:00Z,node_1007,5.7,49.1,13147.0,2370816.0,5888481.0
2026-10-04T08:35:00Z,node_1049,75.3,77.5,13547.0,7286181.0,1104204.0
2026-10-04T08:40:00Z,node_1013,88.6,74.6,14593.0,3339200.0,8961310.0
2026-10-04T08:45:00Z,node_1043,97.0,72.0,3526.0,5465842.0,7086301.0
2026-10-04T08:50:00Z,node_1045,97.6,68.7,5850.0,8768368.0,146783.0
2026-10-04T08:55:00Z,node_1045,10.7,53.0,2328.0,6682918.0,257474.0
2026-10-04T09:00:00Z,node_1034,40.4,71.7,12742.0,1610955.0,3784400.0
2026-10-04T09:05:00Z,node_1016,10.0,88.2,12982.0,3266327.0,1273408.0
2026-10-04T09:10:00Z,node_1003,15.7,61.7,8333.0,2709886.0,2622212.0
2026-10-04T09:15:00Z,node_1007,76.7,13.3,8666.0,7425802.0,4796299.0
2026-10-04T09:20:00Z,node_1023,57.6,35.1,14390.0,5038213.0,3999448.0
2026-10-04T09:25:00Z,node_1035,94.6,40.9,1646.0,2750295.0,2619498.0
2026-10-04T09:30:00Z,node_1008,46.8,31.1,8774.0,5415282.0,1362895.0
2026-10-04T09:35:00Z,node_1018,51.1,20.4,14791.0,3627680.0,317986.0
2026-10-04T09:40:00Z,node_1021,5.2,46.0,8884.0,1187833.0,449711.0
2026-10-04T09:45:00Z,node_1049,37.6,25.6,5694.0,2259572.0,7928004.0
2026-10-04T09:50:00Z,node_1046,48.3,87.8,13331.0,9477859.0,7031015.0
2026-10-04T09:55:00Z,node_1014,18.7,95.0,13095.0,8959564.0,6300336.0
2026-10-04T10:00:00Z,node_1044,96.0,18.1,3715.0,8948962.0,4908548.0
2026-10-04T10:05:00Z,node_1050,38.4,62.2,13521.0,5953736.0,5071596.0
2026-10-04T10:10:00Z,node_1032,83.5,21.2,1557.0,9459158.0,2978681.0
2026-10-04T10:15:00Z,node_1039,92.8,53.7,898.0,8545684.0,6540238.0
2026-10-04T10:20:00Z,node_1002,49.8,70.7,11331.0,9376446.0,7875739.0
2026-10-04T10:25:00Z,node_1037,25.6,70.6,2804.0,9256621.0,5019972.0
2026-10-04T10:30:00Z,node_1028,58.6,41.8,8376.0,7089202.0,3003623.0
2026-10-04T10:35:00Z,node_1019,73.7,51.6,1177.0,608417.0,1567220.0
2026-10-04T10:40:00Z,node_1029,69.5,11.2,5847.0,1442464.0,7591712.0
2026-10-04T10:45:00Z,node_1007,53.7,46.3,11151.0,7263276.0,7601073.0
2026-10-04T10:50:00Z,node_1018,14.0,46.7,12825.0,724489.0,3855085.0
2026-10-04T10:55:00Z,node_1041,19.0,68.4,14809.0,1862787.0,4527012.0
2026-10-04T11:00:00Z,node_1049,46.5,17.6,3277.0,6833374.0,855790.0
2026-10-04T11:05:00Z,node_1026,60.0,47.7,198.0,933984.0,1356616.0
2026-10-04T11:10:00Z,node_1032,43.5,85.9,10406.0,9160283.0,3506998.0
2026-10-04T11:15:00Z,node_1015,95.1,11.7,12468.0,2229571.0,687770.0
2026-10-04T11:20:00Z,node_1003,47.4,58.9,6724.0,9108637.0,2593330.0
2026-10-04T11:25:00Z,node_1019,64.5,44.9,8592.0,5241115.0,8813832.0
2026-10-04T11:30:00Z,node_1046,53.1,75.7,315.0,527775.0,240428.0
2026-10-04T11:35:00Z,node_1005,33.1,45.4,13638.0,1505745.0,3548847.0
2026-10-04T11:40:00Z,node_1003,53.6,53.3,4772.0,9345975.0,1616647.0
2026-10-04T11:45:00Z,node_1047,87.9,34.5,7395.0,2365996.0,4783302.0
2026-10-04T11:50:00Z,node_1046,29.5,51.5,14084.0,6320368.0,624270.0
2026-10-04T11:55:00Z,node_1005,49.6,73.9,4541.0,3658487.0,8878192.0
2026-10-04T12:00:00Z,node_1039,89.5,29.0,6987.0,363582.0,2097085.0
2026-10-04T12:05:00Z,node_1038,42.7,73.7,14727.0,9784662.0,231995.0
2026-10-04T12:10:00Z,node_1038,12.7,26.2,3809.0,4794758.0,9269849.0
2026-10-04T12:15:00Z,node_1045,53.7,55.2,4536.0,5372850.0,4213126.0
2026-10-04T12:20:00Z,node_1027,39.1,42.3,3279.0,699813.0,6309974.0
2026-10-04T12:25:00Z,node_1021,56.5,22.6,6205.0,8948769.0,7665135.0
2026-10-04T12:30:00Z,node_1044,55.8,78.0,5638.0,3050474.0,1636201.0
2026-10-04T12:35:00Z,node_1020,84.7,65.9,2205.0,9230648.0,3005706.0
2026-10-04T12:40:00Z,node_1016,73.4,22.1,10109.0,7551309.0,9552352.0
2026-10-04T12:45:00Z,node_1026,74.2,52.4,5275.0,3673854.0,6415602.0
2026-10-04T12:50:00Z,node_1038,59.1,22.8,12601.0,4887718.0,3057815.0
2026-10-04T12:55:00Z,node_1014,8.6,82.8,10406.0,1102134.0,9442586.0
2026-10-04T13:00:00Z,node_1017,97.1,47.6,6244.0,2566528.0,3032735.0
2026-10-04T13:05:00Z,node_1033,50.5,60.6,8403.0,8604005.0,5908619.0
2026-10-04T13:10:00Z,node_1025,96.5,78.3,12001.0,4583978.0,364509.0
2026-10-04T13:15:00Z,node_1013,60.9,63.1,9250.0,8588737.0,2924380.0
2026-10-04T13:20:00Z,node_1024,49.8,41.9,9473.0,6701612.0,7487233.0
2026-10-04T13:25:00Z,node_1046,23.2,53.4,4385.0,4990194.0,1809789.0
2026-10-04T13:30:00Z,node_1046,17.1,68.3,5600.0,9674909.0,4313417.0
2026-10-04T13:35:00Z,node_1017,42.1,89.9,10821.0,6603844.0,8800888.0
2026-10-04T13:40:00Z,node_1021,71.0,83.3,5390.0,9414448.0,3339276.0
2026-10-04T13:45:00Z,node_1010,39.7,70.2,5043.0,3638996.0,1024856.0
2026-10-04T13:50:00Z,node_1003,62.0,36.7,3166.0,622521.0,5835433.0
2026-10-04T13:55:00Z,node_1029,75.8,59.3,5870.0,5942659.0,3588699.0
2026-10-04T14:00:00Z,node_1034,20.6,55.6,13532.0,2526155.0,3387489.0
2026-10-04T14:05:00Z,node_1005,98.3,59.4,2456.0,6612399.0,3285455.0
2026-10-04T14:10:00Z,node_1043,43.9,22.9,2664.0,6964825.0,4906829.0
2026-10-04T14:15:00Z,node_1008,79.6,67.2,8715.0,3961943.0,7114784.0
2026-10-04T14:20:00Z,node_1049,42.1,70.5,14679.0,5710164.0,1952655.0
2026-10-04T14:25:00Z,node_1025,64.5,50.3,3270.0,1144810.0,4248768.0
2026-10-04T14:30:00Z,node_1026,41.1,37.7,14212.0,6101114.0,594075.0
2026-10-04T14:35:00Z,node_1004,35.1,62.0,14244.0,6850918.0,6407123.0
2026-10-04T14:40:00Z,node_1006,19.5,93.3,838.0,5659583.0,5801853.0
2026-10-04T14:45:00Z,node_1039,42.1,86.7,10503.0,5929347.0,9070777.0
2026-10-04T14:50:00Z,node_1033,18.2,18.0,1664.0,5508516.0,5864025.0
2026-10-04T14:55:00Z,node_1030,10.7,25.8,7957.0,4869763.0,2711236.0
2026-10-04T15:00:00Z,node_1036,56.4,55.3,6302.0,8825456.0,2225481.0
2026-10-04T15:05:00Z,node_1030,22.1,77.8,485.0,310225.0,5816136.0
2026-10-04T15:10:00Z,node_1046,42.0,79.3,5611.0,5484023.0,4491583.0
2026-10-04T15:15:00Z,node_1004,31.1,83.0,4820.0,8805369.0,6928814.0
2026-10-04T15:20:00Z,node_1022,77.7,45.2,4145.0,7286059.0,8473669.0
2026-10-04T15:25:00Z,node_1011,5.7,31.7,12428.0,3576404.0,5044346.0
2026-10-04T15:30:00Z,node_1033,6.9,40.6,4330.0,8352787.0,8968600.0
2026-10-04T15:35:00Z,node_1045,7.5,27.4,12472.0,2360525.0,4025798.0
2026-10-04T15:40:00Z,node_1039,14.6,70.7,316.0,1759058.0,4424464.0
2026-10-04T15:45:00Z,node_1020,24.0,49.6,8710.0,3986677.0,3388227.0
2026-10-04T15:50:00Z,node_1012,96.4,57.5,4032.0,7323826.0,534834.0
2026-10-04T15:55:00Z,node_1004,66.4,66.5,414.0,8077427.0,7533924.0
2026-10-04T16:00:00Z,node_1023,11.8,17.3,8784.0,3537697.0,4453569.0
2026-10-04T16:05:00Z,node_1015,43.5,16.6,9516.0,9337156.0,4359584.0
2026-10-04T16:10:00Z,node_1011,15.4,12.2,13258.0,3442983.0,6062769.0
2026-10-04T16:15:00Z,node_1015,84.0,39.5,10460.0,9721361.0,6064683.0
2026-10-04T16:20:00Z,node_1027,13.4,14.7,3934.0,7514045.0,3388982.0
2026-10-04T16:25:00Z,node_1018,29.5,21.8,3655.0,5802704.0,4998412.0
2026-10-04T16:30:00Z,node_1006,36.6,72.1,14600.0,570821.0,353517.0
2026-10-04T16:35:00Z,node_1011,93.5,48.0,9391.0,7303614.0,1714380.0
2026-10-04T16:40:00Z,node_1041,16.5,45.0,12728.0,9110520.0,9131759.0
2026-10-04T16:45:00Z,node_1011,25.3,62.9,2602.0,7003832.0,9098224.0
2026-10-04T16:50:00Z,node_1023,51.8,31.9,10015.0,9333090.0,5596342.0
2026-10-04T16:55:00Z,node_1040,90.5,44.0,10194.0,8027150.0,7443028.0
2026-10-04T17:00:00Z,node_1046,48.0,46.0,14284.0,7143101.0,8681868.0
2026-10-04T17:05:00Z,node_1009,5.2,25.9,12936.0,7895349.0,7935946.0
2026-10-04T17:10:00Z,node_1009,81.9,15.8,4551.0,2204610.0,2234126.0
2026-10-04T17:15:00Z,node_1044,11.3,24.1,11640.0,5719478.0,117473.0
2026-10-04T17:20:00Z,node_1022,77.8,15.8,2788.0,5535540.0,9316034.0
2026-10-04T17:25:00Z,node_1026,10.9,20.3,7197.0,3564816.0,5210444.0
2026-10-04T17:30:00Z,node_1028,14.9,60.5,7133.0,4852694.0,5174537.0
2026-10-04T17:35:00Z,node_1033,10.1,44.5,12821.0,9725927.0,8005974.0
2026-10-04T17:40:00Z,node_1012,36.8,57.1,5676.0,6437955.0,5864443.0
2026-10-04T17:45:00Z,node_1022,57.7,12.2,8844.0,7439278.0,818686.0
2026-10-04T17:50:00Z,node_1007,15.5,72.4,13553.0,281899.0,8852289.0
2026-10-04T17:55:00Z,node_1041,92.9,21.2,733.0,8332379.0,4501177.0
2026-10-04T18:00:00Z,node_1006,51.2,65.0,5407.0,1490754.0,7983309.0
2026-10-04T18:05:00Z,node_1009,66.8,13.6,13075.0,6367672.0,9131826.0
2026-10-04T18:10:00Z,node_1005,25.4,32.9,13330.0,8459767.0,2975698.0
2026-10-04T18:15:00Z,node_1015,32.5,75.6,1041.0,6311769.0,8311524.0
2026-10-04T18:20:00Z,node_1019,5.6,19.1,4509.0,4440028.0,1447297.0
2026-10-04T18:25:00Z,node_1033,59.5,47.5,487.0,6185790.0,5844801.0
2026-10-04T18:30:00Z,node_1017,76.1,74.6,10555.0,1832457.0,2146477.0
2026-10-04T18:35:00Z,node_1011,96.7,20.8,4770.0,7629046.0,3093299.0
2026-10-04T18:40:00Z,node_1021,74.5,90.9,8914.0,7327411.0,3319651.0
2026-10-04T18:45:00Z,node_1012,49.4,30.9,12434.0,4789463.0,5783374.0
2026-10-04T18:50:00Z,node_1049,63.5,88.2,6914.0,4374360.0,9571861.0
2026-10-04T18:55:00Z,node_1024,28.6,40.5,8699.0,277940.0,8146507.0
2026-10-04T19:00:00Z,node_1036,67.7,73.6,7838.0,1956984.0,1278809.0
2026-10-04T19:05:00Z,node_1030,51.0,43.1,13557.0,298821.0,4384017.0
2026-10-04T19:10:00Z,node_1027,45.0,87.3,7385.0,1403977.0,6568302.0
2026-10-04T19:15:00Z,node_1025,23.7,92.5,12286.0,3552665.0,1376867.0
2026-10-04T19:20:00Z,node_1043,81.0,18.6,9393.0,7447263.0,4600739.0
2026-10-04T19:25:00Z,node_1032,73.9,41.0,851.0,1452445.0,1577854.0
2026-10-04T19:30:00Z,node_1008,78.1,64.8,6014.0,1807538.0,8528163.0
2026-10-04T19:35:00Z,node_1043,6.5,53.6,5624.0,5851033.0,8569329.0
2026-10-04T19:40:00Z,node_1045,64.6,49.3,9345.0,8877170.0,8239029.0
2026-10-04T19:45:00Z,node_1031,93.6,71.5,8218.0,1107263.0,3468485.0
2026-10-04T19:50:00Z,node_1049,68.4,57.1,6364.0,8116802.0,9685335.0
2026-10-04T19:55:00Z,node_1033,90.9,28.7,719.0,3656710.0,2472336.0
2026-10-04T20:00:00Z,node_1038,8.5,28.7,10476.0,2864215.0,358467.0
2026-10-04T20:05:00Z,node_1016,8.5,67.8,7560.0,4378474.0,4684186.0
2026-10-04T20:10:00Z,node_1040,7.0,66.6,14495.0,302514.0,5446875.0
2026-10-04T20:15:00Z,node_1005,50.8,78.4,2597.0,4226904.0,4861646.0
2026-10-04T20:20:00Z,node_1031,91.4,51.5,355.0,2196158.0,6294190.0
2026-10-04T20:25:00Z,node_1031,14.1,45.2,8411.0,6576700.0,1535745.0
2026-10-04T20:30:00Z,node_1047,12.0,80.2,5935.0,8013353.0,9697528.0
2026-10-04T20:35:00Z,node_1024,69.2,12.4,7030.0,9056660.0,9482821.0
2026-10-04T20:40:00Z,node_1018,9.7,65.1,4125.0,5991363.0,972351.0
2026-10-04T20:45:00Z,node_1025,10.0,18.4,904.0,2919669.0,2480733.0
2026-10-04T20:50:00Z,node_1026,65.1,59.2,1108.0,6519815.0,4471780.0
2026-10-04T20:55:00Z,node_1027,52.8,54.3,867.0,8819289.0,644224.0
2026-10-04T21:00:00Z,node_1041,50.7,66.1,8840.0,6837200.0,134439.0
2026-10-04T21:05:00Z,node_1016,81.3,94.3,2611.0,9346956.0,4727105.0
2026-10-04T21:10:00Z,node_1036,90.0,86.8,3944.0,4816874.0,1530273.0
2026-10-04T21:15:00Z,node_1024,97.4,35.3,11495.0,6455165.0,2829326.0
2026-10-04T21:20:00Z,node_1035,41.3,62.9,8427.0,3417017.0,6114749.0
2026-10-04T21:25:00Z,node_1011,98.9,18.8,8634.0,8596615.0,9516965.0
2026-10-04T21:30:00Z,node_1014,47.5,49.7,593.0,6915834.0,1951225.0
2026-10-04T21:35:00Z,node_1015,7.7,38.3,5378.0,5132099.0,3593312.0
2026-10-04T21:40:00Z,node_1017,94.8,84.7,7786.0,9159559.0,6906270.0
2026-10-04T21:45:00Z,node_1022,94.9,91.7,2915.0,7305042.0,9998540.0
2026-10-04T21:50:00Z,node_1031,36.4,89.4,11247.0,5357534.0,647970.0
2026-10-04T21:55:00Z,node_1006,52.1,60.9,14750.0,5674548.0,8673568.0
2026-10-04T22:00:00Z,node_1015,85.8,89.6,9500.0,454758.0,1126895.0
2026-10-04T22:05:00Z,node_1012,21.9,52.0,13729.0,8212367.0,3470193.0
2026-10-04T22:10:00Z,node_1013,46.6,40.5,7281.0,4798975.0,9176570.0
2026-10-04T22:15:00Z,node_1027,26.9,30.2,7109.0,4344191.0,8672951.0
2026-10-04T22:20:00Z,node_1036,84.5,22.2,12998.0,929511.0,5079027.0
2026-10-04T22:25:00Z,node_1046,39.8,59.5,2551.0,140009.0,1800674.0
2026-10-04T22:30:00Z,node_1037,12.4,82.1,14042.0,8799548.0,6532171.0
2026-10-04T22:35:00Z,node_1039,65.8,69.7,14658.0,5805478.0,2383733.0
2026-10-04T22:40:00Z,node_1044,5.6,71.2,10074.0,7712657.0,6505738.0
2026-10-04T22:45:00Z,node_1016,79.6,55.9,6206.0,9901881.0,8418408.0
2026-10-04T22:50:00Z,node_1046,72.9,82.9,974.0,5696403.0,101974.0
2026-10-04T22:55:00Z,node_1004,49.4,32.7,3426.0,6188897.0,41221.0
2026-10-04T23:00:00Z,node_1039,69.7,73.2,6557.0,224098.0,7481481.0
2026-10-04T23:05:00Z,node_1022,54.3,75.7,4878.0,7727645.0,2456039.0
2026-10-04T23:10:00Z,node_1002,11.7,89.6,3468.0,4456436.0,3085038.0
2026-10-04T23:15:00Z,node_1021,30.2,81.0,1436.0,5439614.0,1352294.0
2026-10-04T23:20:00Z,node_1038,93.3,62.0,3024.0,5734830.0,2363132.0
2026-10-04T23:25:00Z,node_1036,32.3,16.8,10283.0,3057817.0,4236692.0
2026-10-04T23:30:00Z,node_1050,60.0,87.8,13315.0,1225484.0,182108.0
2026-10-04T23:35:00Z,node_1043,93.5,13.1,6511.0,3717513.0,4949452.0
2026-10-04T23:40:00Z,node_1015,50.8,16.3,2209.0,8754356.0,1840387.0
2026-10-04T23:45:00Z,node_1025,15.2,66.2,254.0,5372170.0,632404.0
2026-10-04T23:50:00Z,node_1021,77.6,34.0,8713.0,7335626.0,8473958.0
2026-10-04T23:55:00Z,node_1047,37.8,27.0,13051.0,607235.0,9008977.0
2026-10-05T00:00:00Z,node_1026,46.9,51.5,3152.0,6000206.0,8201257.0
2026-10-05T00:05:00Z,node_1050,41.0,38.2,12643.0,9475090.0,2847785.0
2026-10-05T00:10:00Z,node_1044,51.5,83.1,1811.0,117481.0,9805263.0
2026-10-05T00:15:00Z,node_1006,69.9,15.5,7160.0,3121386.0,3142750.0
2026-10-05T00:20:00Z,node_1004,75.9,47.7,7021.0,8235561.0,5773599.0
2026-10-05T00:25:00Z,node_1027,29.1,36.4,11844.0,2677736.0,3031859.0
2026-10-05T00:30:00Z,node_1028,7.3,15.0,2976.0,4962647.0,4829164.0
2026-10-05T00:35:00Z,node_1018,78.3,68.5,3240.0,1097121.0,5761639.0
2026-10-05T00:40:00Z,node_1006,74.0,55.0,7144.0,3643992.0,2654517.0
2026-10-05T00:45:00Z,node_1021,11.9,16.1,8860.0,5467536.0,3511462.0
2026-10-05T00:50:00Z,node_1022,50.3,30.0,13012.0,3935541.0,9282536.0
2026-10-05T00:55:00Z,node_1039,55.0,27.0,13274.0,5013416.0,1087971.0
2026-10-05T01:00:00Z,node_1038,89.2,42.3,11506.0,5359097.0,2602098.0
2026-10-05T01:05:00Z,node_1027,52.8,36.9,1183.0,1553349.0,9495151.0
2026-10-05T01:10:00Z,node_1035,75.9,73.0,3628.0,4866647.0,6114790.0
2026-10-05T01:15:00Z,node_1039,53.0,77.2,10382.0,7654402.0,2927947.0
2026-10-05T01:20:00Z,node_1039,11.4,52.5,13476.0,2437495.0,2175364.0
2026-10-05T01:25:00Z,node_1044,66.3,37.3,5965.0,3407326.0,6319516.0
2026-10-05T01:30:00Z,node_1043,11.4,58.7,11542.0,8541940.0,4849254.0
2026-10-05T01:35:00Z,node_1023,51.8,13.0,10985.0,4040497.0,3556891.0
2026-10-05T01:40:00Z,node_1015,98.9,69.0,6498.0,5907825.0,8411413.0
2026-10-05T01:45:00Z,node_1027,91.4,50.4,13764.0,7387089.0,577039.0
2026-10-05T01:50:00Z,node_1030,75.3,61.2,7768.0,1145111.0,9514392.0
2026-10-05T01:55:00Z,node_1018,28.8,81.4,14494.0,3226036.0,1008479.0
2026-10-05T02:00:00Z,node_1019,56.2,43.1,4607.0,6674742.0,9024783.0
2026-10-05T02:05:00Z,node_1037,76.7,29.9,12454.0,3741157.0,902459.0
2026-10-05T02:10:00Z,node_1002,47.0,34.2,4048.0,2803853.0,6717997.0
2026-10-05T02:15:00Z,node_1023,78.0,78.4,10509.0,2935613.0,2856030.0
2026-10-05T02:20:00Z,node_1023,72.1,18.6,462.0,6656298.0,7435404.0
2026-10-05T02:25:00Z,node_1011,49.9,36.4,8206.0,5504503.0,2205491.0
2026-10-05T02:30:00Z,node_1025,26.2,44.2,6735.0,5103314.0,9747710.0
2026-10-05T02:35:00Z,node_1009,91.1,31.4,9583.0,7392790.0,863694.0
2026-10-05T02:40:00Z,node_1030,67.3,29.7,11828.0,7054160.0,8067889.0
2026-10-05T02:45:00Z,node_1006,10.7,22.2,4424.0,7067739.0,1843977.0
2026-10-05T02:50:00Z,node_1011,93.7,13.8,6764.0,9141337.0,7510929.0
2026-10-05T02:55:00Z,node_1045,88.2,38.4,2158.0,5092613.0,5009338.0
2026-10-05T03:00:00Z,node_1048,75.1,83.9,11939.0,5141633.0,3105620.0
2026-10-05T03:05:00Z,node_1044,32.5,77.9,3124.0,3448383.0,3202686.0
2026-10-05T03:10:00Z,node_1029,13.5,82.3,457.0,427792.0,281144.0
2026-10-05T03:15:00Z,node_1021,94.4,24.6,9048.0,83773.0,2266536.0
2026-10-05T03:20:00Z,node_1036,36.2,59.4,4569.0,5706421.0,3475908.0
2026-10-05T03:25:00Z,node_1034,98.0,76.1,3493.0,3431601.0,2146390.0
2026-10-05T03:30:00Z,node_1004,22.7,63.8,14980.0,899976.0,3858875.0
2026-10-05T03:35:00Z,node_1047,6.0,70.8,6111.0,3495772.0,9066191.0
2026-10-05T03:40:00Z,node_1016,37.3,59.1,1147.0,2989869.0,4131637.0
2026-10-05T03:45:00Z,node_1021,57.8,48.7,5421.0,5904854.0,7229771.0
2026-10-05T03:50:00Z,node_1033,47.4,43.7,14521.0,6932149.0,3219283.0
2026-10-05T03:55:00Z,node_1042,24.6,45.6,13547.0,6419215.0,5796838.0
2026-10-05T04:00:00Z,node_1013,46.3,87.5,10194.0,4184143.0,4880787.0
2026-10-05T04:05:00Z,node_1008,26.6,40.9,9221.0,4019063.0,3956562.0
2026-10-05T04:10:00Z,node_1011,68.8,50.7,2299.0,134537.0,6176563.0
2026-10-05T04:15:00Z,node_1046,30.7,66.6,10652.0,2667613.0,6372204.0
2026-10-05T04:20:00Z,node_1043,69.7,52.0,12014.0,2013790.0,7850356.0
2026-10-05T04:25:00Z,node_1047,94.2,71.3,7324.0,6154456.0,4093777.0
2026-10-05T04:30:00Z,node_1004,93.3,66.8,5856.0,16935.0,4155464.0
2026-10-05T04:35:00Z,node_1026,84.7,28.7,5121.0,9348951.0,351047.0
2026-10-05T04:40:00Z,node_1033,94.3,47.4,5386.0,4060820.0,6159088.0
2026-10-05T04:45:00Z,node_1041,7.3,56.1,11346.0,1667687.0,8491033.0
2026-10-05T04:50:00Z,node_1002,93.0,36.3,12548.0,523589.0,8581389.0
2026-10-05T04:55:00Z,node_1023,72.6,73.9,5991.0,7502336.0,5199514.0
2026-10-05T05:00:00Z,node_1031,23.7,52.9,9033.0,5731673.0,1410630.0
2026-10-05T05:05:00Z,node_1018,29.3,55.4,7265.0,8237869.0,3579537.0
2026-10-05T05:10:00Z,node_1031,97.5,35.9,8129.0,2757492.0,3846363.0
2026-10-05T05:15:00Z,node_1017,87.6,28.8,6482.0,5950387.0,4287797.0
2026-10-05T05:20:00Z,node_1008,7.1,80.2,2810.0,5939535.0,7648305.0
2026-10-05T05:25:00Z,node_1037,88.5,66.3,5366.0,3349623.0,1775898.0
2026-10-05T05:30:00Z,node_1005,69.3,48.4,5659.0,2656732.0,2067211.0
2026-10-05T05:35:00Z,node_1033,36.9,68.2,14629.0,7035159.0,9178551.0
2026-10-05T05:40:00Z,node_1032,97.6,50.5,8840.0,7919928.0,4969279.0
2026-10-05T05:45:00Z,node_1012,73.6,53.3,7883.0,8310687.0,2426221.0
2026-10-05T05:50:00Z,node_1024,86.2,18.5,10590.0,7490462.0,5542925.0
2026-10-05T05:55:00Z,node_1014,79.3,71.2,10542.0,6851385.0,6560936.0
2026-10-05T06:00:00Z,node_1031,54.7,28.0,12602.0,1063281.0,1194908.0
2026-10-05T06:05:00Z,node_1012,76.4,18.3,9913.0,35263.0,8790138.0
2026-10-05T06:10:00Z,node_1034,46.3,68.8,7189.0,7585370.0,1233257.0
2026-10-05T06:15:00Z,node_1042,69.2,30.1,3337.0,7285048.0,8141572.0
2026-10-05T06:20:00Z,node_1011,59.6,28.8,10880.0,876210.0,7359958.0
2026-10-05T06:25:00Z,node_1001,96.2,55.0,5461.0,1468076.0,9306424.0
2026-10-05T06:30:00Z,node_1019,28.0,47.0,3619.0,832373.0,5866509.0
2026-10-05T06:35:00Z,node_1033,40.9,91.8,1245.0,5025446.0,7496685.0
2026-10-05T06:40:00Z,node_1024,47.5,38.2,3066.0,3057358.0,8277597.0
2026-10-05T06:45:00Z,node_1003,23.2,83.1,6586.0,3698250.0,1626621.0
2026-10-05T06:50:00Z,node_1009,53.3,38.9,5016.0,8311438.0,2601927.0
2026-10-05T06:55:00Z,node_1038,10.7,88.3,4197.0,8175979.0,8632027.0
2026-10-05T07:00:00Z,node_1010,10.8,92.7,9241.0,4251004.0,1537409.0
2026-10-05T07:05:00Z,node_1032,41.5,10.1,12986.0,2309703.0,5759871.0
2026-10-05T07:10:00Z,node_1029,42.4,37.1,5804.0,1270800.0,6178506.0
2026-10-05T07:15:00Z,node_1012,87.1,40.6,10874.0,7263576.0,7763845.0
2026-10-05T07:20:00Z,node_1047,39.0,33.4,3140.0,531396.0,8128590.0
2026-10-05T07:25:00Z,node_1033,59.7,13.9,4091.0,354251.0,4331277.0
2026-10-05T07:30:00Z,node_1003,9.2,59.9,8502.0,2153372.0,4257653.0
2026-10-05T07:35:00Z,node_1009,47.2,65.7,12953.0,977252.0,7170425.0
2026-10-05T07:40:00Z,node_1047,54.9,30.3,1218.0,3654481.0,6699212.0
2026-10-05T07:45:00Z,node_1015,23.7,21.1,10133.0,6551400.0,2404881.0
2026-10-05T07:50:00Z,node_1017,79.5,52.3,14338.0,6998897.0,1056176.0
2026-10-05T07:55:00Z,node_1024,10.7,69.5,4594.0,4971274.0,1191434.0
2026-10-05T08:00:00Z,node_1013,38.8,17.5,10136.0,3088200.0,888258.0
2026-10-05T08:05:00Z,node_1008,89.8,19.5,9271.0,9487015.0,166543.0
2026-10-05T08:10:00Z,node_1042,95.5,28.9,8529.0,5812030.0,2975255.0
2026-10-05T08:15:00Z,node_1001,57.7,64.2,5715.0,82151.0,1083854.0
2026-10-05T08:20:00Z,node_1007,51.7,17.9,7333.0,6602712.0,198938.0
2026-10-05T08:25:00Z,node_1040,26.9,23.8,8808.0,7772812.0,6478239.0
2026-10-05T08:30:00Z,node_1038,22.1,84.3,4531.0,9691490.0,6912792.0
2026-10-05T08:35:00Z,node_1049,70.0,31.4,14975.0,8223495.0,7377934.0
2026-10-05T08:40:00Z,node_1013,78.8,72.6,1736.0,987166.0,6368777.0
2026-10-05T08:45:00Z,node_1018,58.0,32.2,7020.0,2950804.0,3816123.0
2026-10-05T08:50:00Z,node_1020,27.3,31.0,8620.0,8302435.0,5045689.0
2026-10-05T08:55:00Z,node_1039,65.6,83.1,6110.0,8513355.0,6076448.0
2026-10-05T09:00:00Z,node_1017,50.5,73.6,14566.0,3503298.0,7415755.0
2026-10-05T09:05:00Z,node_1049,31.8,71.1,14963.0,1861245.0,4423014.0
2026-10-05T09:10:00Z,node_1042,43.0,30.4,9515.0,1081644.0,3119446.0
2026-10-05T09:15:00Z,node_1006,85.3,55.4,2672.0,4916353.0,6361436.0
2026-10-05T09:20:00Z,node_1010,19.8,34.2,8263.0,7510764.0,1673938.0
2026-10-05T09:25:00Z,node_1031,17.2,48.7,363.0,863786.0,9813341.0
2026-10-05T09:30:00Z,node_1004,16.2,72.9,3273.0,1756517.0,8224866.0
2026-10-05T09:35:00Z,node_1021,31.3,26.2,9784.0,4118873.0,2517879.0
2026-10-05T09:40:00Z,node_1036,94.0,70.8,4744.0,3226385.0,5105304.0
2026-10-05T09:45:00Z,node_1002,6.7,91.2,893.0,172251.0,9401687.0
2026-10-05T09:50:00Z,node_1021,51.0,66.0,11069.0,6809087.0,3718591.0
2026-10-05T09:55:00Z,node_1033,59.1,68.6,981.0,8768963.0,6637120.0
2026-10-05T10:00:00Z,node_1003,49.4,48.7,13462.0,4672986.0,5184022.0
2026-10-05T10:05:00Z,node_1050,92.5,89.4,14235.0,8415812.0,2147280.0
2026-10-05T10:10:00Z,node_1039,97.2,74.0,9932.0,1233537.0,3042283.0
2026-10-05T10:15:00Z,node_1006,81.0,64.7,5603.0,3637778.0,6370491.0
2026-10-05T10:20:00Z,node_1007,36.4,89.0,9538.0,8930881.0,1474427.0
2026-10-05T10:25:00Z,node_1037,33.3,55.9,4773.0,7942433.0,7222237.0
2026-10-05T10:30:00Z,node_1017,95.6,81.3,6973.0,6178416.0,8288634.0
2026-10-05T10:35:00Z,node_1019,18.1,59.7,13702.0,4827948.0,185678.0
2026-10-05T10:40:00Z,node_1019,20.9,47.1,13921.0,1570634.0,9658200.0
2026-10-05T10:45:00Z,node_1048,6.3,29.5,2716.0,7993835.0,1982619.0
2026-10-05T10:50:00Z,node_1018,21.2,81.6,13009.0,5835203.0,1105995.0
2026-10-05T10:55:00Z,node_1015,18.5,86.3,10614.0,1708764.0,2870274.0
2026-10-05T11:00:00Z,node_1021,41.7,59.6,5737.0,2250671.0,8739070.0
2026-10-05T11:05:00Z,node_1023,35.3,21.9,14002.0,3448212.0,1735116.0
2026-10-05T11:10:00Z,node_1020,76.9,37.8,1048.0,5001585.0,542397.0
2026-10-05T11:15:00Z,node_1031,46.5,60.5,7024.0,7263983.0,4119723.0
2026-10-05T11:20:00Z,node_1017,62.9,27.3,1368.0,7304342.0,8517490.0
2026-10-05T11:25:00Z,node_1038,34.9,49.3,10595.0,9186796.0,3527158.0
2026-10-05T11:30:00Z,node_1019,95.8,84.2,4204.0,7961833.0,9508937.0
2026-10-05T11:35:00Z,node_1002,58.6,63.8,6296.0,6744822.0,6854288.0
2026-10-05T11:40:00Z,node_1044,61.5,37.4,2538.0,6472986.0,9818554.0
2026-10-05T11:45:00Z,node_1001,92.5,39.1,11657.0,2203694.0,6090627.0
2026-10-05T11:50:00Z,node_1037,9.5,87.3,8310.0,930829.0,7805012.0
2026-10-05T11:55:00Z,node_1012,58.8,94.6,12166.0,5295106.0,678931.0
2026-10-05T12:00:00Z,node_1020,25.8,82.4,11004.0,3504823.0,9788978.0
2026-10-05T12:05:00Z,node_1023,8.9,85.3,3630.0,1917643.0,2879259.0
2026-10-05T12:10:00Z,node_1027,45.1,80.9,13866.0,3019653.0,6268103.0
2026-10-05T12:15:00Z,node_1001,63.3,68.5,13178.0,5008828.0,4052253.0
2026-10-05T12:20:00Z,node_1001,75.7,53.3,2962.0,4952263.0,3377451.0
2026-10-05T12:25:00Z,node_1020,20.5,75.7,10567.0,675131.0,288700.0
2026-10-05T12:30:00Z,node_1027,72.2,82.4,12595.0,2727191.0,9670221.0
2026-10-05T12:35:00Z,node_1035,45.7,23.3,3123.0,4986067.0,9862647.0
2026-10-05T12:40:00Z,node_1030,9.0,87.8,3074.0,65815.0,321957.0
2026-10-05T12:45:00Z,node_1029,93.5,84.4,1579.0,5590789.0,2965040.0
2026-10-05T12:50:00Z,node_1041,39.0,49.0,12735.0,4970604.0,6336960.0
2026-10-05T12:55:00Z,node_1023,8.5,37.0,13793.0,3075010.0,7730375.0
2026-10-05T13:00:00Z,node_1048,91.2,16.4,794.0,1557748.0,7127993.0
2026-10-05T13:05:00Z,node_1050,23.7,21.2,992.0,9343606.0,2196777.0
2026-10-05T13:10:00Z,node_1025,5.5,94.0,12220.0,1908629.0,808408.0
2026-10-05T13:15:00Z,node_1023,77.4,90.2,11230.0,1492717.0,6800735.0
2026-10-05T13:20:00Z,node_1041,23.6,37.3,2206.0,3898036.0,8728345.0
2026-10-05T13:25:00Z,node_1050,92.8,29.4,14231.0,4797029.0,8590285.0
2026-10-05T13:30:00Z,node_1017,13.9,47.7,10881.0,2315903.0,4201718.0
2026-10-05T13:35:00Z,node_1012,96.3,85.4,14488.0,6177662.0,8836255.0
2026-10-05T13:40:00Z,node_1037,21.4,58.2,12594.0,595090.0,6995650.0
2026-10-05T13:45:00Z,node_1042,44.6,84.4,1898.0,5520976.0,5741962.0
2026-10-05T13:50:00Z,node_1042,29.0,54.0,9315.0,9049931.0,1490187.0
2026-10-05T13:55:00Z,node_1023,6.2,54.8,13133.0,5348938.0,6897104.0
2026-10-05T14:00:00Z,node_1035,60.3,37.2,7578.0,5243518.0,1878982.0
2026-10-05T14:05:00Z,node_1016,43.8,12.3,13729.0,3243571.0,407451.0
2026-10-05T14:10:00Z,node_1026,36.5,31.5,13365.0,6281166.0,2193948.0
2026-10-05T14:15:00Z,node_1045,85.9,68.8,14833.0,1050025.0,7259056.0
2026-10-05T14:20:00Z,node_1001,55.4,52.3,7598.0,1842726.0,7812953.0
2026-10-05T14:25:00Z,node_1027,12.9,17.5,2169.0,4556273.0,8627325.0
2026-10-05T14:30:00Z,node_1024,46.8,42.4,12259.0,8049392.0,6556566.0
2026-10-05T14:35:00Z,node_1002,18.0,51.1,8910.0,2336903.0,2982355.0
2026-10-05T14:40:00Z,node_1030,10.5,81.2,2057.0,5461370.0,9346069.0
2026-10-05T14:45:00Z,node_1029,73.7,43.2,4305.0,8282264.0,6318925.0
2026-10-05T14:50:00Z,node_1031,11.4,23.6,10321.0,4280617.0,4565793.0
2026-10-05T14:55:00Z,node_1048,14.3,69.8,5074.0,3953573.0,8950282.0
2026-10-05T15:00:00Z,node_1008,42.0,90.8,13165.0,6270389.0,5196367.0
2026-10-05T15:05:00Z,node_1011,10.8,56.7,1078.0,7530776.0,4251714.0
2026-10-05T15:10:00Z,node_1014,58.4,45.5,14273.0,2582738.0,2517938.0
2026-10-05T15:15:00Z,node_1048,84.8,60.1,5245.0,5632254.0,5172797.0
2026-10-05T15:20:00Z,node_1039,59.0,55.9,12167.0,6602047.0,2164617.0
2026-10-05T15:25:00Z,node_1030,9.1,83.3,7198.0,4739161.0,8599472.0
2026-10-05T15:30:00Z,node_1028,39.9,81.1,7462.0,7884458.0,3147819.0
2026-10-05T15:35:00Z,node_1030,28.5,82.8,683.0,1836325.0,5909133.0
2026-10-05T15:40:00Z,node_1049,85.9,14.9,1568.0,2787269.0,8259407.0
2026-10-05T15:45:00Z,node_1019,57.1,48.2,11534.0,603730.0,8479145.0
2026-10-05T15:50:00Z,node_1025,27.5,15.9,6286.0,9165679.0,7535621.0
2026-10-05T15:55:00Z,node_1010,28.7,22.2,6865.0,1004672.0,1693040.0
2026-10-05T16:00:00Z,node_1003,86.3,52.2,11921.0,6969007.0,9247162.0
2026-10-05T16:05:00Z,node_1031,55.7,70.4,9668.0,9306190.0,4518594.0
2026-10-05T16:10:00Z,node_1034,87.2,82.6,10913.0,679013.0,1052671.0
2026-10-05T16:15:00Z,node_1049,81.4,70.8,10534.0,626995.0,1818415.0
2026-10-05T16:20:00Z,node_1013,81.1,54.5,7065.0,8189007.0,7032650.0
2026-10-05T16:25:00Z,node_1017,83.2,82.0,1570.0,5236428.0,889373.0
2026-10-05T16:30:00Z,node_1035,11.0,57.8,5089.0,2615569.0,6044875.0
2026-10-05T16:35:00Z,node_1043,39.5,60.4,13435.0,2839350.0,5816.0
2026-10-05T16:40:00Z,node_1018,72.3,78.3,12448.0,8746072.0,5718630.0
2026-10-05T16:45:00Z,node_1044,52.3,45.1,13800.0,3829142.0,29573.0
2026-10-05T16:50:00Z,node_1032,25.0,53.0,5824.0,5092931.0,1862781.0
2026-10-05T16:55:00Z,node_1042,20.3,38.8,8239.0,9886869.0,2087273.0
2026-10-05T17:00:00Z,node_1023,54.3,59.3,6871.0,3160291.0,4104965.0
2026-10-05T17:05:00Z,node_1022,90.1,20.1,8741.0,8092168.0,7135050.0
2026-10-05T17:10:00Z,node_1046,80.0,90.4,6694.0,3402765.0,1108475.0
2026-10-05T17:15:00Z,node_1008,59.6,17.2,12737.0,5299484.0,9077767.0
2026-10-05T17:20:00Z,node_1019,14.2,84.5,7528.0,3090014.0,9184006.0
2026-10-05T17:25:00Z,node_1031,75.2,22.5,6963.0,5217023.0,2391622.0
2026-10-05T17:30:00Z,node_1007,30.9,41.4,794.0,316200.0,917369.0
2026-10-05T17:35:00Z,node_1001,84.5,53.3,731.0,5503693.0,1036024.0
2026-10-05T17:40:00Z,node_1031,53.8,82.6,7402.0,9830535.0,813968.0
2026-10-05T17:45:00Z,node_1047,23.9,14.9,13291.0,6742176.0,1618122.0
2026-10-05T17:50:00Z,node_1025,74.8,64.2,10744.0,8866929.0,6148582.0
2026-10-05T17:55:00Z,node_1007,95.1,63.5,6741.0,9133874.0,3300497.0
2026-10-05T18:00:00Z,node_1023,70.0,49.0,457.0,5531837.0,11077.0
2026-10-05T18:05:00Z,node_1004,84.8,80.1,13237.0,1453255.0,7216111.0
2026-10-05T18:10:00Z,node_1025,26.0,78.8,9444.0,468939.0,4307755.0
2026-10-05T18:15:00Z,node_1010,54.2,86.1,5927.0,4026196.0,1548256.0
2026-10-05T18:20:00Z,node_1013,43.5,15.2,6768.0,943878.0,4922773.0
2026-10-05T18:25:00Z,node_1046,96.6,63.7,14164.0,4798705.0,7329255.0
2026-10-05T18:30:00Z,node_1046,16.2,76.8,5706.0,6201175.0,5040998.0
2026-10-05T18:35:00Z,node_1042,29.6,11.2,2136.0,560890.0,9927118.0
2026-10-05T18:40:00Z,node_1030,98.7,59.5,13870.0,3757546.0,7951603.0
2026-10-05T18:45:00Z,node_1018,62.3,35.2,3062.0,3757855.0,3584467.0
2026-10-05T18:50:00Z,node_1033,95.2,20.5,7406.0,5540917.0,4735393.0
2026-10-05T18:55:00Z,node_1039,42.0,21.7,14049.0,311937.0,6539219.0
2026-10-05T19:00:00Z,node_1003,28.4,43.9,12499.0,8477224.0,8214953.0
2026-10-05T19:05:00Z,node_1032,36.4,91.2,14657.0,5380437.0,4538180.0
2026-10-05T19:10:00Z,node_1038,41.0,88.8,12456.0,8491704.0,4341464.0
2026-10-05T19:15:00Z,node_1039,58.5,14.2,9828.0,7291233.0,7309469.0
2026-10-05T19:20:00Z,node_1022,25.6,18.1,12104.0,7923120.0,7260200.0
2026-10-05T19:25:00Z,node_1021,12.7,72.4,2782.0,4887097.0,6352071.0
2026-10-05T19:30:00Z,node_1011,38.4,72.2,3202.0,6267064.0,3860412.0
2026-10-05T19:35:00Z,node_1031,10.0,27.3,2992.0,2525444.0,2094684.0
2026-10-05T19:40:00Z,node_1010,60.7,14.9,2732.0,6395394.0,8148943.0
2026-10-05T19:45:00Z,node_1008,30.7,37.1,2922.0,7280842.0,3605068.0
2026-10-05T19:50:00Z,node_1043,34.7,86.6,9706.0,6582867.0,8900920.0
2026-10-05T19:55:00Z,node_1004,53.6,31.0,4443.0,4431851.0,6732720.0
2026-10-05T20:00:00Z,node_1044,86.3,38.3,12959.0,6904466.0,2252872.0
2026-10-05T20:05:00Z,node_1046,6.4,82.7,12949.0,82245.0,2214207.0
2026-10-05T20:10:00Z,node_1030,23.4,31.9,7459.0,2665620.0,961808.0
2026-10-05T20:15:00Z,node_1042,21.3,89.7,6278.0,5724668.0,556995.0
2026-10-05T20:20:00Z,node_1049,81.1,81.0,13162.0,5671494.0,4843514.0
2026-10-05T20:25:00Z,node_1017,57.5,88.1,7556.0,7867476.0,3407319.0
2026-10-05T20:30:00Z,node_1033,43.5,71.2,2681.0,6541310.0,9676212.0
2026-10-05T20:35:00Z,node_1023,44.3,20.8,2677.0,2285544.0,6910682.0
2026-10-05T20:40:00Z,node_1010,59.6,62.2,11735.0,8761325.0,9766656.0
2026-10-05T20:45:00Z,node_1006,37.5,26.2,13170.0,4896933.0,9662673.0
2026-10-05T20:50:00Z,node_1044,34.1,43.4,8588.0,9859090.0,4742976.0
2026-10-05T20:55:00Z,node_1031,50.4,74.0,14614.0,9112519.0,3960847.0
2026-10-05T21:00:00Z,node_1002,46.9,89.4,14698.0,4039615.0,731263.0
2026-10-05T21:05:00Z,node_1023,84.4,67.2,14244.0,5137136.0,5848031.0
2026-10-05T21:10:00Z,node_1001,92.8,37.9,8804.0,2695564.0,2386701.0
2026-10-05T21:15:00Z,node_1023,54.2,68.0,12624.0,5732348.0,5317832.0
2026-10-05T21:20:00Z,node_1047,49.1,79.8,9564.0,5893496.0,1363724.0
2026-10-05T21:25:00Z,node_1031,12.5,46.6,1636.0,9617306.0,9924100.0
2026-10-05T21:30:00Z,node_1041,11.7,66.1,12373.0,3801001.0,6271880.0
2026-10-05T21:35:00Z,node_1011,55.3,73.9,13105.0,7746530.0,5071624.0
2026-10-05T21:40:00Z,node_1041,67.6,31.9,4409.0,2765331.0,5705554.0
2026-10-05T21:45:00Z,node_1041,44.5,78.1,14123.0,1115537.0,634675.0
2026-10-05T21:50:00Z,node_1017,45.9,72.5,2335.0,2830027.0,1258924.0
2026-10-05T21:55:00Z,node_1006,96.2,81.6,11512.0,8403786.0,3006000.0
2026-10-05T22:00:00Z,node_1049,24.7,30.1,8239.0,687211.0,3067234.0
2026-10-05T22:05:00Z,node_1023,66.7,27.5,13812.0,4574327.0,6848713.0
2026-10-05T22:10:00Z,node_1008,25.8,33.9,13181.0,6549342.0,5958919.0
2026-10-05T22:15:00Z,node_1046,75.9,30.1,10202.0,3662384.0,1565151.0
2026-10-05T22:20:00Z,node_1017,96.1,50.0,10079.0,5741722.0,8584267.0
2026-10-05T22:25:00Z,node_1043,93.3,33.7,7113.0,3684345.0,3958929.0
2026-10-05T22:30:00Z,node_1041,81.2,40.6,5299.0,3973456.0,6544271.0
2026-10-05T22:35:00Z,node_1044,55.4,32.2,873.0,8007763.0,6043916.0
2026-10-05T22:40:00Z,node_1009,51.5,74.2,3723.0,9870037.0,7859058.0
2026-10-05T22:45:00Z,node_1049,43.5,54.2,861.0,65137.0,1251307.0
2026-10-05T22:50:00Z,node_1039,42.1,46.5,7207.0,7892934.0,877149.0
2026-10-05T22:55:00Z,node_1017,27.9,71.1,11454.0,2839169.0,4506155.0
2026-10-05T23:00:00Z,node_1041,40.7,44.1,6665.0,8111260.0,2715255.0
2026-10-05T23:05:00Z,node_1004,16.7,39.2,14227.0,5113345.0,6377947.0
2026-10-05T23:10:00Z,node_1023,67.1,50.5,9739.0,4696670.0,9785482.0
2026-10-05T23:15:00Z,node_1023,28.8,35.8,11527.0,63411.0,9679585.0
2026-10-05T23:20:00Z,node_1041,42.1,54.8,8899.0,9260897.0,8059436.0
2026-10-05T23:25:00Z,node_1023,90.3,73.6,11758.0,7165455.0,8053253.0
2026-10-05T23:30:00Z,node_1047,16.4,15.4,8857.0,448938.0,4105952.0
2026-10-05T23:35:00Z,node_1005,14.0,46.4,1994.0,9640321.0,4388987.0
2026-10-05T23:40:00Z,node_1008,52.2,80.2,7350.0,1448029.0,3364179.0
2026-10-05T23:45:00Z,node_1034,59.0,18.0,7020.0,9717033.0,9199204.0
2026-10-05T23:50:00Z,node_1040,96.1,20.1,13220.0,8511544.0,4330967.0
2026-10-05T23:55:00Z,node_1019,58.8,36.6,828.0,4451336.0,868964.0
2026-10-06T00:00:00Z,node_1028,16.0,87.6,9061.0,5698352.0,214164.0
2026-10-06T00:05:00Z,node_1029,41.6,89.2,1918.0,7526654.0,6293087.0
2026-10-06T00:10:00Z,node_1046,73.7,63.3,9602.0,2669144.0,1720031.0
2026-10-06T00:15:00Z,node_1049,10.6,76.9,2107.0,4228551.0,1245057.0
2026-10-06T00:20:00Z,node_1022,34.8,89.8,5241.0,4977690.0,8940034.0
2026-10-06T00:25:00Z,node_1006,54.4,63.1,14728.0,8916384.0,301174.0
2026-10-06T00:30:00Z,node_1044,96.2,77.5,6742.0,403783.0,7357360.0
2026-10-06T00:35:00Z,node_1044,55.9,73.0,4782.0,3844789.0,1680416.0
2026-10-06T00:40:00Z,node_1004,53.5,27.5,7153.0,3327639.0,231000.0
2026-10-06T00:45:00Z,node_1011,98.1,60.2,6544.0,112616.0,4738315.0
2026-10-06T00:50:00Z,node_1016,76.1,60.1,4663.0,4098616.0,7858873.0
2026-10-06T00:55:00Z,node_1035,51.0,76.7,4264.0,7981149.0,5281989.0
2026-10-06T01:00:00Z,node_1042,60.1,26.9,9113.0,394824.0,8689901.0
2026-10-06T01:05:00Z,node_1010,20.0,53.0,5878.0,2375270.0,1214633.0
2026-10-06T01:10:00Z,node_1049,82.1,33.9,7138.0,9195685.0,9009683.0
2026-10-06T01:15:00Z,node_1039,93.8,54.0,800.0,7737108.0,5788813.0
2026-10-06T01:20:00Z,node_1004,80.9,78.7,12166.0,2735872.0,8335542.0
2026-10-06T01:25:00Z,node_1017,27.3,66.4,11833.0,3923281.0,5311740.0
2026-10-06T01:30:00Z,node_1048,16.1,47.2,2047.0,8341375.0,7290502.0
2026-10-06T01:35:00Z,node_1036,26.7,74.2,12944.0,943872.0,1238710.0
2026-10-06T01:40:00Z,node_1009,38.8,87.0,2999.0,9941368.0,1928932.0
2026-10-06T01:45:00Z,node_1002,80.7,17.9,14150.0,2334260.0,2081485.0
2026-10-06T01:50:00Z,node_1024,67.5,26.1,4314.0,2499419.0,1795887.0
2026-10-06T01:55:00Z,node_1044,19.2,87.7,12392.0,8758209.0,9109220.0
2026-10-06T02:00:00Z,node_1038,64.3,38.0,2947.0,9489323.0,6458637.0
2026-10-06T02:05:00Z,node_1015,19.2,32.1,6649.0,7913766.0,7176841.0
2026-10-06T02:10:00Z,node_1004,69.4,46.0,4238.0,2241256.0,2895963.0
2026-10-06T02:15:00Z,node_1027,17.4,12.8,13158.0,650831.0,5891568.0
2026-10-06T02:20:00Z,node_1049,18.0,64.5,7056.0,9329841.0,8485280.0
2026-10-06T02:25:00Z,node_1012,40.6,11.8,6120.0,3806098.0,2948285.0
2026-10-06T02:30:00Z,node_1018,6.0,92.2,8755.0,5018869.0,9862684.0
2026-10-06T02:35:00Z,node_1040,79.4,70.8,11655.0,981763.0,3727300.0
2026-10-06T02:40:00Z,node_1029,63.9,19.9,9485.0,4048682.0,8013191.0
2026-10-06T02:45:00Z,node_1017,37.7,36.4,12517.0,3016988.0,1082624.0
2026-10-06T02:50:00Z,node_1019,12.6,93.6,3057.0,1614733.0,9657642.0
2026-10-06T02:55:00Z,node_1018,38.9,11.5,14152.0,734168.0,8910599.0
2026-10-06T03:00:00Z,node_1033,29.0,59.1,11474.0,5018358.0,1888260.0
2026-10-06T03:05:00Z,node_1040,69.8,42.8,12934.0,6930357.0,3457983.0
2026-10-06T03:10:00Z,node_1041,92.1,76.2,14730.0,8861199.0,2679632.0
2026-10-06T03:15:00Z,node_1030,39.2,48.4,14764.0,4018090.0,4175514.0
2026-10-06T03:20:00Z,node_1009,44.8,10.9,8467.0,4886572.0,2008736.0
2026-10-06T03:25:00Z,node_1019,10.2,10.8,8668.0,4902877.0,4729735.0
2026-10-06T03:30:00Z,node_1034,13.7,65.4,2425.0,655025.0,5809214.0
2026-10-06T03:35:00Z,node_1026,69.4,18.7,9142.0,4832210.0,40666.0
2026-10-06T03:40:00Z,node_1028,51.7,77.3,9158.0,984890.0,6737394.0
2026-10-06T03:45:00Z,node_1038,89.3,66.7,13491.0,8172581.0,6001921.0
2026-10-06T03:50:00Z,node_1050,73.1,61.6,3625.0,8655726.0,37509.0
2026-10-06T03:55:00Z,node_1019,88.1,40.8,3021.0,8381011.0,928918.0
2026-10-06T04:00:00Z,node_1004,72.7,84.2,13433.0,7529960.0,7792922.0
2026-10-06T04:05:00Z,node_1017,51.7,35.1,1363.0,5822172.0,1219762.0
2026-10-06T04:10:00Z,node_1014,32.8,35.5,9160.0,7280571.0,8443122.0
2026-10-06T04:15:00Z,node_1028,38.6,43.7,7420.0,956986.0,4916646.0
2026-10-06T04:20:00Z,node_1045,37.6,20.1,106.0,4437638.0,8115293.0
2026-10-06T04:25:00Z,node_1049,95.6,43.3,10638.0,4937641.0,7945447.0
2026-10-06T04:30:00Z,node_1017,89.0,28.1,8429.0,8503679.0,9091627.0
2026-10-06T04:35:00Z,node_1024,50.4,63.3,5374.0,4365218.0,8569299.0
2026-10-06T04:40:00Z,node_1036,23.8,76.0,13422.0,7685823.0,2852234.0
2026-10-06T04:45:00Z,node_1010,46.8,26.1,11760.0,5167428.0,416811.0
2026-10-06T04:50:00Z,node_1019,93.5,68.8,12011.0,6958890.0,9050024.0
2026-10-06T04:55:00Z,node_1041,93.5,94.1,10357.0,7637339.0,3245560.0
2026-10-06T05:00:00Z,node_1028,69.7,35.4,9880.0,1134731.0,994147.0
2026-10-06T05:05:00Z,node_1023,63.1,40.3,7467.0,4676892.0,4849556.0
2026-10-06T05:10:00Z,node_1031,40.5,82.5,2974.0,2925875.0,2633488.0
2026-10-06T05:15:00Z,node_1012,27.8,91.0,9608.0,2041650.0,3171334.0
2026-10-06T05:20:00Z,node_1001,68.4,15.7,6684.0,9115482.0,1426649.0
2026-10-06T05:25:00Z,node_1044,88.6,93.6,10280.0,7117878.0,3281540.0
2026-10-06T05:30:00Z,node_1046,82.6,11.0,9805.0,77002.0,950213.0
2026-10-06T05:35:00Z,node_1021,88.2,34.5,7168.0,9121130.0,5188472.0
2026-10-06T05:40:00Z,node_1020,95.6,14.4,8487.0,791412.0,3846342.0
2026-10-06T05:45:00Z,node_1008,93.8,17.3,1864.0,3333116.0,3551863.0
2026-10-06T05:50:00Z,node_1003,32.4,65.5,7651.0,7199630.0,1021528.0
2026-10-06T05:55:00Z,node_1002,54.6,35.1,7206.0,712126.0,1482088.0
2026-10-06T06:00:00Z,node_1007,67.0,94.6,6073.0,8641593.0,3301135.0
2026-10-06T06:05:00Z,node_1046,21.0,62.7,8612.0,5110066.0,7465359.0
2026-10-06T06:10:00Z,node_1017,90.8,52.7,949.0,9824385.0,9505429.0
2026-10-06T06:15:00Z,node_1031,28.0,13.7,10281.0,9765594.0,3951695.0
2026-10-06T06:20:00Z,node_1002,28.0,58.0,1107.0,9125666.0,502632.0
2026-10-06T06:25:00Z,node_1012,69.3,46.0,9467.0,8155989.0,1579077.0
2026-10-06T06:30:00Z,node_1032,12.9,67.2,14966.0,3390722.0,9194460.0
2026-10-06T06:35:00Z,node_1003,24.3,59.3,9023.0,531185.0,9331224.0
2026-10-06T06:40:00Z,node_1045,16.5,51.0,4910.0,3849045.0,2786141.0
2026-10-06T06:45:00Z,node_1032,88.7,63.3,10038.0,6231182.0,6362407.0
2026-10-06T06:50:00Z,node_1019,79.4,45.5,8880.0,716715.0,5326457.0
2026-10-06T06:55:00Z,node_1018,71.5,41.8,9308.0,2324820.0,4704251.0
2026-10-06T07:00:00Z,node_1004,48.8,31.2,7351.0,8430713.0,690233.0
2026-10-06T07:05:00Z,node_1027,16.0,44.8,13701.0,7458290.0,9698006.0
2026-10-06T07:10:00Z,node_1030,16.7,20.7,12557.0,5051777.0,7579360.0
2026-10-06T07:15:00Z,node_1012,52.8,59.4,6128.0,9030205.0,5411627.0
2026-10-06T07:20:00Z,node_1040,81.0,80.2,13919.0,6011726.0,3482878.0
2026-10-06T07:25:00Z,node_1024,69.7,54.0,1176.0,9566908.0,975302.0
2026-10-06T07:30:00Z,node_1031,49.9,93.0,5328.0,5579768.0,9579069.0
2026-10-06T07:35:00Z,node_1038,86.7,93.5,4092.0,6421092.0,5675457.0
2026-10-06T07:40:00Z,node_1047,9.3,33.8,9979.0,6756112.0,7201201.0
2026-10-06T07:45:00Z,node_1001,27.7,87.4,10128.0,8241163.0,6781931.0
2026-10-06T07:50:00Z,node_1015,20.9,81.9,13057.0,2447659.0,9533590.0
2026-10-06T07:55:00Z,node_1031,69.8,51.1,14928.0,2206756.0,9637004.0
2026-10-06T08:00:00Z,node_1036,91.5,60.7,5161.0,5686197.0,6933656.0
2026-10-06T08:05:00Z,node_1045,71.8,48.9,2911.0,8002105.0,3668924.0
2026-10-06T08:10:00Z,node_1024,83.9,76.5,435.0,3865506.0,3589710.0
2026-10-06T08:15:00Z,node_1045,66.0,88.1,11722.0,9576944.0,6989822.0
2026-10-06T08:20:00Z,node_1046,59.8,32.1,1164.0,5375515.0,2094478.0
2026-10-06T08:25:00Z,node_1045,73.9,47.6,1493.0,7983892.0,9031239.0
2026-10-06T08:30:00Z,node_1029,49.3,48.0,3578.0,1324372.0,242642.0
2026-10-06T08:35:00Z,node_1049,88.1,47.8,6095.0,3784066.0,6442425.0
2026-10-06T08:40:00Z,node_1034,95.9,35.0,3221.0,2635921.0,7460085.0
2026-10-06T08:45:00Z,node_1040,27.2,79.5,6291.0,9642239.0,8777913.0
2026-10-06T08:50:00Z,node_1039,27.9,66.5,7183.0,7630798.0,6422212.0
2026-10-06T08:55:00Z,node_1028,47.1,29.0,7871.0,8240098.0,8348262.0
2026-10-06T09:00:00Z,node_1009,69.7,60.2,13605.0,7470221.0,6832167.0
2026-10-06T09:05:00Z,node_1011,5.1,52.2,612.0,3529203.0,9898450.0
2026-10-06T09:10:00Z,node_1005,72.4,86.4,6444.0,6134953.0,1790420.0
2026-10-06T09:15:00Z,node_1031,44.2,41.2,7962.0,7192563.0,9287048.0
2026-10-06T09:20:00Z,node_1036,46.9,54.4,112.0,4332131.0,1460939.0
2026-10-06T09:25:00Z,node_1005,58.1,33.6,13529.0,5373652.0,3286457.0
2026-10-06T09:30:00Z,node_1022,36.8,13.4,9162.0,9056814.0,8891865.0
2026-10-06T09:35:00Z,node_1039,93.5,88.5,1925.0,5196260.0,1207310.0
2026-10-06T09:40:00Z,node_1008,59.7,81.7,10968.0,6685575.0,5603715.0
2026-10-06T09:45:00Z,node_1002,52.2,92.2,10987.0,3741917.0,4076545.0
2026-10-06T09:50:00Z,node_1038,24.3,25.3,14739.0,8035543.0,8244751.0
2026-10-06T09:55:00Z,node_1017,91.3,64.7,8392.0,9472269.0,1121353.0
2026-10-06T10:00:00Z,node_1024,11.5,77.7,7065.0,3788041.0,568475.0
2026-10-06T10:05:00Z,node_1034,17.7,47.8,9988.0,4064046.0,765002.0
2026-10-06T10:10:00Z,node_1048,90.6,36.7,11788.0,883833.0,5145613.0
2026-10-06T10:15:00Z,node_1014,37.7,26.7,9037.0,2965048.0,8037550.0
2026-10-06T10:20:00Z,node_1028,41.4,93.4,14959.0,3564650.0,7444289.0
2026-10-06T10:25:00Z,node_1043,19.1,10.5,8324.0,5772575.0,9443050.0
2026-10-06T10:30:00Z,node_1031,46.3,16.0,10954.0,2130176.0,4138291.0
2026-10-06T10:35:00Z,node_1010,49.1,72.7,9978.0,7791397.0,8584366.0
2026-10-06T10:40:00Z,node_1028,52.4,75.8,14731.0,8055160.0,7518641.0
2026-10-06T10:45:00Z,node_1050,61.5,47.6,2200.0,3757821.0,8715384.0
2026-10-06T10:50:00Z,node_1014,24.9,64.2,10609.0,3388109.0,2252913.0
2026-10-06T10:55:00Z,node_1001,64.0,87.2,6088.0,5805347.0,1977586.0
2026-10-06T11:00:00Z,node_1036,60.5,19.6,11847.0,4812149.0,2481142.0
2026-10-06T11:05:00Z,node_1034,27.5,17.8,4538.0,5489585.0,4068852.0
2026-10-06T11:10:00Z,node_1009,77.0,23.9,1961.0,3860787.0,5959207.0
2026-10-06T11:15:00Z,node_1009,58.7,81.5,13521.0,2340233.0,4692283.0
2026-10-06T11:20:00Z,node_1038,7.0,37.7,4459.0,3688168.0,1791630.0
2026-10-06T11:25:00Z,node_1033,90.6,92.5,10132.0,8643567.0,187003.0
2026-10-06T11:30:00Z,node_1021,20.8,83.4,10860.0,2905146.0,278532.0
2026-10-06T11:35:00Z,node_1014,98.1,63.2,14945.0,1333225.0,8932654.0
2026-10-06T11:40:00Z,node_1015,31.4,93.0,5381.0,4162512.0,9465611.0
2026-10-06T11:45:00Z,node_1038,21.0,70.4,4288.0,4843374.0,66498.0
2026-10-06T11:50:00Z,node_1050,25.1,24.3,459.0,7052381.0,9854090.0
2026-10-06T11:55:00Z,node_1007,14.8,57.0,10999.0,2793004.0,3606600.0
2026-10-06T12:00:00Z,node_1022,69.0,30.6,3625.0,5977267.0,1357907.0
2026-10-06T12:05:00Z,node_1044,40.0,11.7,9593.0,6545369.0,2800289.0
2026-10-06T12:10:00Z,node_1044,74.4,13.5,8133.0,4663290.0,3550607.0
2026-10-06T12:15:00Z,node_1038,31.6,54.0,234.0,5129038.0,2938228.0
2026-10-06T12:20:00Z,node_1001,38.7,49.8,11406.0,7601176.0,3614930.0
2026-10-06T12:25:00Z,node_1038,45.2,79.3,4331.0,917312.0,3595339.0
2026-10-06T12:30:00Z,node_1006,74.7,94.3,14591.0,9020267.0,8845990.0
2026-10-06T12:35:00Z,node_1018,97.4,77.2,5467.0,9797964.0,8344389.0
2026-10-06T12:40:00Z,node_1046,9.0,10.7,8895.0,6288176.0,673863.0
2026-10-06T12:45:00Z,node_1002,86.8,13.6,14365.0,5249024.0,5489073.0
2026-10-06T12:50:00Z,node_1049,34.8,84.7,11242.0,5140734.0,1585977.0
2026-10-06T12:55:00Z,node_1019,15.4,91.7,257.0,261540.0,6076305.0
2026-10-06T13:00:00Z,node_1014,81.3,62.2,1939.0,3577466.0,9448224.0
2026-10-06T13:05:00Z,node_1046,21.2,36.5,13557.0,8788288.0,2001031.0
2026-10-06T13:10:00Z,node_1014,75.9,81.5,8558.0,1798276.0,8389425.0
2026-10-06T13:15:00Z,node_1031,48.0,25.3,9328.0,7473009.0,1408440.0
2026-10-06T13:20:00Z,node_1026,86.7,51.3,1961.0,5570912.0,6151648.0
2026-10-06T13:25:00Z,node_1030,27.9,50.7,7689.0,5585586.0,2994558.0
2026-10-06T13:30:00Z,node_1034,18.4,71.0,12877.0,1048907.0,8753078.0
2026-10-06T13:35:00Z,node_1019,62.1,53.4,13372.0,8456483.0,8955913.0
2026-10-06T13:40:00Z,node_1028,6.6,73.1,13391.0,8982583.0,66376.0
2026-10-06T13:45:00Z,node_1032,59.4,45.1,13567.0,178990.0,8181196.0
2026-10-06T13:50:00Z,node_1039,41.7,45.8,3560.0,416637.0,1600837.0
2026-10-06T13:55:00Z,node_1038,69.8,11.4,3551.0,7046483.0,7389558.0
2026-10-06T14:00:00Z,node_1028,55.2,39.0,14726.0,8257745.0,2901549.0
2026-10-06T14:05:00Z,node_1022,74.3,36.4,5706.0,5243872.0,1723530.0
2026-10-06T14:10:00Z,node_1049,77.3,41.0,6596.0,3496282.0,6094853.0
2026-10-06T14:15:00Z,node_1028,59.2,86.3,3505.0,7029555.0,6860394.0
2026-10-06T14:20:00Z,node_1023,62.4,89.9,1917.0,6639060.0,7854456.0
2026-10-06T14:25:00Z,node_1015,91.5,65.4,2506.0,1625106.0,8431481.0
2026-10-06T14:30:00Z,node_1050,12.3,72.9,10297.0,2938478.0,6365618.0
2026-10-06T14:35:00Z,node_1047,20.8,36.3,11142.0,7187526.0,7992933.0
2026-10-06T14:40:00Z,node_1044,64.7,87.1,9101.0,3038937.0,3947739.0
2026-10-06T14:45:00Z,node_1043,48.8,33.6,6592.0,1965549.0,850431.0
2026-10-06T14:50:00Z,node_1032,68.7,33.1,2194.0,7264325.0,8197523.0
2026-10-06T14:55:00Z,node_1048,14.1,70.7,2444.0,6880998.0,6217537.0
2026-10-06T15:00:00Z,node_1041,22.7,61.7,10838.0,8239082.0,2114129.0
2026-10-06T15:05:00Z,node_1027,38.6,69.9,2196.0,3070138.0,2683313.0
2026-10-06T15:10:00Z,node_1011,76.5,37.1,10517.0,1313670.0,1941742.0
2026-10-06T15:15:00Z,node_1041,88.1,77.7,8442.0,4381992.0,6506241.0
2026-10-06T15:20:00Z,node_1050,23.0,17.7,4287.0,6323962.0,1823659.0
2026-10-06T15:25:00Z,node_1022,45.4,45.9,12359.0,1625832.0,2511299.0
2026-10-06T15:30:00Z,node_1011,81.7,33.7,5854.0,6251887.0,3178158.0
2026-10-06T15:35:00Z,node_1003,94.9,31.3,9221.0,3078392.0,8057712.0
2026-10-06T15:40:00Z,node_1018,49.2,88.5,8352.0,6107386.0,9312056.0
2026-10-06T15:45:00Z,node_1029,66.9,78.2,10747.0,6964712.0,6154299.0
2026-10-06T15:50:00Z,node_1027,42.8,55.1,13875.0,6871781.0,4961681.0
2026-10-06T15:55:00Z,node_1046,18.0,39.7,5434.0,2223446.0,6638463.0
2026-10-06T16:00:00Z,node_1028,7.2,28.3,8986.0,5800774.0,9920576.0
2026-10-06T16:05:00Z,node_1040,21.1,17.3,14625.0,3446186.0,1230210.0
2026-10-06T16:10:00Z,node_1003,51.4,88.3,416.0,9121874.0,215706.0
2026-10-06T16:15:00Z,node_1031,14.8,37.6,14098.0,3548342.0,5167841.0
2026-10-06T16:20:00Z,node_1002,53.5,57.7,1023.0,2344582.0,5106447.0
2026-10-06T16:25:00Z,node_1026,30.7,19.1,9185.0,7113991.0,5076614.0
2026-10-06T16:30:00Z,node_1025,7.8,69.8,8697.0,8212880.0,7203731.0
2026-10-06T16:35:00Z,node_1021,88.4,84.4,1056.0,9982130.0,149448.0
2026-10-06T16:40:00Z,node_1015,76.5,62.3,5632.0,3598962.0,3013755.0
2026-10-06T16:45:00Z,node_1025,57.5,29.4,4187.0,6307473.0,2467481.0
2026-10-06T16:50:00Z,node_1035,74.0,47.4,14540.0,5174695.0,9380581.0
2026-10-06T16:55:00Z,node_1047,50.6,81.8,8095.0,5204393.0,2975690.0
2026-10-06T17:00:00Z,node_1007,7.0,17.6,13302.0,13191.0,9174436.0
2026-10-06T17:05:00Z,node_1020,20.0,19.8,8599.0,8092739.0,8285747.0
2026-10-06T17:10:00Z,node_1015,33.5,19.6,7166.0,9578365.0,8387315.0
2026-10-06T17:15:00Z,node_1027,26.6,74.0,4027.0,6025671.0,9501121.0
2026-10-06T17:20:00Z,node_1034,64.2,48.0,497.0,6940726.0,6284040.0
2026-10-06T17:25:00Z,node_1020,96.1,84.2,7970.0,7458505.0,7585315.0
2026-10-06T17:30:00Z,node_1010,66.0,19.4,2366.0,8770412.0,7647071.0
2026-10-06T17:35:00Z,node_1036,71.0,40.6,14139.0,8582887.0,7165373.0
2026-10-06T17:40:00Z,node_1046,94.9,10.0,10278.0,2400983.0,5029224.0
2026-10-06T17:45:00Z,node_1049,85.1,67.6,3593.0,9917966.0,6721482.0
2026-10-06T17:50:00Z,node_1005,46.7,79.6,8418.0,7815345.0,8238612.0
2026-10-06T17:55:00Z,node_1034,53.5,49.3,2688.0,5998986.0,5500294.0
2026-10-06T18:00:00Z,node_1047,72.4,67.8,5193.0,7946186.0,5182454.0
2026-10-06T18:05:00Z,node_1038,64.2,25.0,11039.0,6611403.0,9288348.0
2026-10-06T18:10:00Z,node_1045,77.2,67.0,815.0,8361970.0,5637602.0
2026-10-06T18:15:00Z,node_1006,34.8,53.5,3653.0,5222275.0,1174820.0
2026-10-06T18:20:00Z,node_1026,43.5,25.9,6783.0,6877506.0,2155075.0
2026-10-06T18:25:00Z,node_1016,90.2,72.9,11303.0,1999079.0,5802185.0
2026-10-06T18:30:00Z,node_1019,14.8,58.7,787.0,5904983.0,6362203.0
2026-10-06T18:35:00Z,node_1027,28.5,25.6,1308.0,4053598.0,4029810.0
2026-10-06T18:40:00Z,node_1039,52.5,44.3,2242.0,3934914.0,3201787.0
2026-10-06T18:45:00Z,node_1035,90.8,85.2,9897.0,141271.0,2030988.0
2026-10-06T18:50:00Z,node_1015,44.9,27.7,7752.0,8256928.0,5877120.0
2026-10-06T18:55:00Z,node_1017,28.5,88.1,14308.0,2374241.0,8764895.0
2026-10-06T19:00:00Z,node_1039,18.0,50.7,9423.0,9507474.0,3833663.0
2026-10-06T19:05:00Z,node_1041,43.4,19.7,9926.0,6726499.0,9871615.0
2026-10-06T19:10:00Z,node_1014,14.9,30.2,8602.0,5337586.0,986158.0
2026-10-06T19:15:00Z,node_1049,23.3,94.8,8120.0,4512253.0,6406876.0
2026-10-06T19:20:00Z,node_1034,51.4,70.6,2112.0,6990879.0,9168365.0
2026-10-06T19:25:00Z,node_1003,85.4,29.5,2557.0,1252026.0,9473887.0
2026-10-06T19:30:00Z,node_1014,47.6,24.0,7831.0,7130112.0,4885016.0
2026-10-06T19:35:00Z,node_1034,88.4,28.0,2289.0,2137028.0,8972502.0
2026-10-06T19:40:00Z,node_1038,45.4,45.7,5982.0,7334919.0,161196.0
2026-10-06T19:45:00Z,node_1031,77.0,17.7,2251.0,6707142.0,4578721.0
2026-10-06T19:50:00Z,node_1033,69.6,54.8,9382.0,9655485.0,8972580.0
2026-10-06T19:55:00Z,node_1021,46.9,77.7,7539.0,478160.0,613202.0
2026-10-06T20:00:00Z,node_1041,59.0,13.4,14593.0,7849601.0,2658938.0
2026-10-06T20:05:00Z,node_1010,82.2,21.3,9369.0,4263320.0,8137560.0
2026-10-06T20:10:00Z,node_1033,8.1,47.1,1193.0,109056.0,9830963.0
2026-10-06T20:15:00Z,node_1013,22.2,63.3,6467.0,3155944.0,270165.0
2026-10-06T20:20:00Z,node_1008,51.8,44.9,4611.0,4059543.0,477423.0
2026-10-06T20:25:00Z,node_1010,97.8,42.5,14214.0,6776725.0,1277347.0
2026-10-06T20:30:00Z,node_1029,79.4,38.5,14721.0,5776493.0,6119860.0
2026-10-06T20:35:00Z,node_1025,73.7,13.7,3631.0,4598444.0,3788430.0
2026-10-06T20:40:00Z,node_1021,69.2,30.4,13547.0,3142492.0,5200462.0
2026-10-06T20:45:00Z,node_1008,37.0,75.0,5321.0,573993.0,3087540.0
2026-10-06T20:50:00Z,node_1020,61.2,19.0,2522.0,5458084.0,899892.0
2026-10-06T20:55:00Z,node_1004,9.0,61.4,12989.0,5023713.0,595036.0
2026-10-06T21:00:00Z,node_1022,33.6,23.7,240.0,1862870.0,7597259.0
2026-10-06T21:05:00Z,node_1019,32.4,81.8,1476.0,6319746.0,837371.0
2026-10-06T21:10:00Z,node_1025,19.9,29.8,13684.0,6468910.0,1775985.0
2026-10-06T21:15:00Z,node_1010,74.2,49.9,5617.0,1063727.0,1199530.0
2026-10-06T21:20:00Z,node_1040,60.7,51.6,391.0,4350655.0,6405909.0
2026-10-06T21:25:00Z,node_1004,87.7,71.5,873.0,8386287.0,9833451.0
2026-10-06T21:30:00Z,node_1034,11.5,79.9,9259.0,1802980.0,6675061.0
2026-10-06T21:35:00Z,node_1019,73.8,14.2,6925.0,4233264.0,7403438.0
2026-10-06T21:40:00Z,node_1041,33.0,89.8,1655.0,4847387.0,6335307.0
2026-10-06T21:45:00Z,node_1018,63.3,86.6,8999.0,8987464.0,8002665.0
2026-10-06T21:50:00Z,node_1001,35.7,21.3,12045.0,3460431.0,7456153.0
2026-10-06T21:55:00Z,node_1010,63.4,37.6,8625.0,2757685.0,1626427.0
2026-10-06T22:00:00Z,node_1039,29.8,60.7,5818.0,6804634.0,8654967.0
2026-10-06T22:05:00Z,node_1047,45.2,77.9,10974.0,9398369.0,4562196.0
2026-10-06T22:10:00Z,node_1024,16.2,91.2,8496.0,359835.0,2904737.0
2026-10-06T22:15:00Z,node_1033,44.9,42.6,11930.0,1882534.0,554602.0
2026-10-06T22:20:00Z,node_1019,68.4,51.7,14244.0,8139527.0,3367980.0
2026-10-06T22:25:00Z,node_1023,19.1,42.1,7911.0,9089941.0,7377023.0
2026-10-06T22:30:00Z,node_1039,27.2,11.1,386.0,6858398.0,2952486.0
2026-10-06T22:35:00Z,node_1022,24.5,92.4,8238.0,5688313.0,8019523.0
2026-10-06T22:40:00Z,node_1019,30.1,77.8,1753.0,2645863.0,2202392.0
2026-10-06T22:45:00Z,node_1033,72.3,92.7,1360.0,6652321.0,9611234.0
2026-10-06T22:50:00Z,node_1003,12.2,23.1,12603.0,2842742.0,2868156.0
2026-10-06T22:55:00Z,node_1028,81.6,42.1,10441.0,9768055.0,6628177.0
2026-10-06T23:00:00Z,node_1017,72.3,64.0,2077.0,5752515.0,7656404.0
2026-10-06T23:05:00Z,node_1025,59.5,13.5,14547.0,5784863.0,7611852.0
2026-10-06T23:10:00Z,node_1043,43.2,47.0,9136.0,2431294.0,67171.0
2026-10-06T23:15:00Z,node_1048,33.6,25.9,12503.0,7665058.0,9359107.0
2026-10-06T23:20:00Z,node_1039,62.4,40.7,12716.0,1222194.0,4289741.0
2026-10-06T23:25:00Z,node_1027,67.1,55.7,10782.0,6003041.0,2215982.0
2026-10-06T23:30:00Z,node_1029,20.4,75.3,3475.0,2249749.0,7301390.0
2026-10-06T23:35:00Z,node_1034,86.4,10.4,6621.0,1538797.0,2212902.0
2026-10-06T23:40:00Z,node_1008,87.1,58.5,3563.0,500847.0,7935100.0
2026-10-06T23:45:00Z,node_1010,21.8,18.1,2963.0,2432352.0,5016863.0
2026-10-06T23:50:00Z,node_1028,52.3,27.2,5127.0,9720861.0,9255565.0
2026-10-06T23:55:00Z,node_1035,20.8,46.9,11046.0,7655006.0,2736832.0
2026-10-07T00:00:00Z,node_1027,30.5,52.2,4156.0,5711463.0,8474681.0
2026-10-07T00:05:00Z,node_1026,97.7,14.6,14901.0,7603837.0,657283.0
2026-10-07T00:10:00Z,node_1038,51.3,59.1,14486.0,7465107.0,2607078.0
2026-10-07T00:15:00Z,node_1047,33.1,89.3,3265.0,2483106.0,1761723.0
2026-10-07T00:20:00Z,node_1004,8.5,74.8,6946.0,7900940.0,988003.0
2026-10-07T00:25:00Z,node_1031,69.9,12.2,9902.0,1464518.0,860774.0
2026-10-07T00:30:00Z,node_1007,22.7,43.0,12121.0,7295293.0,7569687.0
2026-10-07T00:35:00Z,node_1004,54.2,58.6,8890.0,6112198.0,7394188.0
2026-10-07T00:40:00Z,node_1004,34.0,18.2,1019.0,3563302.0,9992196.0
2026-10-07T00:45:00Z,node_1021,53.1,24.6,12737.0,7067818.0,7113036.0
2026-10-07T00:50:00Z,node_1033,75.1,24.4,7557.0,9786819.0,4594126.0
2026-10-07T00:55:00Z,node_1040,29.8,74.2,14663.0,5233839.0,372820.0
2026-10-07T01:00:00Z,node_1004,55.2,21.7,12140.0,663647.0,6939381.0
2026-10-07T01:05:00Z,node_1016,11.3,84.0,9897.0,4302956.0,6833019.0
2026-10-07T01:10:00Z,node_1026,36.2,36.6,6634.0,6566014.0,8861860.0
2026-10-07T01:15:00Z,node_1020,68.5,11.9,13120.0,2665834.0,7728191.0
2026-10-07T01:20:00Z,node_1013,24.7,74.0,10133.0,607196.0,2454844.0
2026-10-07T01:25:00Z,node_1005,93.3,40.6,10375.0,8506645.0,969511.0
2026-10-07T01:30:00Z,node_1025,84.1,79.1,3496.0,4206038.0,8029815.0
2026-10-07T01:35:00Z,node_1050,45.9,73.9,10458.0,1633678.0,7178791.0
2026-10-07T01:40:00Z,node_1012,73.9,69.5,1389.0,5089440.0,8328224.0
2026-10-07T01:45:00Z,node_1012,63.0,74.9,8485.0,7750089.0,51414.0
2026-10-07T01:50:00Z,node_1022,76.8,66.3,9450.0,8195894.0,6639602.0
2026-10-07T01:55:00Z,node_1037,28.8,40.8,1049.0,8791555.0,4490345.0
2026-10-07T02:00:00Z,node_1022,40.7,87.3,993.0,3174838.0,198453.0
2026-10-07T02:05:00Z,node_1008,10.0,47.3,13359.0,5699037.0,4149623.0
2026-10-07T02:10:00Z,node_1047,71.7,66.7,6273.0,6454321.0,9201435.0
2026-10-07T02:15:00Z,node_1032,17.2,56.4,10523.0,2074595.0,3322685.0
2026-10-07T02:20:00Z,node_1012,93.5,12.8,12963.0,705234.0,6583708.0
2026-10-07T02:25:00Z,node_1041,25.9,43.9,11552.0,4847428.0,3536968.0
2026-10-07T02:30:00Z,node_1031,72.0,44.9,4510.0,4038146.0,3684223.0
2026-10-07T02:35:00Z,node_1038,79.7,51.2,198.0,7598314.0,7979286.0
2026-10-07T02:40:00Z,node_1032,85.9,13.2,7355.0,6583641.0,473434.0
2026-10-07T02:45:00Z,node_1016,54.5,55.4,741.0,2532941.0,8712034.0
2026-10-07T02:50:00Z,node_1033,74.2,66.7,1892.0,1023163.0,3867316.0
2026-10-07T02:55:00Z,node_1029,63.1,69.0,11007.0,3092984.0,2447778.0
2026-10-07T03:00:00Z,node_1041,17.0,27.9,1511.0,6423648.0,2602129.0
2026-10-07T03:05:00Z,node_1009,6.4,29.8,11690.0,9230722.0,5206025.0
2026-10-07T03:10:00Z,node_1034,60.1,13.4,5101.0,4581861.0,5944077.0
2026-10-07T03:15:00Z,node_1006,17.1,75.0,10663.0,1502972.0,8867364.0
2026-10-07T03:20:00Z,node_1043,18.8,21.1,7683.0,8016327.0,3548590.0
2026-10-07T03:25:00Z,node_1022,35.9,30.3,10199.0,2757689.0,4123538.0
2026-10-07T03:30:00Z,node_1017,31.5,92.2,12984.0,6046286.0,9274721.0
2026-10-07T03:35:00Z,node_1032,83.0,88.8,14969.0,9992672.0,1705492.0
2026-10-07T03:40:00Z,node_1050,65.7,18.5,12931.0,1994322.0,6189743.0
2026-10-07T03:45:00Z,node_1023,90.1,28.3,1766.0,3245118.0,4161683.0
2026-10-07T03:50:00Z,node_1009,44.8,32.7,8265.0,8095408.0,2907266.0
2026-10-07T03:55:00Z,node_1041,15.5,15.2,3052.0,9510276.0,764898.0
2026-10-07T04:00:00Z,node_1047,46.0,48.4,10843.0,2041678.0,3946449.0
2026-10-07T04:05:00Z,node_1001,11.3,94.9,11656.0,1659676.0,8842468.0
2026-10-07T04:10:00Z,node_1038,19.8,50.3,2458.0,128927.0,3009305.0
2026-10-07T04:15:00Z,node_1003,10.0,89.5,3039.0,5145832.0,7244349.0
2026-10-07T04:20:00Z,node_1036,26.1,10.3,8306.0,8220301.0,6021076.0
2026-10-07T04:25:00Z,node_1033,90.3,28.3,11975.0,1535071.0,4721866.0
2026-10-07T04:30:00Z,node_1023,20.7,85.6,6650.0,5262324.0,7670993.0
2026-10-07T04:35:00Z,node_1025,45.9,59.3,11137.0,6314750.0,4962301.0
2026-10-07T04:40:00Z,node_1035,92.8,77.7,14922.0,1342782.0,9687147.0
2026-10-07T04:45:00Z,node_1037,22.2,52.3,2346.0,823614.0,7040266.0
2026-10-07T04:50:00Z,node_1025,40.9,86.5,3685.0,5916530.0,2072494.0
2026-10-07T04:55:00Z,node_1030,79.5,39.5,7719.0,5794381.0,8864994.0
2026-10-07T05:00:00Z,node_1018,45.0,17.5,8159.0,7839544.0,319173.0
2026-10-07T05:05:00Z,node_1050,38.7,78.4,6702.0,9812096.0,7516793.0
2026-10-07T05:10:00Z,node_1040,87.5,87.9,3048.0,9759512.0,3807988.0
2026-10-07T05:15:00Z,node_1027,25.5,72.4,11709.0,5803270.0,5825264.0
2026-10-07T05:20:00Z,node_1017,9.8,72.4,6856.0,2949126.0,8553427.0
2026-10-07T05:25:00Z,node_1034,66.0,31.3,9759.0,4630441.0,680506.0
2026-10-07T05:30:00Z,node_1027,75.7,63.3,6455.0,5529506.0,4177063.0
2026-10-07T05:35:00Z,node_1012,93.7,25.6,6610.0,851344.0,2069405.0
2026-10-07T05:40:00Z,node_1033,32.6,82.2,1864.0,487571.0,1159874.0
2026-10-07T05:45:00Z,node_1009,52.7,26.4,9011.0,570349.0,1746220.0
2026-10-07T05:50:00Z,node_1010,88.8,22.0,11880.0,7751060.0,5617799.0
2026-10-07T05:55:00Z,node_1013,7.9,31.5,10207.0,3318761.0,2168845.0
2026-10-07T06:00:00Z,node_1047,14.5,32.4,2469.0,5680927.0,1035917.0
2026-10-07T06:05:00Z,node_1015,8.3,17.3,2133.0,3967934.0,7603436.0
2026-10-07T06:10:00Z,node_1035,71.8,54.1,5193.0,4297302.0,7046266.0
2026-10-07T06:15:00Z,node_1033,62.0,32.8,3911.0,7754095.0,3600703.0
2026-10-07T06:20:00Z,node_1030,63.1,48.1,2388.0,4661187.0,1679768.0
2026-10-07T06:25:00Z,node_1029,57.0,78.2,4759.0,228484.0,9744656.0
2026-10-07T06:30:00Z,node_1010,87.8,43.6,14748.0,139272.0,3259028.0
2026-10-07T06:35:00Z,node_1007,60.5,54.4,657.0,2266930.0,3316940.0
2026-10-07T06:40:00Z,node_1003,66.3,92.9,8061.0,7780732.0,7206184.0
2026-10-07T06:45:00Z,node_1014,56.6,56.4,11547.0,210333.0,3792117.0
2026-10-07T06:50:00Z,node_1043,56.2,51.5,1830.0,7745479.0,8398609.0
2026-10-07T06:55:00Z,node_1013,68.6,25.3,5789.0,573551.0,9109003.0
2026-10-07T07:00:00Z,node_1032,55.9,80.9,3916.0,702093.0,7475826.0
2026-10-07T07:05:00Z,node_1027,86.7,24.9,9301.0,9704253.0,2501171.0
2026-10-07T07:10:00Z,node_1038,26.8,47.7,7186.0,944763.0,5686824.0
2026-10-07T07:15:00Z,node_1047,83.8,59.8,273.0,4447009.0,7875900.0
2026-10-07T07:20:00Z,node_1001,29.0,92.1,490.0,6888548.0,1415887.0
2026-10-07T07:25:00Z,node_1040,85.1,33.6,7902.0,6344027.0,3839403.0
2026-10-07T07:30:00Z,node_1047,73.9,90.2,14134.0,1020872.0,8134259.0
2026-10-07T07:35:00Z,node_1030,93.4,56.0,1853.0,8617506.0,8099407.0
2026-10-07T07:40:00Z,node_1012,96.7,85.4,548.0,2627544.0,8291256.0
2026-10-07T07:45:00Z,node_1024,80.2,27.6,12859.0,3525844.0,9132130.0
2026-10-07T07:50:00Z,node_1030,18.2,20.4,3954.0,5057181.0,4126277.0
2026-10-07T07:55:00Z,node_1003,69.6,60.9,4359.0,3074167.0,5071690.0
2026-10-07T08:00:00Z,node_1028,16.1,87.5,319.0,8341113.0,4000825.0
2026-10-07T08:05:00Z,node_1026,92.7,83.6,8640.0,3081053.0,1558133.0
2026-10-07T08:10:00Z,node_1023,37.0,61.9,1009.0,9956814.0,6708884.0
2026-10-07T08:15:00Z,node_1024,57.0,15.3,2291.0,3012718.0,7947232.0
2026-10-07T08:20:00Z,node_1035,81.7,29.0,13296.0,5529296.0,1104194.0
2026-10-07T08:25:00Z,node_1035,59.8,16.4,9993.0,2210996.0,3521435.0
2026-10-07T08:30:00Z,node_1011,89.7,87.3,2239.0,7731192.0,1733378.0
2026-10-07T08:35:00Z,node_1005,63.3,26.2,10538.0,3819841.0,6318070.0
2026-10-07T08:40:00Z,node_1043,91.0,74.7,10799.0,5486520.0,3328921.0
2026-10-07T08:45:00Z,node_1031,60.9,85.9,10774.0,6279523.0,3242429.0
2026-10-07T08:50:00Z,node_1050,76.6,87.4,8510.0,4827100.0,5700904.0
2026-10-07T08:55:00Z,node_1006,98.5,44.9,2153.0,8915187.0,5932054.0
2026-10-07T09:00:00Z,node_1043,8.1,76.4,13355.0,9452765.0,6866476.0
2026-10-07T09:05:00Z,node_1027,55.9,47.8,6792.0,1677200.0,8254200.0
2026-10-07T09:10:00Z,node_1037,8.3,63.1,7986.0,2842747.0,1436763.0
2026-10-07T09:15:00Z,node_1003,50.4,48.9,8048.0,8103993.0,6258695.0
2026-10-07T09:20:00Z,node_1030,91.0,68.6,11520.0,3426048.0,1232444.0
2026-10-07T09:25:00Z,node_1049,21.2,52.0,3042.0,7334887.0,1455432.0
2026-10-07T09:30:00Z,node_1045,97.6,73.4,11838.0,9412973.0,3276602.0
2026-10-07T09:35:00Z,node_1039,78.9,24.2,5146.0,9347156.0,8689125.0
2026-10-07T09:40:00Z,node_1011,59.8,44.4,5949.0,8397008.0,8831646.0
2026-10-07T09:45:00Z,node_1022,9.0,87.1,14661.0,7491872.0,5857080.0
2026-10-07T09:50:00Z,node_1035,28.3,17.9,11203.0,9038438.0,6940381.0
2026-10-07T09:55:00Z,node_1003,94.4,90.4,9755.0,1601060.0,894467.0
2026-10-07T10:00:00Z,node_1002,33.2,65.4,13931.0,6790938.0,3450069.0
2026-10-07T10:05:00Z,node_1033,97.0,67.5,9994.0,9959275.0,194434.0
2026-10-07T10:10:00Z,node_1049,27.5,57.7,513.0,2853511.0,5292506.0
2026-10-07T10:15:00Z,node_1042,17.1,35.9,1192.0,296142.0,5739286.0
2026-10-07T10:20:00Z,node_1038,61.7,49.5,1424.0,3508807.0,7898469.0
2026-10-07T10:25:00Z,node_1045,64.1,52.6,1091.0,4016469.0,9172445.0
2026-10-07T10:30:00Z,node_1013,47.5,36.5,6360.0,9258955.0,2275541.0
2026-10-07T10:35:00Z,node_1032,14.0,79.3,9504.0,2639476.0,9455748.0
2026-10-07T10:40:00Z,node_1011,97.3,73.7,6965.0,580937.0,416524.0
2026-10-07T10:45:00Z,node_1010,11.5,82.4,7040.0,1724524.0,2801336.0
2026-10-07T10:50:00Z,node_1017,77.8,71.7,11502.0,5926873.0,3231193.0
2026-10-07T10:55:00Z,node_1045,68.4,47.8,13320.0,4754282.0,8361476.0
2026-10-07T11:00:00Z,node_1019,93.2,54.5,6183.0,692501.0,1966572.0
2026-10-07T11:05:00Z,node_1034,74.9,25.7,11285.0,3601278.0,3229410.0
2026-10-07T11:10:00Z,node_1013,25.1,56.8,14548.0,1159856.0,7247227.0
2026-10-07T11:15:00Z,node_1021,15.9,42.5,8445.0,1139858.0,2152648.0
2026-10-07T11:20:00Z,node_1016,18.0,28.9,11673.0,5459140.0,2119802.0
2026-10-07T11:25:00Z,node_1001,12.6,81.6,1343.0,3203298.0,7910604.0
2026-10-07T11:30:00Z,node_1043,28.6,67.4,972.0,8402038.0,6348139.0
2026-10-07T11:35:00Z,node_1006,78.9,20.5,13336.0,6651455.0,4622497.0
2026-10-07T11:40:00Z,node_1023,76.1,56.4,7742.0,7151597.0,3872016.0
2026-10-07T11:45:00Z,node_1013,36.1,15.0,4746.0,8797507.0,4243715.0
2026-10-07T11:50:00Z,node_1023,19.8,42.9,3176.0,4704453.0,1557639.0
2026-10-07T11:55:00Z,node_1015,70.4,41.3,7234.0,7743504.0,2779144.0
2026-10-07T12:00:00Z,node_1034,96.9,57.8,14049.0,887142.0,9383812.0
2026-10-07T12:05:00Z,node_1008,96.5,25.1,13665.0,7867909.0,4475941.0
2026-10-07T12:10:00Z,node_1045,12.5,94.5,10287.0,4985573.0,3403831.0
2026-10-07T12:15:00Z,node_1017,46.1,71.0,14631.0,7047786.0,3736638.0
2026-10-07T12:20:00Z,node_1048,87.5,42.3,5471.0,8414774.0,9040490.0
2026-10-07T12:25:00Z,node_1026,98.4,50.4,5737.0,5766291.0,3501409.0
2026-10-07T12:30:00Z,node_1034,77.6,53.4,5412.0,6544576.0,5111166.0
2026-10-07T12:35:00Z,node_1020,34.6,24.4,4385.0,4981829.0,693863.0
2026-10-07T12:40:00Z,node_1038,9.4,63.3,2068.0,5186434.0,4795174.0
2026-10-07T12:45:00Z,node_1011,52.4,62.2,7230.0,4489093.0,4861892.0
2026-10-07T12:50:00Z,node_1038,46.5,84.1,10521.0,8233148.0,4795134.0
2026-10-07T12:55:00Z,node_1045,70.3,90.0,6443.0,8566139.0,8740219.0
2026-10-07T13:00:00Z,node_1005,54.0,51.9,14383.0,1190440.0,2714699.0
2026-10-07T13:05:00Z,node_1030,6.3,34.3,3963.0,6795706.0,9633347.0
2026-10-07T13:10:00Z,node_1021,84.9,63.2,1035.0,6919849.0,9298481.0
2026-10-07T13:15:00Z,node_1016,34.3,70.9,708.0,8550398.0,1133275.0
2026-10-07T13:20:00Z,node_1010,43.7,87.8,8025.0,6971854.0,213026.0
2026-10-07T13:25:00Z,node_1032,67.4,23.1,2761.0,96834.0,875705.0
2026-10-07T13:30:00Z,node_1027,26.0,33.9,12220.0,2283602.0,3920306.0
2026-10-07T13:35:00Z,node_1031,88.1,18.6,447.0,320362.0,8236518.0
2026-10-07T13:40:00Z,node_1011,23.3,49.0,11168.0,6087525.0,9051844.0
2026-10-07T13:45:00Z,node_1035,53.9,57.6,13158.0,9175949.0,4876325.0
2026-10-07T13:50:00Z,node_1026,41.8,29.8,7182.0,3963871.0,7539008.0
2026-10-07T13:55:00Z,node_1027,60.7,31.4,10670.0,3737393.0,4799122.0
2026-10-07T14:00:00Z,node_1018,6.8,66.3,373.0,1565989.0,3739238.0
2026-10-07T14:05:00Z,node_1042,80.9,76.7,4769.0,9692855.0,3941402.0
2026-10-07T14:10:00Z,node_1040,30.9,79.4,14282.0,8127652.0,7178903.0
2026-10-07T14:15:00Z,node_1039,21.8,81.2,14451.0,3379735.0,2232298.0
2026-10-07T14:20:00Z,node_1015,11.7,11.6,7481.0,5571358.0,9887635.0
2026-10-07T14:25:00Z,node_1027,44.1,82.0,14180.0,1652771.0,7721853.0
2026-10-07T14:30:00Z,node_1031,47.0,15.7,2084.0,8560389.0,1461751.0
2026-10-07T14:35:00Z,node_1037,23.7,49.9,13014.0,3344875.0,8308750.0
2026-10-07T14:40:00Z,node_1002,37.9,74.6,4037.0,8312466.0,764616.0
2026-10-07T14:45:00Z,node_1004,29.1,49.5,4775.0,9059716.0,7700700.0
2026-10-07T14:50:00Z,node_1043,56.2,55.6,5892.0,1023789.0,4089083.0
2026-10-07T14:55:00Z,node_1042,91.7,82.3,4929.0,9438139.0,3510219.0
2026-10-07T15:00:00Z,node_1028,70.4,79.1,12400.0,5031933.0,4244781.0
2026-10-07T15:05:00Z,node_1027,32.0,81.9,9518.0,1597045.0,3205811.0
2026-10-07T15:10:00Z,node_1036,59.6,70.0,6740.0,8565910.0,1524596.0
2026-10-07T15:15:00Z,node_1043,80.2,11.4,4050.0,2315382.0,5579182.0
2026-10-07T15:20:00Z,node_1047,5.9,92.1,5233.0,1619419.0,2151227.0
2026-10-07T15:25:00Z,node_1001,75.6,48.0,2553.0,6243677.0,1510024.0
2026-10-07T15:30:00Z,node_1026,50.0,93.0,7776.0,6614346.0,6120374.0
2026-10-07T15:35:00Z,node_1009,25.3,71.4,14577.0,8531484.0,5074167.0
2026-10-07T15:40:00Z,node_1034,10.0,71.5,9095.0,8897141.0,8736230.0
2026-10-07T15:45:00Z,node_1045,69.1,34.8,14859.0,7455223.0,9845778.0
2026-10-07T15:50:00Z,node_1017,37.1,37.7,4462.0,7899170.0,2003555.0
2026-10-07T15:55:00Z,node_1039,54.3,45.0,13894.0,7326739.0,5935117.0
2026-10-07T16:00:00Z,node_1045,79.9,80.6,10491.0,2981478.0,164654.0
2026-10-07T16:05:00Z,node_1025,79.8,90.3,8391.0,5489041.0,5994351.0
2026-10-07T16:10:00Z,node_1005,71.2,92.2,12424.0,1531189.0,5507257.0
2026-10-07T16:15:00Z,node_1034,63.0,62.1,9811.0,4792215.0,7054989.0
2026-10-07T16:20:00Z,node_1012,64.6,23.2,490.0,3381462.0,1988642.0
2026-10-07T16:25:00Z,node_1022,76.9,82.0,8789.0,7015170.0,6275868.0
2026-10-07T16:30:00Z,node_1030,14.3,18.8,5676.0,7929107.0,1041240.0
2026-10-07T16:35:00Z,node_1023,33.9,30.2,11796.0,7411560.0,1113261.0
2026-10-07T16:40:00Z,node_1005,65.1,26.5,9008.0,1573483.0,1187428.0
2026-10-07T16:45:00Z,node_1003,62.0,74.9,7323.0,9089836.0,6088353.0
2026-10-07T16:50:00Z,node_1029,77.8,20.7,3497.0,5406256.0,378560.0
2026-10-07T16:55:00Z,node_1030,35.1,13.1,7386.0,2282020.0,1358208.0
2026-10-07T17:00:00Z,node_1047,49.2,80.8,8359.0,8267861.0,4694754.0
2026-10-07T17:05:00Z,node_1020,79.4,70.1,7347.0,5258879.0,3974580.0
2026-10-07T17:10:00Z,node_1036,26.1,75.2,4625.0,9151243.0,2777511.0
2026-10-07T17:15:00Z,node_1027,21.6,50.4,3291.0,6932387.0,1256924.0
2026-10-07T17:20:00Z,node_1032,64.7,60.5,6110.0,7660999.0,5969397.0
2026-10-07T17:25:00Z,node_1036,62.9,36.6,4632.0,7645991.0,783741.0
2026-10-07T17:30:00Z,node_1006,83.1,32.5,2876.0,554949.0,3428901.0
2026-10-07T17:35:00Z,node_1039,66.8,21.6,10451.0,2839214.0,2709751.0
2026-10-07T17:40:00Z,node_1035,74.9,78.1,14745.0,8250523.0,6973700.0
2026-10-07T17:45:00Z,node_1002,76.7,79.0,9833.0,4110296.0,694869.0
2026-10-07T17:50:00Z,node_1020,96.8,47.4,7985.0,5157357.0,3297309.0
2026-10-07T17:55:00Z,node_1026,48.3,79.1,14871.0,7954657.0,2865531.0
2026-10-07T18:00:00Z,node_1010,89.4,27.2,14882.0,8941769.0,4177913.0
2026-10-07T18:05:00Z,node_1012,27.0,33.4,11502.0,9661875.0,6589060.0
2026-10-07T18:10:00Z,node_1029,83.6,67.9,10845.0,564142.0,5555557.0
2026-10-07T18:15:00Z,node_1005,84.2,68.4,5536.0,1086723.0,6322552.0
2026-10-07T18:20:00Z,node_1018,51.1,48.3,5915.0,3035051.0,8997279.0
2026-10-07T18:25:00Z,node_1018,71.9,67.4,1919.0,6504426.0,7682794.0
2026-10-07T18:30:00Z,node_1010,22.4,29.9,5204.0,9726050.0,5547479.0
2026-10-07T18:35:00Z,node_1016,71.2,22.7,8399.0,5478175.0,9881730.0
2026-10-07T18:40:00Z,node_1017,5.8,16.8,11552.0,430406.0,8728655.0
2026-10-07T18:45:00Z,node_1017,69.1,12.9,12985.0,280476.0,4817212.0
2026-10-07T18:50:00Z,node_1009,32.1,66.0,4141.0,7368472.0,3899962.0
2026-10-07T18:55:00Z,node_1028,64.4,47.3,8571.0,6390385.0,4395354.0
2026-10-07T19:00:00Z,node_1007,51.2,81.0,12062.0,1506508.0,6274759.0
2026-10-07T19:05:00Z,node_1033,78.7,29.0,4715.0,8699812.0,5852849.0
2026-10-07T19:10:00Z,node_1023,85.1,40.7,13919.0,7055280.0,3538360.0
2026-10-07T19:15:00Z,node_1027,21.5,29.0,11266.0,800185.0,142586.0
2026-10-07T19:20:00Z,node_1025,43.2,36.3,2832.0,750539.0,8578612.0
2026-10-07T19:25:00Z,node_1019,43.9,54.3,5189.0,2364321.0,625662.0
2026-10-07T19:30:00Z,node_1002,31.1,16.2,12882.0,7343175.0,5924826.0
2026-10-07T19:35:00Z,node_1031,69.8,66.0,5647.0,703458.0,7267773.0
2026-10-07T19:40:00Z,node_1007,53.0,54.7,879.0,7735146.0,5023892.0
2026-10-07T19:45:00Z,node_1001,10.1,94.5,2475.0,856392.0,44167.0
2026-10-07T19:50:00Z,node_1014,98.3,27.2,11454.0,1766587.0,854650.0
2026-10-07T19:55:00Z,node_1017,56.7,64.9,11839.0,8410796.0,3306510.0
2026-10-07T20:00:00Z,node_1041,59.5,25.1,4193.0,7554949.0,4499848.0
2026-10-07T20:05:00Z,node_1023,70.9,72.4,14130.0,4363043.0,9086160.0
2026-10-07T20:10:00Z,node_1017,67.7,12.6,11692.0,2146604.0,2894934.0
2026-10-07T20:15:00Z,node_1039,27.3,68.9,11231.0,8022005.0,6189853.0
2026-10-07T20:20:00Z,node_1045,60.8,73.5,6552.0,1278836.0,7704279.0
2026-10-07T20:25:00Z,node_1018,75.9,54.6,7489.0,2466888.0,8355313.0
2026-10-07T20:30:00Z,node_1014,35.1,65.3,3311.0,3352508.0,1959013.0
2026-10-07T20:35:00Z,node_1021,8.4,32.6,14070.0,7323580.0,7235258.0
2026-10-07T20:40:00Z,node_1047,35.3,15.8,8706.0,664224.0,9038362.0
2026-10-07T20:45:00Z,node_1045,22.5,85.0,949.0,1813411.0,7541999.0
2026-10-07T20:50:00Z,node_1009,75.8,29.5,12266.0,2234365.0,7171592.0
2026-10-07T20:55:00Z,node_1019,97.4,20.7,978.0,6654601.0,3790719.0
2026-10-07T21:00:00Z,node_1023,96.6,68.2,6787.0,7542428.0,2545438.0
2026-10-07T21:05:00Z,node_1012,81.7,65.2,11463.0,1613308.0,41182.0
2026-10-07T21:10:00Z,node_1043,44.5,79.7,8325.0,3276523.0,5902351.0
2026-10-07T21:15:00Z,node_1028,43.8,48.1,6560.0,1736035.0,9093170.0
2026-10-07T21:20:00Z,node_1009,29.6,13.5,13298.0,9515942.0,1778218.0
2026-10-07T21:25:00Z,node_1027,51.9,59.5,1764.0,8745318.0,3122584.0
2026-10-07T21:30:00Z,node_1040,90.5,73.8,12363.0,5419242.0,1996894.0
2026-10-07T21:35:00Z,node_1031,62.6,72.0,3269.0,6779363.0,3849227.0
2026-10-07T21:40:00Z,node_1034,79.0,89.5,7143.0,9018486.0,4464018.0
2026-10-07T21:45:00Z,node_1034,53.6,65.2,14605.0,8354867.0,342295.0
2026-10-07T21:50:00Z,node_1031,27.3,30.7,3671.0,6503657.0,4732711.0
2026-10-07T21:55:00Z,node_1017,73.6,53.5,8924.0,9508356.0,7943970.0
2026-10-07T22:00:00Z,node_1047,35.6,88.9,6044.0,2421195.0,2049995.0
2026-10-07T22:05:00Z,node_1032,34.0,48.6,9799.0,4450747.0,728993.0
2026-10-07T22:10:00Z,node_1039,30.4,46.3,978.0,2594331.0,9179010.0
2026-10-07T22:15:00Z,node_1025,60.5,20.1,12240.0,5086882.0,3275115.0
2026-10-07T22:20:00Z,node_1009,82.7,69.5,12065.0,6649167.0,6215226.0
2026-10-07T22:25:00Z,node_1017,77.3,63.1,11665.0,5207687.0,736423.0
2026-10-07T22:30:00Z,node_1008,65.0,67.8,462.0,1453404.0,2523762.0
2026-10-07T22:35:00Z,node_1008,22.7,42.6,10692.0,6857949.0,4480928.0
2026-10-07T22:40:00Z,node_1029,8.5,54.5,11308.0,6267701.0,2766873.0
2026-10-07T22:45:00Z,node_1041,18.8,82.2,966.0,4405588.0,3307178.0
2026-10-07T22:50:00Z,node_1023,15.7,86.4,2737.0,8809888.0,3271111.0
2026-10-07T22:55:00Z,node_1002,98.0,23.2,8664.0,272008.0,9950165.0
2026-10-07T23:00:00Z,node_1017,41.8,94.6,14633.0,9962367.0,5057461.0
2026-10-07T23:05:00Z,node_1004,56.7,59.8,14001.0,3894633.0,9105567.0
2026-10-07T23:10:00Z,node_1016,57.8,49.0,3374.0,9453786.0,5201215.0
2026-10-07T23:15:00Z,node_1012,63.6,74.3,3893.0,2442183.0,2036501.0
2026-10-07T23:20:00Z,node_1014,68.7,46.6,14280.0,603204.0,3151120.0
2026-10-07T23:25:00Z,node_1042,63.9,61.3,5777.0,5981472.0,6293228.0
2026-10-07T23:30:00Z,node_1042,40.4,48.7,10621.0,7632913.0,1698369.0
2026-10-07T23:35:00Z,node_1037,93.1,70.9,12291.0,6722426.0,615521.0
2026-10-07T23:40:00Z,node_1042,35.4,73.8,3668.0,930182.0,7319632.0
2026-10-07T23:45:00Z,node_1011,30.4,56.9,14548.0,2220298.0,5429542.0
2026-10-07T23:50:00Z,node_1018,46.8,23.1,11349.0,3672143.0,5575820.0
2026-10-07T23:55:00Z,node_1039,21.7,28.9,1758.0,3617492.0,812704.0
2026-10-08T00:00:00Z,node_1021,32.6,55.7,9787.0,8734125.0,2859140.0
2026-10-08T00:05:00Z,node_1043,43.7,87.5,10549.0,9463701.0,5889882.0
2026-10-08T00:10:00Z,node_1016,98.9,30.4,6332.0,2269370.0,953141.0
2026-10-08T00:15:00Z,node_1004,53.2,29.1,1304.0,3657845.0,6575903.0
2026-10-08T00:20:00Z,node_1020,30.4,52.2,9680.0,1559205.0,3379285.0
2026-10-08T00:25:00Z,node_1038,7.3,90.7,4640.0,3640189.0,6562845.0
2026-10-08T00:30:00Z,node_1003,94.8,47.8,9747.0,6100900.0,3749123.0
2026-10-08T00:35:00Z,node_1006,33.4,52.9,14747.0,6012363.0,1156475.0
2026-10-08T00:40:00Z,node_1002,52.5,94.0,9562.0,826369.0,8489343.0
2026-10-08T00:45:00Z,node_1047,16.3,45.5,8433.0,7639388.0,4243307.0
2026-10-08T00:50:00Z,node_1031,47.7,86.9,12983.0,4333706.0,122764.0
2026-10-08T00:55:00Z,node_1001,8.0,63.2,4654.0,1212936.0,2505902.0
2026-10-08T01:00:00Z,node_1023,50.4,18.6,14090.0,6234273.0,2121403.0
2026-10-08T01:05:00Z,node_1023,68.5,93.8,3466.0,2117722.0,8338430.0
2026-10-08T01:10:00Z,node_1046,65.0,84.8,11274.0,7911425.0,8480607.0
2026-10-08T01:15:00Z,node_1015,95.3,74.7,1215.0,4800933.0,491505.0
2026-10-08T01:20:00Z,node_1034,66.2,52.7,13060.0,8183575.0,6990715.0
2026-10-08T01:25:00Z,node_1027,31.3,68.9,9092.0,2668431.0,9583672.0
2026-10-08T01:30:00Z,node_1048,45.7,24.3,13245.0,201800.0,795220.0
2026-10-08T01:35:00Z,node_1041,43.3,49.8,12805.0,3604103.0,5811747.0
2026-10-08T01:40:00Z,node_1014,89.5,61.1,14236.0,5874206.0,9138385.0
2026-10-08T01:45:00Z,node_1049,79.0,83.8,9679.0,8357964.0,9055547.0
2026-10-08T01:50:00Z,node_1010,21.8,46.6,10384.0,1016598.0,9986751.0
2026-10-08T01:55:00Z,node_1031,51.0,26.8,4571.0,6867252.0,5736662.0
2026-10-08T02:00:00Z,node_1030,84.8,42.1,6683.0,8457270.0,1571140.0
2026-10-08T02:05:00Z,node_1048,54.5,38.1,6768.0,5487780.0,9325248.0
2026-10-08T02:10:00Z,node_1026,36.7,45.1,4520.0,7750641.0,5306207.0
2026-10-08T02:15:00Z,node_1018,48.1,11.7,2849.0,2697008.0,3579130.0
2026-10-08T02:20:00Z,node_1045,72.2,51.9,5602.0,1650066.0,1400358.0
2026-10-08T02:25:00Z,node_1026,11.6,88.8,673.0,6979307.0,94817.0
2026-10-08T02:30:00Z,node_1040,49.1,29.3,1738.0,3359229.0,8542661.0
2026-10-08T02:35:00Z,node_1016,61.7,12.3,4196.0,4492057.0,9197601.0
2026-10-08T02:40:00Z,node_1027,44.6,83.4,8858.0,588809.0,3697042.0
2026-10-08T02:45:00Z,node_1029,31.3,16.9,1046.0,2727811.0,3766573.0
2026-10-08T02:50:00Z,node_1038,13.0,38.5,1284.0,9780650.0,8893659.0
2026-10-08T02:55:00Z,node_1033,60.9,80.0,12360.0,9092784.0,3971420.0
2026-10-08T03:00:00Z,node_1020,76.7,15.2,3847.0,8633515.0,3023197.0
2026-10-08T03:05:00Z,node_1039,59.2,55.7,4360.0,6416912.0,4271464.0
2026-10-08T03:10:00Z,node_1036,52.6,90.6,10711.0,6414989.0,8387997.0
2026-10-08T03:15:00Z,node_1003,84.9,66.1,14963.0,8341807.0,4553328.0
2026-10-08T03:20:00Z,node_1012,67.2,54.2,3426.0,8803625.0,5607239.0
2026-10-08T03:25:00Z,node_1017,79.8,15.0,6280.0,8919518.0,1936611.0
2026-10-08T03:30:00Z,node_1011,51.0,47.8,10590.0,5718607.0,9841406.0
2026-10-08T03:35:00Z,node_1043,52.8,22.6,8748.0,584066.0,82867.0
2026-10-08T03:40:00Z,node_1017,93.4,30.3,1726.0,9987835.0,9512913.0
2026-10-08T03:45:00Z,node_1017,79.4,33.0,9228.0,2952719.0,6698014.0
2026-10-08T03:50:00Z,node_1003,38.9,73.6,7159.0,488805.0,8484640.0
2026-10-08T03:55:00Z,node_1032,94.9,52.2,510.0,9141682.0,2322225.0
2026-10-08T04:00:00Z,node_1001,40.9,78.3,6781.0,4731077.0,6122858.0
2026-10-08T04:05:00Z,node_1028,48.4,19.4,1456.0,7578886.0,3748017.0
2026-10-08T04:10:00Z,node_1004,96.0,55.0,9748.0,9743961.0,1084524.0
2026-10-08T04:15:00Z,node_1020,68.4,28.3,1739.0,5778405.0,4674375.0
2026-10-08T04:20:00Z,node_1041,68.7,94.5,7916.0,7854578.0,4882077.0
2026-10-08T04:25:00Z,node_1040,65.8,51.1,8060.0,7164869.0,442161.0
2026-10-08T04:30:00Z,node_1005,9.1,94.0,4248.0,7038201.0,6234569.0
2026-10-08T04:35:00Z,node_1043,70.8,58.8,510.0,6502174.0,8609941.0
2026-10-08T04:40:00Z,node_1045,83.7,56.0,14272.0,3852487.0,3070925.0
2026-10-08T04:45:00Z,node_1004,76.6,64.7,269.0,3347035.0,2485600.0
2026-10-08T04:50:00Z,node_1013,17.9,25.8,10060.0,2870705.0,5292200.0
2026-10-08T04:55:00Z,node_1004,32.3,60.4,11354.0,6008121.0,5169263.0
2026-10-08T05:00:00Z,node_1026,16.7,87.7,6366.0,5505167.0,3301558.0
2026-10-08T05:05:00Z,node_1037,59.1,43.9,3287.0,4004089.0,8117201.0
2026-10-08T05:10:00Z,node_1027,73.5,94.5,1662.0,7968277.0,2541579.0
2026-10-08T05:15:00Z,node_1013,63.8,11.5,5023.0,5216788.0,8224457.0
2026-10-08T05:20:00Z,node_1041,66.1,34.4,7675.0,1536542.0,8727905.0
2026-10-08T05:25:00Z,node_1012,37.6,93.4,13703.0,2840934.0,3264223.0
2026-10-08T05:30:00Z,node_1021,78.6,14.9,1807.0,7679857.0,2389847.0
2026-10-08T05:35:00Z,node_1019,31.8,82.1,11718.0,6068135.0,1144733.0
2026-10-08T05:40:00Z,node_1015,62.1,41.5,2614.0,9683194.0,5097150.0
2026-10-08T05:45:00Z,node_1031,28.6,71.8,6807.0,6438485.0,974639.0
2026-10-08T05:50:00Z,node_1011,59.9,75.9,6502.0,7864240.0,7166374.0
2026-10-08T05:55:00Z,node_1010,46.1,46.5,13243.0,4547482.0,8396573.0
2026-10-08T06:00:00Z,node_1021,44.1,42.8,7231.0,6391298.0,551056.0
2026-10-08T06:05:00Z,node_1049,44.9,45.9,5594.0,9138736.0,2190990.0
2026-10-08T06:10:00Z,node_1002,76.9,16.8,9711.0,3957640.0,558505.0
2026-10-08T06:15:00Z,node_1036,85.5,84.7,11894.0,6478572.0,5066265.0
2026-10-08T06:20:00Z,node_1027,35.2,76.8,13760.0,7703813.0,1901758.0
2026-10-08T06:25:00Z,node_1003,36.1,12.7,3050.0,8783855.0,9867234.0
2026-10-08T06:30:00Z,node_1047,84.7,34.1,10352.0,568831.0,8642461.0
2026-10-08T06:35:00Z,node_1046,87.2,42.1,4077.0,2496429.0,1039672.0
2026-10-08T06:40:00Z,node_1033,64.7,77.8,9682.0,7560673.0,306265.0
2026-10-08T06:45:00Z,node_1042,25.1,51.2,9381.0,3499068.0,6091818.0
2026-10-08T06:50:00Z,node_1024,57.9,39.2,6043.0,1865674.0,3878565.0
2026-10-08T06:55:00Z,node_1047,67.5,55.2,3413.0,4327981.0,3409152.0
2026-10-08T07:00:00Z,node_1030,31.8,26.7,13483.0,7695433.0,6545122.0
2026-10-08T07:05:00Z,node_1003,12.3,73.8,6030.0,3534465.0,5321315.0
2026-10-08T07:10:00Z,node_1017,53.9,18.9,7452.0,657382.0,6423395.0
2026-10-08T07:15:00Z,node_1018,88.7,72.9,3276.0,9675018.0,7207112.0
2026-10-08T07:20:00Z,node_1043,9.8,57.1,14248.0,620946.0,9478525.0
2026-10-08T07:25:00Z,node_1038,42.3,85.4,8416.0,4397569.0,8091353.0
2026-10-08T07:30:00Z,node_1029,39.6,71.6,7593.0,9050742.0,4488086.0
2026-10-08T07:35:00Z,node_1009,10.0,47.6,3004.0,1592606.0,3733583.0
2026-10-08T07:40:00Z,node_1029,79.8,89.4,5424.0,6452937.0,6053690.0
2026-10-08T07:45:00Z,node_1007,66.9,11.0,4052.0,1762300.0,631821.0
2026-10-08T07:50:00Z,node_1002,38.6,44.3,5031.0,1022091.0,8393937.0
2026-10-08T07:55:00Z,node_1014,55.3,54.3,2184.0,3312569.0,2753347.0
2026-10-08T08:00:00Z,node_1001,89.8,31.6,3207.0,3886808.0,8359801.0
2026-10-08T08:05:00Z,node_1027,69.9,64.2,7485.0,9445161.0,9986204.0
2026-10-08T08:10:00Z,node_1027,28.4,20.4,12730.0,7821466.0,9236580.0
2026-10-08T08:15:00Z,node_1024,25.9,50.5,4217.0,8868721.0,429458.0
2026-10-08T08:20:00Z,node_1028,86.9,41.0,6381.0,2155138.0,2911062.0
2026-10-08T08:25:00Z,node_1016,41.1,57.9,2601.0,3468253.0,7342995.0
2026-10-08T08:30:00Z,node_1038,95.5,75.6,6451.0,7062713.0,4307720.0
2026-10-08T08:35:00Z,node_1046,17.5,41.5,11591.0,9132842.0,1169634.0
2026-10-08T08:40:00Z,node_1037,78.8,54.6,7570.0,2417065.0,6600407.0
2026-10-08T08:45:00Z,node_1001,92.7,92.7,8112.0,1054987.0,9153183.0
2026-10-08T08:50:00Z,node_1046,45.4,12.0,13809.0,4759460.0,607984.0
2026-10-08T08:55:00Z,node_1050,98.0,23.6,12905.0,1844638.0,6753680.0
2026-10-08T09:00:00Z,node_1015,57.0,32.6,12247.0,5605695.0,1228777.0
2026-10-08T09:05:00Z,node_1019,60.2,67.2,2119.0,9214019.0,9375305.0
2026-10-08T09:10:00Z,node_1050,16.3,41.6,2680.0,9544127.0,7517602.0
2026-10-08T09:15:00Z,node_1012,17.5,13.3,10394.0,1599687.0,1041539.0
2026-10-08T09:20:00Z,node_1004,84.2,75.2,13324.0,3310090.0,2013247.0
2026-10-08T09:25:00Z,node_1022,30.1,13.3,8004.0,3987997.0,5337070.0
2026-10-08T09:30:00Z,node_1004,38.7,24.1,11217.0,7949811.0,418497.0
2026-10-08T09:35:00Z,node_1015,70.6,75.6,10236.0,3817622.0,3005087.0
2026-10-08T09:40:00Z,node_1026,18.7,41.3,12242.0,5202783.0,2918573.0
2026-10-08T09:45:00Z,node_1024,41.0,87.1,8598.0,2265198.0,3808986.0
2026-10-08T09:50:00Z,node_1032,10.9,18.3,5451.0,8071563.0,8505996.0
2026-10-08T09:55:00Z,node_1042,70.8,33.5,9003.0,7540043.0,8096274.0
2026-10-08T10:00:00Z,node_1002,46.1,46.2,747.0,495218.0,3717882.0
2026-10-08T10:05:00Z,node_1040,67.1,49.1,13005.0,8238488.0,1555168.0
2026-10-08T10:10:00Z,node_1018,65.0,16.1,8185.0,8817569.0,6192973.0
2026-10-08T10:15:00Z,node_1036,11.0,61.5,7961.0,8173914.0,8662898.0
2026-10-08T10:20:00Z,node_1044,88.6,86.9,11174.0,9146716.0,5314279.0
2026-10-08T10:25:00Z,node_1040,94.4,65.7,4977.0,3197464.0,4865875.0
2026-10-08T10:30:00Z,node_1014,57.1,48.6,14963.0,1171805.0,8545672.0
2026-10-08T10:35:00Z,node_1042,11.9,70.3,3282.0,2822293.0,6256238.0
2026-10-08T10:40:00Z,node_1004,55.3,32.9,10404.0,8568372.0,7449888.0
2026-10-08T10:45:00Z,node_1003,67.0,75.1,9236.0,2430939.0,7458261.0
2026-10-08T10:50:00Z,node_1010,79.8,32.8,598.0,5538125.0,7228892.0
2026-10-08T10:55:00Z,node_1024,90.9,80.4,14856.0,346998.0,7794761.0
2026-10-08T11:00:00Z,node_1008,72.8,44.1,654.0,780607.0,6547197.0
2026-10-08T11:05:00Z,node_1025,50.0,27.4,8774.0,8767606.0,1079630.0
2026-10-08T11:10:00Z,node_1024,60.8,82.5,5968.0,6310974.0,1559711.0
2026-10-08T11:15:00Z,node_1035,21.1,44.9,10555.0,6612964.0,7382089.0
2026-10-08T11:20:00Z,node_1005,81.9,38.3,11258.0,4966480.0,2139630.0
2026-10-08T11:25:00Z,node_1014,12.8,66.0,4015.0,8360967.0,2732789.0
2026-10-08T11:30:00Z,node_1033,27.9,16.0,919.0,7457040.0,201042.0
2026-10-08T11:35:00Z,node_1014,89.6,91.4,8263.0,5888797.0,3286036.0
2026-10-08T11:40:00Z,node_1043,67.0,39.3,7674.0,8709997.0,4518725.0
2026-10-08T11:45:00Z,node_1038,33.8,41.0,8760.0,3916523.0,7741972.0
2026-10-08T11:50:00Z,node_1042,63.0,21.6,7066.0,123478.0,9744936.0
2026-10-08T11:55:00Z,node_1049,23.8,30.4,12995.0,2571996.0,451590.0
2026-10-08T12:00:00Z,node_1036,68.6,73.9,8070.0,865138.0,8420883.0
2026-10-08T12:05:00Z,node_1007,97.5,94.9,6856.0,3979843.0,2219095.0
2026-10-08T12:10:00Z,node_1010,73.6,16.8,5603.0,3353289.0,8566557.0
2026-10-08T12:15:00Z,node_1034,55.4,41.9,12819.0,3090608.0,2074862.0
2026-10-08T12:20:00Z,node_1039,9.8,51.4,5539.0,8268402.0,7952200.0
2026-10-08T12:25:00Z,node_1049,61.3,73.9,719.0,5033929.0,6647215.0
2026-10-08T12:30:00Z,node_1025,97.7,80.4,219.0,291063.0,6496600.0
2026-10-08T12:35:00Z,node_1023,43.6,73.1,4568.0,9992603.0,8905916.0
2026-10-08T12:40:00Z,node_1034,75.9,19.7,12756.0,4846187.0,3898339.0
2026-10-08T12:45:00Z,node_1004,75.2,77.9,8709.0,8378797.0,5464161.0
2026-10-08T12:50:00Z,node_1025,91.9,60.7,6804.0,1097838.0,8598918.0
2026-10-08T12:55:00Z,node_1004,77.8,51.2,8477.0,8592387.0,4707058.0
2026-10-08T13:00:00Z,node_1020,76.9,76.2,14078.0,5056410.0,8852534.0
2026-10-08T13:05:00Z,node_1045,48.5,90.3,12465.0,9041182.0,4061298.0
2026-10-08T13:10:00Z,node_1032,19.8,57.3,2455.0,3406170.0,488680.0
2026-10-08T13:15:00Z,node_1017,52.2,12.6,4682.0,172341.0,3576910.0
2026-10-08T13:20:00Z,node_1041,34.0,88.5,9622.0,5030246.0,7649548.0
2026-10-08T13:25:00Z,node_1034,32.6,61.9,14846.0,5851521.0,7954642.0
2026-10-08T13:30:00Z,node_1012,72.2,68.5,13864.0,5935986.0,6153569.0
2026-10-08T13:35:00Z,node_1028,80.6,33.1,10931.0,1487468.0,7963072.0
2026-10-08T13:40:00Z,node_1010,22.9,60.1,2242.0,2463640.0,4065950.0
2026-10-08T13:45:00Z,node_1013,96.3,63.5,131.0,674921.0,4395338.0
2026-10-08T13:50:00Z,node_1033,42.7,28.2,6145.0,6301694.0,3900292.0
2026-10-08T13:55:00Z,node_1033,17.3,25.1,14315.0,5130693.0,7583821.0
2026-10-08T14:00:00Z,node_1030,75.7,39.2,787.0,7148214.0,9947113.0
2026-10-08T14:05:00Z,node_1032,19.3,82.2,11759.0,6524401.0,69028.0
2026-10-08T14:10:00Z,node_1042,45.0,64.2,3996.0,909511.0,7729608.0
2026-10-08T14:15:00Z,node_1037,88.0,16.3,1319.0,7108874.0,2710637.0
2026-10-08T14:20:00Z,node_1003,68.6,41.9,8409.0,7701634.0,7401220.0
2026-10-08T14:25:00Z,node_1014,60.4,90.0,350.0,4672775.0,5599149.0
2026-10-08T14:30:00Z,node_1021,52.6,33.9,5982.0,1825604.0,3681847.0
2026-10-08T14:35:00Z,node_1024,65.2,38.0,7434.0,7577027.0,5900923.0
2026-10-08T14:40:00Z,node_1028,43.9,56.5,13401.0,8818143.0,7294505.0
2026-10-08T14:45:00Z,node_1019,59.3,88.4,5418.0,1312242.0,4867866.0
2026-10-08T14:50:00Z,node_1007,67.7,80.8,6336.0,5635773.0,6037174.0
2026-10-08T14:55:00Z,node_1018,72.1,85.5,11905.0,1348292.0,5232726.0
2026-10-08T15:00:00Z,node_1007,86.2,27.8,12233.0,6614318.0,6369024.0
2026-10-08T15:05:00Z,node_1008,94.4,53.7,1701.0,4736831.0,8466965.0
2026-10-08T15:10:00Z,node_1039,59.1,63.5,5775.0,3653376.0,3073561.0
2026-10-08T15:15:00Z,node_1009,74.2,49.4,1614.0,3939271.0,6504545.0
2026-10-08T15:20:00Z,node_1005,14.2,41.9,12005.0,9640577.0,8144714.0
2026-10-08T15:25:00Z,node_1017,77.5,16.3,8843.0,4413872.0,7468160.0
2026-10-08T15:30:00Z,node_1034,53.2,90.9,9808.0,6669730.0,3906516.0
2026-10-08T15:35:00Z,node_1016,5.3,14.5,4658.0,2793590.0,656646.0
2026-10-08T15:40:00Z,node_1044,63.5,60.8,14594.0,9861167.0,7969191.0
2026-10-08T15:45:00Z,node_1042,17.9,68.6,14577.0,7144835.0,2967058.0
2026-10-08T15:50:00Z,node_1013,20.8,16.8,8157.0,9324397.0,1990762.0
2026-10-08T15:55:00Z,node_1022,11.0,54.7,11951.0,824456.0,3802874.0
2026-10-08T16:00:00Z,node_1021,29.9,35.4,7125.0,2361872.0,4820616.0
2026-10-08T16:05:00Z,node_1025,72.6,91.9,10535.0,2672693.0,13895.0
2026-10-08T16:10:00Z,node_1043,58.1,62.5,6325.0,4294265.0,9108252.0
2026-10-08T16:15:00Z,node_1005,52.4,76.7,5241.0,5499061.0,2346341.0
2026-10-08T16:20:00Z,node_1021,53.7,92.5,5906.0,6598730.0,260359.0
2026-10-08T16:25:00Z,node_1035,25.2,80.1,11339.0,256501.0,1625637.0
2026-10-08T16:30:00Z,node_1049,75.9,18.0,5771.0,1145992.0,299064.0
2026-10-08T16:35:00Z,node_1009,74.9,24.5,8110.0,2851107.0,3408294.0
2026-10-08T16:40:00Z,node_1026,42.5,60.4,11759.0,3923333.0,5707825.0
2026-10-08T16:45:00Z,node_1018,72.5,18.1,14737.0,8494034.0,4547680.0
2026-10-08T16:50:00Z,node_1009,67.9,92.5,10072.0,5766975.0,3804175.0
2026-10-08T16:55:00Z,node_1039,27.0,14.1,9788.0,2446820.0,668339.0
2026-10-08T17:00:00Z,node_1048,11.1,90.6,9223.0,4774164.0,2799002.0
2026-10-08T17:05:00Z,node_1040,7.2,90.3,10127.0,8680540.0,1795477.0
2026-10-08T17:10:00Z,node_1008,51.9,11.4,13385.0,6523513.0,6299479.0
2026-10-08T17:15:00Z,node_1046,56.5,15.3,5039.0,8994355.0,572027.0
2026-10-08T17:20:00Z,node_1010,64.2,19.0,4814.0,1306012.0,3010868.0
2026-10-08T17:25:00Z,node_1029,83.3,65.5,705.0,3584567.0,7507256.0
2026-10-08T17:30:00Z,node_1039,45.1,70.1,8454.0,7598485.0,6053594.0
2026-10-08T17:35:00Z,node_1025,34.8,53.5,879.0,762442.0,2702887.0
2026-10-08T17:40:00Z,node_1039,26.5,50.7,4296.0,5759410.0,3363245.0
2026-10-08T17:45:00Z,node_1010,54.9,38.6,4858.0,5728708.0,9759450.0
2026-10-08T17:50:00Z,node_1026,19.6,47.7,14199.0,8888012.0,3649958.0
2026-10-08T17:55:00Z,node_1003,98.9,45.0,9567.0,6474182.0,4882318.0
2026-10-08T18:00:00Z,node_1037,68.3,21.5,927.0,1798045.0,7236151.0
2026-10-08T18:05:00Z,node_1037,46.8,93.3,7836.0,4318628.0,8363772.0
2026-10-08T18:10:00Z,node_1050,7.4,61.8,786.0,7900930.0,6965720.0
2026-10-08T18:15:00Z,node_1046,62.0,74.7,8586.0,8733922.0,2506242.0
2026-10-08T18:20:00Z,node_1013,9.2,91.3,8278.0,4699841.0,5057953.0
2026-10-08T18:25:00Z,node_1039,26.0,41.4,9203.0,1960634.0,2641817.0
2026-10-08T18:30:00Z,node_1031,17.6,63.4,2742.0,1243128.0,8341552.0
2026-10-08T18:35:00Z,node_1011,22.2,17.5,8102.0,5991641.0,7480034.0
2026-10-08T18:40:00Z,node_1047,62.8,17.9,9319.0,2340356.0,4731049.0
2026-10-08T18:45:00Z,node_1048,77.8,26.3,6673.0,1859523.0,1556844.0
2026-10-08T18:50:00Z,node_1010,98.0,88.2,8859.0,3706652.0,7287186.0
2026-10-08T18:55:00Z,node_1028,96.9,15.5,8940.0,5591265.0,4382688.0
2026-10-08T19:00:00Z,node_1014,11.1,23.4,12235.0,63352.0,9455651.0
2026-10-08T19:05:00Z,node_1040,62.4,48.7,2298.0,6121252.0,9043114.0
2026-10-08T19:10:00Z,node_1022,87.5,51.9,10891.0,1155757.0,363148.0
2026-10-08T19:15:00Z,node_1035,57.6,36.3,4365.0,3031110.0,3073065.0
2026-10-08T19:20:00Z,node_1021,23.0,28.0,14780.0,2675438.0,7324856.0
2026-10-08T19:25:00Z,node_1049,72.0,76.2,7602.0,3042228.0,930981.0
2026-10-08T19:30:00Z,node_1008,80.9,58.6,11722.0,1559126.0,5595642.0
2026-10-08T19:35:00Z,node_1007,35.7,14.6,11605.0,1636293.0,4456729.0
2026-10-08T19:40:00Z,node_1040,34.2,70.4,4113.0,2168440.0,9354370.0
2026-10-08T19:45:00Z,node_1011,18.2,61.6,11293.0,5954123.0,6271132.0
2026-10-08T19:50:00Z,node_1033,38.9,25.5,11816.0,6271640.0,1923665.0
2026-10-08T19:55:00Z,node_1012,90.6,36.4,611.0,9424271.0,6911847.0
2026-10-08T20:00:00Z,node_1044,31.0,10.1,14428.0,605975.0,8243622.0
2026-10-08T20:05:00Z,node_1015,61.9,47.9,2070.0,1940503.0,4587952.0
2026-10-08T20:10:00Z,node_1010,8.9,14.1,14545.0,8104440.0,7404216.0
2026-10-08T20:15:00Z,node_1037,98.2,83.5,3308.0,2275593.0,6177143.0
2026-10-08T20:20:00Z,node_1017,20.3,10.3,10242.0,5970613.0,6871384.0
2026-10-08T20:25:00Z,node_1020,56.6,71.9,8918.0,9874375.0,498067.0
2026-10-08T20:30:00Z,node_1012,52.9,88.4,5120.0,1468997.0,3985912.0
2026-10-08T20:35:00Z,node_1017,12.2,48.6,8455.0,7361113.0,4809660.0
2026-10-08T20:40:00Z,node_1036,85.9,70.7,1453.0,5399837.0,9075905.0
2026-10-08T20:45:00Z,node_1002,11.4,36.7,8219.0,3017224.0,4837459.0
2026-10-08T20:50:00Z,node_1009,41.9,21.6,8591.0,9511472.0,5226581.0
2026-10-08T20:55:00Z,node_1002,34.0,71.8,6884.0,4108066.0,1448144.0
2026-10-08T21:00:00Z,node_1048,40.1,54.1,5880.0,803086.0,4555639.0
2026-10-08T21:05:00Z,node_1047,58.6,52.1,10721.0,9796636.0,5445747.0
2026-10-08T21:10:00Z,node_1005,80.4,14.8,6716.0,2599636.0,674467.0
2026-10-08T21:15:00Z,node_1015,42.0,15.7,2487.0,5819176.0,8110858.0
2026-10-08T21:20:00Z,node_1049,73.1,69.2,13970.0,3516350.0,4019247.0
2026-10-08T21:25:00Z,node_1018,62.3,62.5,4014.0,3836275.0,7562537.0
2026-10-08T21:30:00Z,node_1035,13.8,23.8,8451.0,3008109.0,389299.0
2026-10-08T21:35:00Z,node_1022,84.4,93.2,13527.0,7029588.0,3085413.0
2026-10-08T21:40:00Z,node_1034,56.8,64.1,9262.0,9730229.0,8400232.0
2026-10-08T21:45:00Z,node_1013,71.1,52.8,14737.0,2387031.0,4520498.0
2026-10-08T21:50:00Z,node_1021,88.3,82.7,7775.0,288145.0,8620799.0
2026-10-08T21:55:00Z,node_1011,42.2,35.6,1185.0,3665280.0,8321943.0
2026-10-08T22:00:00Z,node_1024,81.7,75.0,11723.0,8930543.0,7336821.0
2026-10-08T22:05:00Z,node_1009,60.0,19.6,14290.0,3525768.0,8885909.0
2026-10-08T22:10:00Z,node_1024,22.2,69.8,4327.0,28534.0,7686173.0
2026-10-08T22:15:00Z,node_1045,98.9,87.8,14746.0,5114234.0,4902368.0
2026-10-08T22:20:00Z,node_1030,23.3,23.5,4571.0,8919144.0,6286833.0
2026-10-08T22:25:00Z,node_1006,51.5,14.0,1267.0,3164339.0,6786090.0
2026-10-08T22:30:00Z,node_1047,57.9,59.3,12702.0,3305063.0,251218.0
2026-10-08T22:35:00Z,node_1049,12.4,76.7,2707.0,4980412.0,1302686.0
2026-10-08T22:40:00Z,node_1031,58.0,63.8,8918.0,6855519.0,5824738.0
2026-10-08T22:45:00Z,node_1049,79.4,81.0,14565.0,1902233.0,7931371.0
2026-10-08T22:50:00Z,node_1009,38.7,17.8,10306.0,9193107.0,7139246.0
2026-10-08T22:55:00Z,node_1028,76.5,83.6,1989.0,8760399.0,9459869.0
2026-10-08T23:00:00Z,node_1029,86.5,60.1,6345.0,9373235.0,9297000.0
2026-10-08T23:05:00Z,node_1030,96.2,15.9,12806.0,5184004.0,6447444.0
2026-10-08T23:10:00Z,node_1031,13.2,12.5,10697.0,2538888.0,6024742.0
2026-10-08T23:15:00Z,node_1047,80.1,42.1,7436.0,1363205.0,9051787.0
2026-10-08T23:20:00Z,node_1027,51.4,47.1,5677.0,1376473.0,5910713.0
2026-10-08T23:25:00Z,node_1048,48.8,11.6,13675.0,5410730.0,5129720.0
2026-10-08T23:30:00Z,node_1047,50.2,72.9,14285.0,7570155.0,3322461.0
2026-10-08T23:35:00Z,node_1012,60.6,28.6,8674.0,222490.0,3522636.0
2026-10-08T23:40:00Z,node_1008,28.4,70.5,13385.0,1154744.0,7711910.0
2026-10-08T23:45:00Z,node_1014,76.8,46.6,4443.0,2230409.0,7588626.0
2026-10-08T23:50:00Z,node_1022,34.1,74.5,8126.0,3967492.0,8208959.0
2026-10-08T23:55:00Z,node_1024,92.4,56.2,12201.0,4182426.0,7640168.0
2026-10-09T00:00:00Z,node_1038,72.6,74.5,14553.0,8038995.0,3629680.0
2026-10-09T00:05:00Z,node_1043,97.6,65.2,6162.0,7189941.0,6758446.0
2026-10-09T00:10:00Z,node_1017,88.7,56.8,12663.0,3825521.0,9550776.0
2026-10-09T00:15:00Z,node_1023,27.5,16.8,4886.0,1192006.0,8935211.0
2026-10-09T00:20:00Z,node_1038,87.0,83.7,7618.0,2404031.0,6932633.0
2026-10-09T00:25:00Z,node_1028,15.6,61.3,1635.0,2116124.0,4124623.0
2026-10-09T00:30:00Z,node_1031,47.2,89.1,14835.0,3560739.0,5150767.0
2026-10-09T00:35:00Z,node_1026,23.4,33.6,5073.0,2989141.0,2077340.0
2026-10-09T00:40:00Z,node_1047,26.5,31.3,2929.0,4322379.0,8448923.0
2026-10-09T00:45:00Z,node_1022,37.1,40.8,6952.0,8751731.0,997395.0
2026-10-09T00:50:00Z,node_1042,48.0,37.4,6892.0,6228624.0,8454150.0
2026-10-09T00:55:00Z,node_1001,27.3,93.0,1383.0,7732673.0,1004473.0
2026-10-09T01:00:00Z,node_1044,19.7,47.9,7561.0,8133590.0,4496939.0
2026-10-09T01:05:00Z,node_1020,71.1,40.6,12425.0,8853764.0,8100745.0
2026-10-09T01:10:00Z,node_1002,65.1,51.3,6335.0,4505402.0,9633341.0
2026-10-09T01:15:00Z,node_1028,32.9,12.7,3217.0,6865816.0,5253847.0
2026-10-09T01:20:00Z,node_1014,21.9,83.7,4121.0,7384087.0,4831818.0
2026-10-09T01:25:00Z,node_1043,26.5,45.3,9416.0,3143498.0,7714237.0
2026-10-09T01:30:00Z,node_1036,53.6,76.9,9683.0,4535300.0,5422310.0
2026-10-09T01:35:00Z,node_1050,72.0,49.9,4519.0,7291422.0,6906215.0
2026-10-09T01:40:00Z,node_1026,74.4,92.9,5365.0,9125873.0,9211475.0
2026-10-09T01:45:00Z,node_1048,76.6,80.2,14631.0,2487854.0,7517670.0
2026-10-09T01:50:00Z,node_1022,29.2,90.0,661.0,9493358.0,1204255.0
2026-10-09T01:55:00Z,node_1018,10.1,89.0,8659.0,7109962.0,1019774.0
2026-10-09T02:00:00Z,node_1006,19.3,86.1,1580.0,9540935.0,7763829.0
2026-10-09T02:05:00Z,node_1036,48.3,72.2,12072.0,6114626.0,7314566.0
2026-10-09T02:10:00Z,node_1005,73.2,54.0,14097.0,2405005.0,5874654.0
2026-10-09T02:15:00Z,node_1043,77.5,88.2,4481.0,1932200.0,4317393.0
2026-10-09T02:20:00Z,node_1041,77.1,91.6,6359.0,426414.0,3492744.0
2026-10-09T02:25:00Z,node_1029,83.4,83.3,3454.0,4431555.0,6032834.0
2026-10-09T02:30:00Z,node_1035,55.6,86.4,4164.0,5526592.0,2238393.0
2026-10-09T02:35:00Z,node_1042,62.5,65.7,4673.0,4094536.0,6978208.0
2026-10-09T02:40:00Z,node_1005,30.2,30.1,5911.0,2251542.0,2510825.0
2026-10-09T02:45:00Z,node_1050,72.2,78.0,14399.0,5943913.0,6293284.0
2026-10-09T02:50:00Z,node_1005,98.6,43.7,7151.0,217691.0,7699509.0
2026-10-09T02:55:00Z,node_1018,10.6,79.9,6681.0,6970369.0,3893084.0
2026-10-09T03:00:00Z,node_1003,67.8,31.7,13215.0,195189.0,343399.0
2026-10-09T03:05:00Z,node_1009,51.7,75.3,11099.0,9132511.0,9794643.0
2026-10-09T03:10:00Z,node_1004,83.1,83.4,12206.0,6033827.0,6557231.0
2026-10-09T03:15:00Z,node_1001,65.5,70.1,6443.0,9252395.0,9289539.0
2026-10-09T03:20:00Z,node_1042,15.7,80.3,8263.0,935468.0,2233955.0
2026-10-09T03:25:00Z,node_1005,27.3,30.9,3489.0,2498184.0,3559907.0
2026-10-09T03:30:00Z,node_1034,8.5,32.5,8123.0,7709121.0,5915872.0
2026-10-09T03:35:00Z,node_1044,76.7,83.9,10873.0,9853510.0,6361590.0
2026-10-09T03:40:00Z,node_1010,72.0,62.2,9247.0,9911425.0,5004968.0
2026-10-09T03:45:00Z,node_1048,42.8,51.3,13164.0,8950855.0,6726277.0
2026-10-09T03:50:00Z,node_1015,96.8,56.7,627.0,7078735.0,5099747.0
2026-10-09T03:55:00Z,node_1033,24.6,59.6,2665.0,7771357.0,8308657.0
2026-10-09T04:00:00Z,node_1028,38.5,36.9,4868.0,5782566.0,6243640.0
2026-10-09T04:05:00Z,node_1018,75.8,69.8,12859.0,8498887.0,6092725.0
2026-10-09T04:10:00Z,node_1008,71.9,18.7,3147.0,9433681.0,3732383.0
2026-10-09T04:15:00Z,node_1027,15.2,72.9,14546.0,6504771.0,572064.0
2026-10-09T04:20:00Z,node_1040,16.0,19.4,2142.0,8837338.0,5490209.0
2026-10-09T04:25:00Z,node_1017,33.7,80.3,10512.0,390301.0,2841674.0
2026-10-09T04:30:00Z,node_1026,53.4,59.9,8114.0,1844836.0,9282393.0
2026-10-09T04:35:00Z,node_1003,68.6,19.9,9417.0,1979249.0,5629854.0
2026-10-09T04:40:00Z,node_1024,81.0,72.0,13861.0,9978666.0,6996784.0
2026-10-09T04:45:00Z,node_1041,98.4,16.8,597.0,5098979.0,8390610.0
2026-10-09T04:50:00Z,node_1042,25.8,49.4,7505.0,2605765.0,7801800.0
2026-10-09T04:55:00Z,node_1007,25.4,74.5,9145.0,463498.0,9353179.0
2026-10-09T05:00:00Z,node_1002,58.3,23.5,1132.0,2350310.0,9335050.0
2026-10-09T05:05:00Z,node_1004,51.6,11.3,12813.0,4633374.0,6796052.0
2026-10-09T05:10:00Z,node_1021,27.3,95.0,12699.0,4630371.0,8747466.0
2026-10-09T05:15:00Z,node_1031,51.8,24.3,8265.0,498899.0,7789188.0
2026-10-09T05:20:00Z,node_1011,90.4,49.5,13043.0,7432327.0,685896.0
2026-10-09T05:25:00Z,node_1022,62.0,82.8,12192.0,1872042.0,7920407.0
2026-10-09T05:30:00Z,node_1039,51.7,10.3,4568.0,8529343.0,6586672.0
2026-10-09T05:35:00Z,node_1004,97.6,77.2,6155.0,5765562.0,1287511.0
2026-10-09T05:40:00Z,node_1008,79.9,69.8,1529.0,8275649.0,2674900.0
2026-10-09T05:45:00Z,node_1032,93.3,14.1,12215.0,9362315.0,2346257.0
2026-10-09T05:50:00Z,node_1025,86.0,26.3,7296.0,8019646.0,8599167.0
2026-10-09T05:55:00Z,node_1043,28.4,85.1,6211.0,7000516.0,3747715.0
2026-10-09T06:00:00Z,node_1046,98.8,71.3,5350.0,5608038.0,8428707.0
2026-10-09T06:05:00Z,node_1036,18.1,29.9,3232.0,645220.0,3983997.0
2026-10-09T06:10:00Z,node_1038,70.4,25.4,5704.0,3809681.0,7107207.0
2026-10-09T06:15:00Z,node_1030,71.2,35.9,3267.0,86231.0,1888025.0
2026-10-09T06:20:00Z,node_1047,60.9,91.5,12974.0,5522699.0,9272312.0
2026-10-09T06:25:00Z,node_1009,72.0,91.2,2029.0,2436429.0,6821191.0
2026-10-09T06:30:00Z,node_1039,50.1,65.8,2770.0,3454167.0,2835603.0
2026-10-09T06:35:00Z,node_1006,5.5,88.7,14343.0,9081145.0,3422883.0
2026-10-09T06:40:00Z,node_1018,83.9,30.0,13584.0,3310869.0,379138.0
2026-10-09T06:45:00Z,node_1008,77.1,65.9,10217.0,1776975.0,9749817.0
2026-10-09T06:50:00Z,node_1022,50.8,92.9,5360.0,6049243.0,6987477.0
2026-10-09T06:55:00Z,node_1011,29.8,19.1,10877.0,3259276.0,4776068.0
2026-10-09T07:00:00Z,node_1041,35.7,75.3,11666.0,9930210.0,9417156.0
2026-10-09T07:05:00Z,node_1023,16.0,44.4,7661.0,2734383.0,3855013.0
2026-10-09T07:10:00Z,node_1010,62.5,14.7,3859.0,6512633.0,9432615.0
2026-10-09T07:15:00Z,node_1007,49.0,20.1,3937.0,2485234.0,3767772.0
2026-10-09T07:20:00Z,node_1039,72.0,23.9,6347.0,3020699.0,9368553.0
2026-10-09T07:25:00Z,node_1046,61.3,70.5,5722.0,397879.0,4095736.0
2026-10-09T07:30:00Z,node_1014,78.5,45.4,1334.0,5360086.0,6907199.0
2026-10-09T07:35:00Z,node_1043,15.7,52.1,5536.0,148001.0,9666648.0
2026-10-09T07:40:00Z,node_1003,28.4,47.3,4274.0,168207.0,5638903.0
2026-10-09T07:45:00Z,node_1011,75.3,20.0,12121.0,2340481.0,1631642.0
2026-10-09T07:50:00Z,node_1036,9.4,43.7,13726.0,6763957.0,1862074.0
2026-10-09T07:55:00Z,node_1046,86.3,90.5,6647.0,5948297.0,1058808.0
2026-10-09T08:00:00Z,node_1020,55.6,28.5,7107.0,8270648.0,1928965.0
2026-10-09T08:05:00Z,node_1022,69.5,22.9,11348.0,3245526.0,7295713.0
2026-10-09T08:10:00Z,node_1020,86.8,64.0,532.0,1752889.0,2712181.0
2026-10-09T08:15:00Z,node_1011,95.6,92.8,5926.0,9462060.0,801239.0
2026-10-09T08:20:00Z,node_1045,52.5,25.3,2053.0,3826460.0,8595680.0
2026-10-09T08:25:00Z,node_1044,62.0,68.9,12137.0,6443583.0,9488663.0
2026-10-09T08:30:00Z,node_1015,54.8,30.9,7280.0,8572232.0,2178693.0
2026-10-09T08:35:00Z,node_1021,83.3,57.3,1905.0,29752.0,2204335.0
2026-10-09T08:40:00Z,node_1033,39.0,77.0,3832.0,2733632.0,7339027.0
2026-10-09T08:45:00Z,node_1041,60.1,83.6,3209.0,1916805.0,9471260.0
2026-10-09T08:50:00Z,node_1040,60.5,75.3,3071.0,552559.0,8639342.0
2026-10-09T08:55:00Z,node_1016,95.2,76.1,12852.0,1959221.0,3094390.0
2026-10-09T09:00:00Z,node_1015,12.4,11.2,9741.0,1372011.0,4193107.0
2026-10-09T09:05:00Z,node_1032,66.7,45.6,12689.0,6541840.0,6929963.0
2026-10-09T09:10:00Z,node_1023,53.9,86.9,9570.0,9818003.0,3617764.0
2026-10-09T09:15:00Z,node_1011,91.5,60.6,13869.0,960217.0,2051150.0
2026-10-09T09:20:00Z,node_1040,64.3,59.0,11330.0,3635820.0,9583145.0
2026-10-09T09:25:00Z,node_1047,16.8,55.8,2844.0,1137751.0,1027340.0
2026-10-09T09:30:00Z,node_1029,62.4,44.3,7806.0,6369561.0,4852607.0
2026-10-09T09:35:00Z,node_1015,30.2,69.9,7391.0,8615712.0,488013.0
2026-10-09T09:40:00Z,node_1023,44.6,59.7,7611.0,9900850.0,6803870.0
2026-10-09T09:45:00Z,node_1038,13.4,85.1,10515.0,8661134.0,1973996.0
2026-10-09T09:50:00Z,node_1041,36.3,65.2,10699.0,8392504.0,1628458.0
2026-10-09T09:55:00Z,node_1039,55.4,72.6,7240.0,4394017.0,8721845.0
2026-10-09T10:00:00Z,node_1008,13.7,70.4,4146.0,7253321.0,5353005.0
2026-10-09T10:05:00Z,node_1012,38.3,64.1,6509.0,6194665.0,2427783.0
2026-10-09T10:10:00Z,node_1038,17.4,39.9,6903.0,2014126.0,6121434.0
2026-10-09T10:15:00Z,node_1045,54.8,28.5,5204.0,1525079.0,7790501.0
2026-10-09T10:20:00Z,node_1015,43.4,61.4,9221.0,8854585.0,9819663.0
2026-10-09T10:25:00Z,node_1010,61.3,63.7,9484.0,1444938.0,4259807.0
2026-10-09T10:30:00Z,node_1040,33.3,78.0,9265.0,7456487.0,7585672.0
2026-10-09T10:35:00Z,node_1024,65.0,24.0,9054.0,5328864.0,5666358.0
2026-10-09T10:40:00Z,node_1019,59.9,91.1,6245.0,7466497.0,2214089.0
2026-10-09T10:45:00Z,node_1047,87.5,69.0,14495.0,2004498.0,8753480.0
2026-10-09T10:50:00Z,node_1004,18.3,49.2,1329.0,4984848.0,9249690.0
2026-10-09T10:55:00Z,node_1049,72.0,51.6,6637.0,8883772.0,9170054.0
2026-10-09T11:00:00Z,node_1042,85.0,31.7,10976.0,7240322.0,7607831.0
2026-10-09T11:05:00Z,node_1031,19.8,59.9,13320.0,311313.0,1545879.0
2026-10-09T11:10:00Z,node_1045,91.2,45.8,13763.0,6858942.0,9572873.0
2026-10-09T11:15:00Z,node_1046,26.5,10.8,8580.0,9568258.0,4053440.0
2026-10-09T11:20:00Z,node_1009,9.8,35.0,5644.0,6601511.0,341812.0
2026-10-09T11:25:00Z,node_1048,78.6,35.0,2690.0,6245535.0,1236684.0
2026-10-09T11:30:00Z,node_1001,82.8,73.9,1309.0,1215710.0,9683368.0
2026-10-09T11:35:00Z,node_1036,97.7,67.6,2355.0,3063858.0,8155603.0
2026-10-09T11:40:00Z,node_1034,36.4,66.1,2738.0,6517824.0,4165806.0
2026-10-09T11:45:00Z,node_1009,51.2,72.6,10354.0,9341574.0,5486950.0
2026-10-09T11:50:00Z,node_1034,95.6,58.9,13167.0,2194208.0,7455416.0
2026-10-09T11:55:00Z,node_1013,57.5,58.2,2213.0,5301441.0,5387914.0
2026-10-09T12:00:00Z,node_1037,66.8,47.5,6829.0,5131343.0,6156227.0
2026-10-09T12:05:00Z,node_1018,82.0,17.2,2475.0,3576130.0,6504525.0
2026-10-09T12:10:00Z,node_1017,17.7,31.4,12221.0,1606869.0,5535655.0
2026-10-09T12:15:00Z,node_1032,28.2,21.4,3343.0,2098503.0,8303521.0
2026-10-09T12:20:00Z,node_1020,70.0,19.5,5921.0,2955081.0,9058648.0
2026-10-09T12:25:00Z,node_1047,12.6,45.9,1013.0,4935198.0,3557271.0
2026-10-09T12:30:00Z,node_1034,64.9,71.9,6160.0,9115242.0,740559.0
2026-10-09T12:35:00Z,node_1002,50.8,68.3,136.0,1940226.0,771362.0
2026-10-09T12:40:00Z,node_1032,43.9,48.3,4688.0,4090155.0,6661976.0
2026-10-09T12:45:00Z,node_1015,62.7,90.5,10486.0,5620325.0,2688145.0
2026-10-09T12:50:00Z,node_1042,41.3,55.6,12411.0,3143987.0,3030603.0
2026-10-09T12:55:00Z,node_1001,38.5,14.1,7473.0,8449183.0,9638977.0
2026-10-09T13:00:00Z,node_1044,32.6,14.7,12762.0,8150416.0,9196307.0
2026-10-09T13:05:00Z,node_1039,39.1,46.5,7084.0,2430263.0,6817284.0
2026-10-09T13:10:00Z,node_1037,83.5,42.2,2751.0,3339217.0,5743208.0
2026-10-09T13:15:00Z,node_1046,69.4,51.8,13506.0,3570229.0,1388874.0
2026-10-09T13:20:00Z,node_1003,62.5,65.4,12487.0,8409228.0,7286874.0
2026-10-09T13:25:00Z,node_1031,55.4,92.8,638.0,9550011.0,2319161.0
2026-10-09T13:30:00Z,node_1012,16.1,74.8,8202.0,9518054.0,6522873.0
2026-10-09T13:35:00Z,node_1004,30.1,49.3,13194.0,786732.0,7976563.0
2026-10-09T13:40:00Z,node_1041,28.1,73.8,2632.0,7946216.0,4288808.0
2026-10-09T13:45:00Z,node_1032,33.2,18.1,3682.0,820364.0,7153494.0
2026-10-09T13:50:00Z,node_1041,38.1,18.1,9888.0,1219127.0,2821777.0
2026-10-09T13:55:00Z,node_1008,30.9,76.9,7270.0,1514266.0,934609.0
2026-10-09T14:00:00Z,node_1048,32.7,60.6,8156.0,6974595.0,6569072.0
2026-10-09T14:05:00Z,node_1015,34.1,36.0,5456.0,1845292.0,6086354.0
2026-10-09T14:10:00Z,node_1024,39.8,53.6,8399.0,8617346.0,3411493.0
2026-10-09T14:15:00Z,node_1014,91.6,10.4,5474.0,4422212.0,8425100.0
2026-10-09T14:20:00Z,node_1044,36.7,34.6,5437.0,7763679.0,4110678.0
2026-10-09T14:25:00Z,node_1043,85.2,80.4,6479.0,6538184.0,4637528.0
2026-10-09T14:30:00Z,node_1041,40.5,54.7,10664.0,4584751.0,1090534.0
2026-10-09T14:35:00Z,node_1005,51.5,63.4,189.0,1702975.0,7825724.0
2026-10-09T14:40:00Z,node_1001,30.4,59.3,12631.0,385166.0,4931638.0
2026-10-09T14:45:00Z,node_1050,32.5,72.5,8074.0,3477494.0,8868351.0
2026-10-09T14:50:00Z,node_1010,96.0,20.8,8155.0,5497777.0,5172638.0
2026-10-09T14:55:00Z,node_1002,75.5,80.1,10421.0,7456241.0,1690288.0
2026-10-09T15:00:00Z,node_1024,98.4,38.3,13191.0,8361147.0,469360.0
2026-10-09T15:05:00Z,node_1049,41.0,79.6,4330.0,8530261.0,3201441.0
2026-10-09T15:10:00Z,node_1044,67.0,19.2,6304.0,3429336.0,6286504.0
2026-10-09T15:15:00Z,node_1031,86.8,66.6,12493.0,3880761.0,6781478.0
2026-10-09T15:20:00Z,node_1015,50.9,51.4,1718.0,3983615.0,8399393.0
2026-10-09T15:25:00Z,node_1032,86.3,81.6,6263.0,3841523.0,2904507.0
2026-10-09T15:30:00Z,node_1049,47.1,63.1,4905.0,8495819.0,574070.0
2026-10-09T15:35:00Z,node_1017,83.1,16.3,14714.0,8848653.0,7088633.0
2026-10-09T15:40:00Z,node_1045,12.3,83.0,7208.0,7102730.0,5383361.0
2026-10-09T15:45:00Z,node_1034,40.3,54.5,8678.0,8220501.0,8171960.0
2026-10-09T15:50:00Z,node_1016,91.3,84.5,9841.0,5013074.0,2383992.0
2026-10-09T15:55:00Z,node_1041,37.2,23.2,5333.0,3084131.0,2988963.0
2026-10-09T16:00:00Z,node_1047,7.3,30.2,10419.0,1613890.0,7774385.0
2026-10-09T16:05:00Z,node_1037,59.2,53.1,13622.0,7264136.0,6116506.0
2026-10-09T16:10:00Z,node_1015,49.5,73.9,8292.0,8892668.0,4937340.0
2026-10-09T16:15:00Z,node_1034,73.3,91.3,5796.0,4182480.0,6904790.0
2026-10-09T16:20:00Z,node_1022,47.1,21.9,5723.0,416208.0,5699370.0
2026-10-09T16:25:00Z,node_1016,69.9,83.3,7358.0,3313997.0,3396737.0
2026-10-09T16:30:00Z,node_1011,44.7,62.9,13113.0,3206697.0,1988336.0
2026-10-09T16:35:00Z,node_1004,84.7,84.7,14666.0,5064098.0,9029408.0
2026-10-09T16:40:00Z,node_1002,81.5,84.8,2709.0,7019146.0,316355.0
2026-10-09T16:45:00Z,node_1003,32.4,84.5,9990.0,6679950.0,7594053.0
2026-10-09T16:50:00Z,node_1004,34.5,26.9,5334.0,2287488.0,3137271.0
2026-10-09T16:55:00Z,node_1025,96.4,61.3,13120.0,7876689.0,5413695.0
2026-10-09T17:00:00Z,node_1039,29.3,21.9,6124.0,2772899.0,2701779.0
2026-10-09T17:05:00Z,node_1050,8.8,78.5,11316.0,5263165.0,1554438.0
2026-10-09T17:10:00Z,node_1040,19.3,13.2,4743.0,147179.0,2458987.0
2026-10-09T17:15:00Z,node_1010,83.9,60.4,13255.0,5540576.0,7139700.0
2026-10-09T17:20:00Z,node_1042,12.7,73.5,3072.0,1147921.0,2538442.0
2026-10-09T17:25:00Z,node_1049,33.9,66.6,5543.0,327772.0,9294839.0
2026-10-09T17:30:00Z,node_1027,48.9,56.2,11933.0,3979331.0,5013402.0
2026-10-09T17:35:00Z,node_1019,53.9,40.7,3463.0,7384493.0,2182466.0
2026-10-09T17:40:00Z,node_1035,67.9,22.8,4195.0,5330806.0,8821411.0
2026-10-09T17:45:00Z,node_1044,70.6,56.0,3107.0,702385.0,231798.0
2026-10-09T17:50:00Z,node_1014,96.9,91.1,13655.0,2248131.0,9620790.0
2026-10-09T17:55:00Z,node_1039,90.2,36.8,14333.0,1506442.0,6666422.0
2026-10-09T18:00:00Z,node_1048,41.9,86.9,4097.0,4687993.0,52392.0
2026-10-09T18:05:00Z,node_1050,22.8,94.0,5806.0,7936570.0,226996.0
2026-10-09T18:10:00Z,node_1038,82.2,68.3,408.0,3490691.0,9903666.0
2026-10-09T18:15:00Z,node_1040,60.1,21.7,4902.0,9235397.0,8551623.0
2026-10-09T18:20:00Z,node_1043,53.3,69.7,4936.0,9179060.0,7203524.0
2026-10-09T18:25:00Z,node_1035,52.2,21.6,11826.0,5547703.0,2583707.0
2026-10-09T18:30:00Z,node_1031,61.1,86.3,8512.0,2507744.0,6949763.0
2026-10-09T18:35:00Z,node_1015,14.4,63.6,9652.0,6052587.0,6260813.0
2026-10-09T18:40:00Z,node_1023,44.6,88.9,3375.0,750859.0,6432850.0
2026-10-09T18:45:00Z,node_1013,40.3,10.7,3321.0,3104715.0,7727697.0
2026-10-09T18:50:00Z,node_1046,29.6,33.6,12752.0,835419.0,2905723.0
2026-10-09T18:55:00Z,node_1039,7.8,38.9,6345.0,3331024.0,512322.0
2026-10-09T19:00:00Z,node_1034,17.8,64.1,8771.0,7796759.0,1796348.0
2026-10-09T19:05:00Z,node_1031,63.0,27.0,12195.0,7795589.0,4972219.0
2026-10-09T19:10:00Z,node_1044,8.3,54.0,10515.0,9775779.0,4870146.0
2026-10-09T19:15:00Z,node_1042,27.2,50.6,11376.0,1347475.0,8786295.0
2026-10-09T19:20:00Z,node_1002,57.9,72.7,14964.0,4361013.0,6098425.0
2026-10-09T19:25:00Z,node_1043,85.4,56.9,6953.0,2065179.0,3779809.0
2026-10-09T19:30:00Z,node_1036,42.2,75.2,593.0,3435087.0,1400142.0
2026-10-09T19:35:00Z,node_1029,9.9,53.1,7724.0,4871909.0,8254752.0
2026-10-09T19:40:00Z,node_1050,66.7,67.0,7829.0,1667855.0,1018122.0
2026-10-09T19:45:00Z,node_1029,34.0,93.4,9070.0,8571115.0,3011340.0
2026-10-09T19:50:00Z,node_1008,39.0,94.9,11381.0,9766691.0,460776.0
2026-10-09T19:55:00Z,node_1046,85.9,28.4,5193.0,3924700.0,3787998.0
2026-10-09T20:00:00Z,node_1013,5.4,17.0,13707.0,3926924.0,4383038.0
2026-10-09T20:05:00Z,node_1029,76.7,28.1,11371.0,9370473.0,4537949.0
2026-10-09T20:10:00Z,node_1008,51.4,52.2,9282.0,755365.0,2572426.0
2026-10-09T20:15:00Z,node_1032,11.0,43.3,7146.0,2371223.0,4229732.0
2026-10-09T20:20:00Z,node_1035,57.0,33.7,9825.0,494374.0,7425142.0
2026-10-09T20:25:00Z,node_1028,28.6,48.7,11621.0,9454213.0,412246.0
2026-10-09T20:30:00Z,node_1015,81.4,63.5,7228.0,6750431.0,6115271.0
2026-10-09T20:35:00Z,node_1049,8.5,90.1,8748.0,7380792.0,3229174.0
2026-10-09T20:40:00Z,node_1022,29.4,18.0,2114.0,7449370.0,9783336.0
2026-10-09T20:45:00Z,node_1008,23.8,64.0,5429.0,7394353.0,9936024.0
2026-10-09T20:50:00Z,node_1012,48.1,45.3,4187.0,783619.0,8599372.0
2026-10-09T20:55:00Z,node_1038,26.2,46.8,14343.0,5538981.0,4539023.0
2026-10-09T21:00:00Z,node_1024,43.7,59.3,10575.0,5454331.0,9150744.0
2026-10-09T21:05:00Z,node_1025,45.3,15.0,6018.0,2052579.0,4595910.0
2026-10-09T21:10:00Z,node_1020,33.8,84.6,3371.0,8503684.0,7090302.0
2026-10-09T21:15:00Z,node_1004,39.6,30.2,11329.0,3404902.0,3411759.0
2026-10-09T21:20:00Z,node_1042,42.0,90.4,12287.0,4607147.0,1564794.0
2026-10-09T21:25:00Z,node_1028,76.7,13.1,5884.0,231078.0,1711234.0
2026-10-09T21:30:00Z,node_1036,48.1,46.0,7722.0,3493810.0,9458009.0
2026-10-09T21:35:00Z,node_1025,56.9,56.5,6838.0,5857127.0,130660.0
2026-10-09T21:40:00Z,node_1021,46.2,56.5,14033.0,1070812.0,2470037.0
2026-10-09T21:45:00Z,node_1011,40.4,78.9,9361.0,687861.0,7840521.0
2026-10-09T21:50:00Z,node_1026,78.8,52.7,2374.0,749988.0,321512.0
2026-10-09T21:55:00Z,node_1013,12.3,40.2,6391.0,7721755.0,3841545.0
2026-10-09T22:00:00Z,node_1047,88.7,43.2,3379.0,1412277.0,574582.0
2026-10-09T22:05:00Z,node_1050,15.9,67.9,14535.0,1524443.0,1626753.0
2026-10-09T22:10:00Z,node_1016,90.6,89.2,8134.0,4753416.0,777986.0
2026-10-09T22:15:00Z,node_1024,83.4,48.6,10977.0,8879476.0,8582625.0
2026-10-09T22:20:00Z,node_1013,78.9,22.9,10076.0,3839303.0,956210.0
2026-10-09T22:25:00Z,node_1006,17.1,39.8,7406.0,1302746.0,9956903.0
2026-10-09T22:30:00Z,node_1038,27.6,24.3,1970.0,1218954.0,3585411.0
2026-10-09T22:35:00Z,node_1008,94.7,81.1,14671.0,9474013.0,8956697.0
2026-10-09T22:40:00Z,node_1008,16.7,90.3,9528.0,4435190.0,4879437.0
2026-10-09T22:45:00Z,node_1009,90.3,94.0,8448.0,7210069.0,8957420.0
2026-10-09T22:50:00Z,node_1007,44.7,69.0,2612.0,2971404.0,2407826.0
2026-10-09T22:55:00Z,node_1029,77.6,34.9,5423.0,9881770.0,9185316.0
2026-10-09T23:00:00Z,node_1005,43.8,41.7,7786.0,7912501.0,890275.0
2026-10-09T23:05:00Z,node_1018,41.4,35.8,11391.0,221421.0,7594325.0
2026-10-09T23:10:00Z,node_1027,57.4,38.6,14645.0,1968254.0,3194573.0
2026-10-09T23:15:00Z,node_1037,65.0,24.1,4137.0,6709182.0,74789.0
2026-10-09T23:20:00Z,node_1043,46.5,21.1,13741.0,7578697.0,939610.0
2026-10-09T23:25:00Z,node_1019,19.4,83.6,836.0,1026445.0,4648517.0
2026-10-09T23:30:00Z,node_1039,64.2,40.7,12685.0,8892361.0,6749620.0
2026-10-09T23:35:00Z,node_1022,95.4,59.7,12117.0,8842670.0,3002915.0
2026-10-09T23:40:00Z,node_1015,22.6,26.5,11030.0,1613083.0,3668268.0
2026-10-09T23:45:00Z,node_1024,18.9,38.4,9286.0,7316403.0,8557829.0
2026-10-09T23:50:00Z,node_1020,79.1,34.7,3326.0,83104.0,8635942.0
2026-10-09T23:55:00Z,node_1022,72.4,48.8,11205.0,3050347.0,9385388.0
2026-10-10T00:00:00Z,node_1042,88.6,56.8,5785.0,6387384.0,3481150.0
2026-10-10T00:05:00Z,node_1021,52.2,89.8,1513.0,3295698.0,4668435.0
2026-10-10T00:10:00Z,node_1001,48.6,87.2,9212.0,2709378.0,943046.0
2026-10-10T00:15:00Z,node_1042,88.7,67.5,12112.0,6712014.0,8674688.0
2026-10-10T00:20:00Z,node_1037,16.8,66.4,13897.0,7404438.0,2568523.0
2026-10-10T00:25:00Z,node_1010,98.9,21.5,4695.0,4678240.0,8803818.0
2026-10-10T00:30:00Z,node_1008,26.1,27.5,8344.0,2777145.0,7572510.0
2026-10-10T00:35:00Z,node_1032,94.3,57.0,3764.0,9634825.0,4023713.0
2026-10-10T00:40:00Z,node_1011,94.7,93.7,7529.0,5587075.0,8979371.0
2026-10-10T00:45:00Z,node_1040,89.1,93.9,8818.0,8575527.0,9854341.0
2026-10-10T00:50:00Z,node_1007,39.2,66.0,6061.0,322500.0,8084242.0
2026-10-10T00:55:00Z,node_1011,10.3,73.7,13829.0,2960111.0,5893160.0
2026-10-10T01:00:00Z,node_1016,90.6,50.7,13610.0,8959851.0,5980249.0
2026-10-10T01:05:00Z,node_1035,54.0,55.8,4884.0,7052858.0,5776629.0
2026-10-10T01:10:00Z,node_1018,40.0,34.0,8669.0,8364361.0,2977986.0
2026-10-10T01:15:00Z,node_1021,58.1,56.0,13881.0,1076612.0,3841552.0
2026-10-10T01:20:00Z,node_1006,5.5,15.6,11857.0,6926507.0,9979129.0
2026-10-10T01:25:00Z,node_1050,50.8,44.3,9924.0,8729498.0,1884751.0
2026-10-10T01:30:00Z,node_1044,42.1,88.2,12991.0,3216534.0,6963573.0
2026-10-10T01:35:00Z,node_1041,95.3,19.8,10891.0,2031444.0,4523159.0
2026-10-10T01:40:00Z,node_1041,51.5,57.3,10844.0,652878.0,14570.0
2026-10-10T01:45:00Z,node_1042,27.6,80.3,12753.0,9433139.0,4995041.0
2026-10-10T01:50:00Z,node_1050,90.6,21.9,12197.0,7349659.0,9039374.0
2026-10-10T01:55:00Z,node_1049,73.6,37.0,2230.0,7545886.0,9922229.0
2026-10-10T02:00:00Z,node_1013,26.2,43.4,4700.0,7322350.0,1193327.0
2026-10-10T02:05:00Z,node_1047,28.8,77.7,10231.0,6041095.0,5620759.0
2026-10-10T02:10:00Z,node_1012,82.8,52.7,14730.0,3028772.0,3399920.0
2026-10-10T02:15:00Z,node_1016,35.2,14.5,9887.0,8088588.0,3167611.0
2026-10-10T02:20:00Z,node_1038,72.2,55.4,10803.0,2795148.0,1813938.0
2026-10-10T02:25:00Z,node_1004,87.1,43.3,10595.0,4389420.0,6302018.0
2026-10-10T02:30:00Z,node_1011,88.8,85.4,6482.0,3172111.0,9553788.0
2026-10-10T02:35:00Z,node_1009,93.4,87.7,11048.0,8642322.0,8365421.0
2026-10-10T02:40:00Z,node_1023,60.3,44.5,3092.0,5606257.0,6735382.0
2026-10-10T02:45:00Z,node_1021,68.4,36.1,8099.0,8004348.0,8135638.0
2026-10-10T02:50:00Z,node_1010,64.2,90.4,3351.0,6500164.0,7070489.0
2026-10-10T02:55:00Z,node_1046,35.1,18.2,13817.0,1029486.0,1074876.0
2026-10-10T03:00:00Z,node_1023,53.2,26.8,7916.0,9718721.0,5299288.0
2026-10-10T03:05:00Z,node_1003,28.0,24.8,6205.0,1918304.0,168478.0
2026-10-10T03:10:00Z,node_1029,53.0,61.3,600.0,8391725.0,1452795.0
2026-10-10T03:15:00Z,node_1034,46.8,41.7,4390.0,3198488.0,4601665.0
2026-10-10T03:20:00Z,node_1008,78.3,94.1,5021.0,4780456.0,2203938.0
2026-10-10T03:25:00Z,node_1021,40.7,52.0,329.0,2016108.0,3870539.0
2026-10-10T03:30:00Z,node_1032,46.7,89.1,6890.0,1630946.0,7765218.0
2026-10-10T03:35:00Z,node_1024,22.3,92.7,4099.0,9077124.0,7009149.0
2026-10-10T03:40:00Z,node_1010,15.2,66.2,10225.0,6655673.0,4140337.0
2026-10-10T03:45:00Z,node_1040,49.8,55.8,12410.0,379272.0,4028788.0
2026-10-10T03:50:00Z,node_1050,13.1,80.8,7449.0,1931862.0,8663350.0
2026-10-10T03:55:00Z,node_1030,17.9,32.9,4574.0,6795884.0,1884277.0
2026-10-10T04:00:00Z,node_1008,91.9,89.0,11391.0,6620569.0,3124090.0
2026-10-10T04:05:00Z,node_1020,96.4,26.7,2042.0,2307350.0,6508524.0
2026-10-10T04:10:00Z,node_1031,87.3,17.5,1504.0,370622.0,9938182.0
2026-10-10T04:15:00Z,node_1003,26.7,92.7,13982.0,9847098.0,6212437.0
2026-10-10T04:20:00Z,node_1041,88.4,80.0,7870.0,2806767.0,1813814.0
2026-10-10T04:25:00Z,node_1002,13.4,28.8,13841.0,7578010.0,6689281.0
2026-10-10T04:30:00Z,node_1020,20.7,38.4,13165.0,6131974.0,3774359.0
2026-10-10T04:35:00Z,node_1039,76.1,77.5,2292.0,2076074.0,6011329.0
2026-10-10T04:40:00Z,node_1011,49.5,53.5,4128.0,9982373.0,8051658.0
2026-10-10T04:45:00Z,node_1038,18.9,34.6,8955.0,1987854.0,6356024.0
2026-10-10T04:50:00Z,node_1024,12.5,12.2,12483.0,4982480.0,1015003.0
2026-10-10T04:55:00Z,node_1026,26.4,57.9,7291.0,7418678.0,1485863.0
2026-10-10T05:00:00Z,node_1047,90.7,91.3,8798.0,8868295.0,4634966.0
2026-10-10T05:05:00Z,node_1010,24.3,54.5,5104.0,1812952.0,2171955.0
2026-10-10T05:10:00Z,node_1047,27.1,86.4,12810.0,102018.0,6347821.0
2026-10-10T05:15:00Z,node_1020,52.7,22.3,1812.0,6069474.0,4817788.0
2026-10-10T05:20:00Z,node_1050,78.3,78.7,4610.0,9957417.0,35690.0
2026-10-10T05:25:00Z,node_1050,22.2,69.4,10559.0,1749876.0,2325843.0
2026-10-10T05:30:00Z,node_1013,21.2,25.9,8948.0,5773376.0,9274784.0
2026-10-10T05:35:00Z,node_1009,15.5,55.5,9985.0,1144364.0,456442.0
2026-10-10T05:40:00Z,node_1045,32.8,35.8,988.0,8118696.0,1286743.0
2026-10-10T05:45:00Z,node_1045,96.1,84.5,6009.0,6831951.0,107039.0
2026-10-10T05:50:00Z,node_1022,88.9,17.9,3621.0,9033448.0,5893333.0
2026-10-10T05:55:00Z,node_1046,77.0,49.0,4760.0,8273190.0,3699775.0
2026-10-10T06:00:00Z,node_1013,61.4,93.3,2996.0,1654180.0,4356005.0
2026-10-10T06:05:00Z,node_1030,52.8,61.2,9204.0,3108079.0,4908390.0
2026-10-10T06:10:00Z,node_1045,23.9,81.0,11588.0,9051142.0,2887469.0
2026-10-10T06:15:00Z,node_1042,73.7,47.4,13376.0,5889537.0,9960215.0
2026-10-10T06:20:00Z,node_1016,23.1,36.7,9621.0,157128.0,2751850.0
2026-10-10T06:25:00Z,node_1021,77.4,54.3,6747.0,1774415.0,732430.0
2026-10-10T06:30:00Z,node_1020,76.2,12.3,12646.0,5361534.0,4867072.0
2026-10-10T06:35:00Z,node_1042,87.7,64.7,12779.0,4717050.0,4306285.0
2026-10-10T06:40:00Z,node_1019,73.4,26.9,3315.0,8603598.0,5160039.0
2026-10-10T06:45:00Z,node_1007,75.1,85.1,6827.0,585414.0,7107360.0
2026-10-10T06:50:00Z,node_1001,98.0,29.7,998.0,9092602.0,6544108.0
2026-10-10T06:55:00Z,node_1043,47.1,72.3,5759.0,3957385.0,4797735.0
2026-10-10T07:00:00Z,node_1003,39.2,21.6,13606.0,7928225.0,2770182.0
2026-10-10T07:05:00Z,node_1050,29.1,64.5,5281.0,5167184.0,7177372.0
2026-10-10T07:10:00Z,node_1022,32.5,70.5,8603.0,727886.0,8469299.0
2026-10-10T07:15:00Z,node_1011,55.9,82.6,10083.0,418577.0,8265122.0
2026-10-10T07:20:00Z,node_1012,49.9,50.4,8057.0,3325159.0,3187051.0
2026-10-10T07:25:00Z,node_1016,27.6,90.9,4761.0,2286782.0,5923642.0
2026-10-10T07:30:00Z,node_1033,40.9,70.7,8911.0,8430217.0,3742125.0
2026-10-10T07:35:00Z,node_1011,49.7,45.6,3647.0,8131520.0,6374342.0
2026-10-10T07:40:00Z,node_1001,34.7,24.9,5038.0,8977217.0,9298911.0
2026-10-10T07:45:00Z,node_1033,98.2,22.2,4481.0,9712972.0,1927070.0
2026-10-10T07:50:00Z,node_1001,73.2,61.6,14502.0,8846891.0,508623.0
2026-10-10T07:55:00Z,node_1040,62.3,19.3,3242.0,6980776.0,7741613.0
2026-10-10T08:00:00Z,node_1043,35.7,58.5,9274.0,5151392.0,7173100.0
2026-10-10T08:05:00Z,node_1031,30.1,31.0,1130.0,4875358.0,2761019.0
2026-10-10T08:10:00Z,node_1005,50.8,78.3,5249.0,1216430.0,8602406.0
2026-10-10T08:15:00Z,node_1027,32.6,24.9,13569.0,6523250.0,5780589.0
2026-10-10T08:20:00Z,node_1004,92.0,10.5,11206.0,9775200.0,1106258.0
2026-10-10T08:25:00Z,node_1002,89.7,42.4,4682.0,1247940.0,3729548.0
2026-10-10T08:30:00Z,node_1024,22.4,79.4,6651.0,9917489.0,4750068.0
2026-10-10T08:35:00Z,node_1038,28.9,36.9,6170.0,1262168.0,2906440.0
2026-10-10T08:40:00Z,node_1001,93.7,50.5,532.0,968469.0,3705114.0
2026-10-10T08:45:00Z,node_1035,53.3,20.7,7798.0,732664.0,9421623.0
2026-10-10T08:50:00Z,node_1043,52.8,73.2,10429.0,3608103.0,6162345.0
2026-10-10T08:55:00Z,node_1024,89.9,23.9,9879.0,9332271.0,5715782.0
2026-10-10T09:00:00Z,node_1042,52.3,76.9,10337.0,4123843.0,3994784.0
2026-10-10T09:05:00Z,node_1047,48.6,31.4,4865.0,9031914.0,2476634.0
2026-10-10T09:10:00Z,node_1032,16.6,11.7,9090.0,4983327.0,6586800.0
2026-10-10T09:15:00Z,node_1021,59.4,91.6,746.0,3393131.0,3904460.0
2026-10-10T09:20:00Z,node_1049,57.2,49.7,14551.0,5686124.0,434178.0
2026-10-10T09:25:00Z,node_1009,16.8,41.3,7978.0,3786151.0,6147918.0
2026-10-10T09:30:00Z,node_1008,38.1,68.1,10385.0,2324820.0,188447.0
2026-10-10T09:35:00Z,node_1037,9.9,38.4,3799.0,6568627.0,2563748.0
2026-10-10T09:40:00Z,node_1015,45.7,66.6,10223.0,7598118.0,7278647.0
2026-10-10T09:45:00Z,node_1006,40.8,12.8,5175.0,1965532.0,1097768.0
2026-10-10T09:50:00Z,node_1031,70.8,56.2,14243.0,1221815.0,8032838.0
2026-10-10T09:55:00Z,node_1038,14.6,62.1,8446.0,8175788.0,4031736.0
2026-10-10T10:00:00Z,node_1001,94.8,90.6,10524.0,1105797.0,3781362.0
2026-10-10T10:05:00Z,node_1047,74.7,80.9,5022.0,6613857.0,7738781.0
2026-10-10T10:10:00Z,node_1012,64.8,61.9,5207.0,5557681.0,717487.0
2026-10-10T10:15:00Z,node_1001,82.3,47.1,2019.0,9180172.0,1927092.0
2026-10-10T10:20:00Z,node_1002,95.5,56.5,3150.0,5096686.0,7770588.0
2026-10-10T10:25:00Z,node_1045,17.1,10.5,9357.0,4542564.0,5210540.0
2026-10-10T10:30:00Z,node_1028,30.9,11.1,12896.0,3604197.0,1239087.0
2026-10-10T10:35:00Z,node_1014,81.1,80.0,8507.0,7667481.0,5181919.0
2026-10-10T10:40:00Z,node_1014,23.2,14.1,1361.0,4988940.0,9043139.0
2026-10-10T10:45:00Z,node_1041,88.9,18.3,8625.0,6160608.0,6868584.0
2026-10-10T10:50:00Z,node_1030,13.4,58.8,468.0,8268656.0,1402470.0
2026-10-10T10:55:00Z,node_1047,23.2,25.2,2924.0,78137.0,4028564.0
2026-10-10T11:00:00Z,node_1041,38.7,80.2,11676.0,7628291.0,5837706.0
2026-10-10T11:05:00Z,node_1030,71.0,13.7,8225.0,4536188.0,3910682.0
2026-10-10T11:10:00Z,node_1017,85.0,24.4,5208.0,4920912.0,2972856.0
2026-10-10T11:15:00Z,node_1010,64.3,36.1,11091.0,8289993.0,5198884.0
2026-10-10T11:20:00Z,node_1040,14.2,43.9,8919.0,9497296.0,7332521.0
2026-10-10T11:25:00Z,node_1046,49.0,54.1,10043.0,5808929.0,6753665.0
2026-10-10T11:30:00Z,node_1013,90.6,56.5,14499.0,6920657.0,2562062.0
2026-10-10T11:35:00Z,node_1012,41.2,42.4,9871.0,5589222.0,1032542.0
2026-10-10T11:40:00Z,node_1009,43.0,39.7,8058.0,703142.0,68023.0
2026-10-10T11:45:00Z,node_1034,11.4,93.8,6361.0,1480838.0,5237623.0
2026-10-10T11:50:00Z,node_1041,18.6,28.6,11378.0,347395.0,6865522.0
2026-10-10T11:55:00Z,node_1035,59.6,61.0,5769.0,1417486.0,6704322.0
2026-10-10T12:00:00Z,node_1015,56.8,19.4,12782.0,6613717.0,2386423.0
2026-10-10T12:05:00Z,node_1032,39.1,88.6,13549.0,4204231.0,2202343.0
2026-10-10T12:10:00Z,node_1045,66.1,88.3,11553.0,3953816.0,7297371.0
2026-10-10T12:15:00Z,node_1041,32.4,60.5,10904.0,2805180.0,8428431.0
2026-10-10T12:20:00Z,node_1019,96.2,44.6,10367.0,9211361.0,1985156.0
2026-10-10T12:25:00Z,node_1040,29.8,64.0,14701.0,7349280.0,3481929.0
2026-10-10T12:30:00Z,node_1043,98.3,54.5,6362.0,5032845.0,8926775.0
2026-10-10T12:35:00Z,node_1038,39.0,83.1,3228.0,6685246.0,489589.0
2026-10-10T12:40:00Z,node_1043,21.1,46.7,13747.0,3113639.0,635389.0
2026-10-10T12:45:00Z,node_1026,45.2,60.5,1593.0,1926647.0,4867582.0
2026-10-10T12:50:00Z,node_1024,62.3,87.3,14261.0,3711325.0,6673157.0
2026-10-10T12:55:00Z,node_1043,20.2,24.7,7829.0,5482965.0,8212219.0
2026-10-10T13:00:00Z,node_1004,6.1,64.6,14282.0,9782406.0,5311342.0
2026-10-10T13:05:00Z,node_1005,14.5,70.1,13867.0,9406968.0,3541208.0
2026-10-10T13:10:00Z,node_1050,37.5,89.1,2845.0,9182423.0,7444146.0
2026-10-10T13:15:00Z,node_1048,92.0,26.9,9572.0,516773.0,7404331.0
2026-10-10T13:20:00Z,node_1004,72.1,51.0,10608.0,9015443.0,7013141.0
2026-10-10T13:25:00Z,node_1020,43.0,26.7,12060.0,6252944.0,4931743.0
2026-10-10T13:30:00Z,node_1050,92.6,34.2,3778.0,7067560.0,4791032.0
2026-10-10T13:35:00Z,node_1013,23.1,46.4,8241.0,9815087.0,6226381.0
2026-10-10T13:40:00Z,node_1022,97.2,35.0,6845.0,4755806.0,5356885.0
2026-10-10T13:45:00Z,node_1044,22.6,32.3,2653.0,9657412.0,5317592.0
2026-10-10T13:50:00Z,node_1041,25.2,85.9,7616.0,5158183.0,6210133.0
2026-10-10T13:55:00Z,node_1025,66.6,22.6,12143.0,5477414.0,2957290.0
2026-10-10T14:00:00Z,node_1045,70.9,88.9,13017.0,8377739.0,8322369.0
2026-10-10T14:05:00Z,node_1012,29.8,72.8,12800.0,6100666.0,4585709.0
2026-10-10T14:10:00Z,node_1004,36.9,63.4,8073.0,692256.0,9506243.0
2026-10-10T14:15:00Z,node_1037,26.7,25.8,8035.0,5516705.0,7710245.0
2026-10-10T14:20:00Z,node_1027,21.0,83.1,6211.0,4459621.0,8266917.0
2026-10-10T14:25:00Z,node_1008,78.0,77.6,3585.0,4184924.0,291872.0
2026-10-10T14:30:00Z,node_1024,5.3,73.8,10426.0,6528038.0,638757.0
2026-10-10T14:35:00Z,node_1008,42.2,86.5,9543.0,3981545.0,720864.0
2026-10-10T14:40:00Z,node_1039,87.4,16.7,833.0,9400026.0,6555040.0
2026-10-10T14:45:00Z,node_1010,46.9,53.6,14211.0,120066.0,4299721.0
2026-10-10T14:50:00Z,node_1011,55.4,11.9,11157.0,7991634.0,9538149.0
2026-10-10T14:55:00Z,node_1010,14.8,11.7,2862.0,815381.0,1506709.0
2026-10-10T15:00:00Z,node_1002,26.4,79.2,8444.0,9641268.0,2870930.0
2026-10-10T15:05:00Z,node_1033,21.1,21.1,12490.0,27456.0,5442797.0
2026-10-10T15:10:00Z,node_1027,26.6,17.4,13862.0,4844359.0,5390169.0
2026-10-10T15:15:00Z,node_1002,6.3,25.0,5903.0,4698397.0,6678010.0
2026-10-10T15:20:00Z,node_1024,11.8,94.4,12153.0,4326745.0,4542992.0
2026-10-10T15:25:00Z,node_1016,70.0,33.5,10063.0,7375060.0,9915170.0
2026-10-10T15:30:00Z,node_1029,87.2,88.1,10867.0,2771332.0,3072078.0
2026-10-10T15:35:00Z,node_1010,22.9,89.0,4620.0,7801229.0,3217579.0
2026-10-10T15:40:00Z,node_1038,22.2,92.8,1395.0,9683023.0,385461.0
2026-10-10T15:45:00Z,node_1048,88.0,63.4,12818.0,1324229.0,623925.0
2026-10-10T15:50:00Z,node_1001,44.6,14.2,1392.0,2585891.0,9643846.0
2026-10-10T15:55:00Z,node_1042,44.5,94.0,932.0,6015617.0,2900120.0
2026-10-10T16:00:00Z,node_1005,85.6,81.9,9783.0,824499.0,8718120.0
2026-10-10T16:05:00Z,node_1028,54.6,42.3,10692.0,9819963.0,1473811.0
2026-10-10T16:10:00Z,node_1005,80.2,80.3,5446.0,6667279.0,1797146.0
2026-10-10T16:15:00Z,node_1003,95.9,15.5,443.0,3036586.0,7055743.0
2026-10-10T16:20:00Z,node_1044,55.3,52.8,3649.0,1376896.0,1595779.0
2026-10-10T16:25:00Z,node_1005,42.0,90.4,8737.0,8859477.0,9630668.0
2026-10-10T16:30:00Z,node_1004,77.1,21.9,11324.0,2087401.0,7456376.0
2026-10-10T16:35:00Z,node_1003,18.8,64.1,4757.0,2608743.0,5750324.0
2026-10-10T16:40:00Z,node_1035,59.6,57.8,4152.0,3795615.0,5040240.0
2026-10-10T16:45:00Z,node_1025,84.4,86.1,8009.0,5772906.0,7800469.0
2026-10-10T16:50:00Z,node_1043,78.5,47.3,12850.0,2635081.0,3560643.0
2026-10-10T16:55:00Z,node_1034,97.0,48.2,9469.0,872857.0,1595371.0
2026-10-10T17:00:00Z,node_1048,16.0,92.0,260.0,1331720.0,7820789.0
2026-10-10T17:05:00Z,node_1018,66.0,36.6,880.0,9146267.0,7409545.0
2026-10-10T17:10:00Z,node_1049,78.1,58.4,8274.0,845376.0,8436197.0
2026-10-10T17:15:00Z,node_1025,68.4,54.9,12325.0,7454890.0,361961.0
2026-10-10T17:20:00Z,node_1025,69.8,83.4,9650.0,3170541.0,2683529.0
2026-10-10T17:25:00Z,node_1013,91.6,90.2,6321.0,5988211.0,3073752.0
2026-10-10T17:30:00Z,node_1023,50.8,46.0,3160.0,8923040.0,3265141.0
2026-10-10T17:35:00Z,node_1021,22.9,73.8,3412.0,8557103.0,4115086.0
2026-10-10T17:40:00Z,node_1026,81.9,89.7,7953.0,9342431.0,9128970.0
2026-10-10T17:45:00Z,node_1040,64.8,65.8,9263.0,1648575.0,7827014.0
2026-10-10T17:50:00Z,node_1035,12.3,59.5,9776.0,5485291.0,8798485.0
2026-10-10T17:55:00Z,node_1041,78.5,15.0,830.0,6237812.0,4869105.0
2026-10-10T18:00:00Z,node_1031,17.6,58.2,12133.0,3541190.0,8561485.0
2026-10-10T18:05:00Z,node_1014,38.9,75.3,3142.0,8469842.0,6102892.0
2026-10-10T18:10:00Z,node_1023,81.1,31.2,12893.0,9111036.0,6164490.0
2026-10-10T18:15:00Z,node_1041,62.5,70.2,728.0,6583310.0,4624983.0
2026-10-10T18:20:00Z,node_1042,5.4,80.2,2595.0,2105580.0,4688104.0
2026-10-10T18:25:00Z,node_1014,80.1,60.8,7051.0,5510136.0,9726991.0
2026-10-10T18:30:00Z,node_1016,78.9,51.4,11080.0,9503764.0,6675653.0
2026-10-10T18:35:00Z,node_1026,97.7,76.6,12703.0,2269126.0,354774.0
2026-10-10T18:40:00Z,node_1038,36.5,22.7,2644.0,7764768.0,1021359.0
2026-10-10T18:45:00Z,node_1032,77.3,73.9,765.0,7465133.0,960212.0
2026-10-10T18:50:00Z,node_1023,89.4,41.3,8089.0,4690010.0,898925.0
2026-10-10T18:55:00Z,node_1034,56.4,10.8,4475.0,475186.0,847499.0
2026-10-10T19:00:00Z,node_1025,82.0,30.3,4751.0,8462637.0,4495004.0
2026-10-10T19:05:00Z,node_1018,75.3,21.7,11954.0,9262365.0,6507739.0
2026-10-10T19:10:00Z,node_1030,75.7,15.3,13082.0,3037608.0,6408639.0
2026-10-10T19:15:00Z,node_1050,87.6,94.7,7160.0,111978.0,897437.0
2026-10-10T19:20:00Z,node_1018,43.1,88.8,6327.0,2335985.0,7393737.0
2026-10-10T19:25:00Z,node_1026,74.4,58.5,1804.0,1898618.0,1935431.0
2026-10-10T19:30:00Z,node_1049,34.3,52.2,10617.0,4903323.0,8807346.0
2026-10-10T19:35:00Z,node_1013,83.3,16.1,4777.0,1871551.0,3985543.0
2026-10-10T19:40:00Z,node_1017,80.3,48.8,5669.0,8084309.0,848059.0
2026-10-10T19:45:00Z,node_1047,49.4,28.8,14614.0,9497610.0,4133628.0
2026-10-10T19:50:00Z,node_1031,22.9,78.3,4189.0,9793217.0,9325093.0
2026-10-10T19:55:00Z,node_1008,45.8,18.0,5215.0,339193.0,8440981.0
2026-10-10T20:00:00Z,node_1024,98.9,64.0,11292.0,6363906.0,683074.0
2026-10-10T20:05:00Z,node_1002,50.5,27.8,14940.0,3920856.0,5866578.0
2026-10-10T20:10:00Z,node_1033,65.2,79.7,9429.0,3139910.0,8203647.0
2026-10-10T20:15:00Z,node_1029,93.3,90.0,14591.0,258621.0,3372703.0
2026-10-10T20:20:00Z,node_1046,25.1,29.1,3829.0,9080080.0,7685539.0
2026-10-10T20:25:00Z,node_1021,96.2,83.5,4658.0,9209704.0,5234337.0
2026-10-10T20:30:00Z,node_1018,48.8,17.3,3673.0,9602055.0,2692784.0
2026-10-10T20:35:00Z,node_1022,26.7,82.0,7856.0,4974310.0,137066.0
2026-10-10T20:40:00Z,node_1012,56.1,90.0,14716.0,9950576.0,3876270.0
2026-10-10T20:45:00Z,node_1049,42.4,66.1,13504.0,4173932.0,2909988.0
2026-10-10T20:50:00Z,node_1046,63.2,61.3,6646.0,9535429.0,9141096.0
2026-10-10T20:55:00Z,node_1035,51.1,67.4,3919.0,8583498.0,8185024.0
2026-10-10T21:00:00Z,node_1050,91.3,15.2,8193.0,9503705.0,8218904.0
2026-10-10T21:05:00Z,node_1007,34.7,69.6,1779.0,6588924.0,4742994.0
2026-10-10T21:10:00Z,node_1035,97.4,75.0,7825.0,5804820.0,1492704.0
2026-10-10T21:15:00Z,node_1016,77.3,20.1,3550.0,2375606.0,7949311.0
2026-10-10T21:20:00Z,node_1046,52.1,67.7,10909.0,1295607.0,4073758.0
2026-10-10T21:25:00Z,node_1002,43.0,25.1,7291.0,5282578.0,8282595.0
2026-10-10T21:30:00Z,node_1044,96.5,37.2,14140.0,462665.0,9975141.0
2026-10-10T21:35:00Z,node_1029,68.9,25.7,14497.0,5764055.0,6160064.0
2026-10-10T21:40:00Z,node_1049,81.3,67.6,13896.0,6604821.0,3406085.0
2026-10-10T21:45:00Z,node_1011,73.2,86.1,3124.0,4475525.0,4964855.0
2026-10-10T21:50:00Z,node_1032,36.5,56.4,4720.0,8695670.0,6805241.0
2026-10-10T21:55:00Z,node_1046,50.2,39.2,2665.0,8534859.0,3356717.0
2026-10-10T22:00:00Z,node_1036,6.9,68.3,8719.0,5038161.0,3620491.0
2026-10-10T22:05:00Z,node_1017,15.5,62.3,7431.0,8293306.0,5343777.0
2026-10-10T22:10:00Z,node_1013,50.1,89.3,11209.0,2700040.0,1643010.0
2026-10-10T22:15:00Z,node_1028,22.9,11.0,4207.0,7070306.0,9037162.0
2026-10-10T22:20:00Z,node_1040,21.5,27.3,8446.0,7532050.0,4275395.0
2026-10-10T22:25:00Z,node_1006,11.8,86.0,12046.0,564479.0,8832368.0
2026-10-10T22:30:00Z,node_1025,26.3,46.5,9847.0,3529433.0,7825496.0
2026-10-10T22:35:00Z,node_1019,57.7,62.0,12692.0,3730222.0,9128076.0
2026-10-10T22:40:00Z,node_1002,94.9,72.2,14637.0,512229.0,4768941.0
2026-10-10T22:45:00Z,node_1041,97.8,65.7,12782.0,7625529.0,8750659.0
2026-10-10T22:50:00Z,node_1014,62.9,75.5,12100.0,6085970.0,649778.0
2026-10-10T22:55:00Z,node_1036,46.0,54.0,11545.0,9851576.0,939140.0
2026-10-10T23:00:00Z,node_1022,89.4,27.1,6536.0,6919222.0,4060090.0
2026-10-10T23:05:00Z,node_1008,51.1,17.8,2171.0,8713451.0,8553189.0
2026-10-10T23:10:00Z,node_1042,79.4,35.7,352.0,3631632.0,8268727.0
2026-10-10T23:15:00Z,node_1035,93.5,94.4,11947.0,1054787.0,5084783.0
2026-10-10T23:20:00Z,node_1024,7.8,67.4,11530.0,5416217.0,2323565.0
2026-10-10T23:25:00Z,node_1031,72.1,26.0,2277.0,9399764.0,8065360.0
2026-10-10T23:30:00Z,node_1011,74.7,41.2,9282.0,4680688.0,7995799.0
2026-10-10T23:35:00Z,node_1032,18.2,51.8,8891.0,9157612.0,2093332.0
2026-10-10T23:40:00Z,node_1050,10.7,13.3,5586.0,5853625.0,2724323.0
2026-10-10T23:45:00Z,node_1038,10.9,78.5,2375.0,6669750.0,8486845.0
2026-10-10T23:50:00Z,node_1025,17.6,91.7,2372.0,9345757.0,8094167.0
2026-10-10T23:55:00Z,node_1033,42.7,27.7,5704.0,9221864.0,7456388.0
2026-10-11T00:00:00Z,node_1038,48.1,53.0,1430.0,1642444.0,5089340.0
2026-10-11T00:05:00Z,node_1020,41.8,91.6,239.0,1001630.0,7661247.0
2026-10-11T00:10:00Z,node_1010,43.7,85.1,11367.0,4075718.0,2093746.0
2026-10-11T00:15:00Z,node_1048,14.0,43.9,10195.0,5418719.0,5361532.0
2026-10-11T00:20:00Z,node_1002,54.4,18.0,9763.0,4622378.0,3979589.0
2026-10-11T00:25:00Z,node_1018,26.4,36.0,12999.0,7593410.0,5151502.0
2026-10-11T00:30:00Z,node_1032,59.7,27.2,13130.0,8022489.0,4413852.0
2026-10-11T00:35:00Z,node_1033,67.6,10.6,10916.0,5280474.0,5866452.0
2026-10-11T00:40:00Z,node_1002,34.4,94.5,3175.0,9404570.0,6288835.0
2026-10-11T00:45:00Z,node_1047,61.3,73.1,11031.0,3149829.0,9130993.0
2026-10-11T00:50:00Z,node_1018,41.6,13.0,2955.0,2424934.0,4030916.0
2026-10-11T00:55:00Z,node_1028,81.7,54.8,12435.0,5872244.0,1058560.0
2026-10-11T01:00:00Z,node_1018,93.9,50.3,186.0,7531961.0,4694925.0
2026-10-11T01:05:00Z,node_1014,23.4,32.2,6031.0,910087.0,9368736.0
2026-10-11T01:10:00Z,node_1047,10.1,49.9,8145.0,7211395.0,5431154.0
2026-10-11T01:15:00Z,node_1020,89.5,71.5,4032.0,3265357.0,9746123.0
2026-10-11T01:20:00Z,node_1001,47.0,88.3,7901.0,8474843.0,425797.0
2026-10-11T01:25:00Z,node_1010,6.2,41.5,11201.0,8496203.0,5526753.0
2026-10-11T01:30:00Z,node_1007,20.3,21.6,13586.0,964971.0,6257769.0
2026-10-11T01:35:00Z,node_1024,92.6,42.1,3092.0,6006634.0,5011794.0
2026-10-11T01:40:00Z,node_1035,65.9,53.6,11436.0,6104798.0,47889.0
2026-10-11T01:45:00Z,node_1033,10.2,18.6,13553.0,8956129.0,8561858.0
2026-10-11T01:50:00Z,node_1048,76.4,89.0,14642.0,4286448.0,7467481.0
2026-10-11T01:55:00Z,node_1023,14.9,17.4,11029.0,5257648.0,6232627.0
2026-10-11T02:00:00Z,node_1040,27.5,12.4,7303.0,724115.0,1103026.0
2026-10-11T02:05:00Z,node_1008,22.1,72.5,14322.0,2463551.0,2851437.0
2026-10-11T02:10:00Z,node_1045,28.0,93.7,2478.0,4437228.0,690244.0
2026-10-11T02:15:00Z,node_1013,63.0,25.3,8790.0,5951592.0,182105.0
2026-10-11T02:20:00Z,node_1047,62.2,64.5,10087.0,1209531.0,9208206.0
2026-10-11T02:25:00Z,node_1017,23.2,43.6,12982.0,220450.0,5506711.0
2026-10-11T02:30:00Z,node_1010,41.2,27.8,5044.0,9863450.0,7109311.0
2026-10-11T02:35:00Z,node_1009,90.1,33.9,5480.0,5773134.0,344345.0
2026-10-11T02:40:00Z,node_1030,79.2,33.6,5908.0,5003426.0,4015041.0
2026-10-11T02:45:00Z,node_1002,66.4,61.0,9770.0,9182774.0,7707897.0
2026-10-11T02:50:00Z,node_1047,71.0,52.8,542.0,7079454.0,4754462.0
2026-10-11T02:55:00Z,node_1012,62.9,25.2,5821.0,6976100.0,9257042.0
2026-10-11T03:00:00Z,node_1027,30.9,23.0,10066.0,3651123.0,6749577.0
2026-10-11T03:05:00Z,node_1024,65.7,46.6,8221.0,4642594.0,7310909.0
2026-10-11T03:10:00Z,node_1028,93.0,45.0,6722.0,3280060.0,3590630.0
2026-10-11T03:15:00Z,node_1003,94.8,92.1,12992.0,1810009.0,4518590.0
2026-10-11T03:20:00Z,node_1050,12.4,59.1,1023.0,4075673.0,7955270.0
2026-10-11T03:25:00Z,node_1025,41.3,81.3,14351.0,3396757.0,5931906.0
2026-10-11T03:30:00Z,node_1042,47.9,26.0,8223.0,7137647.0,5839867.0
2026-10-11T03:35:00Z,node_1022,44.2,89.8,10725.0,2999836.0,2411113.0
2026-10-11T03:40:00Z,node_1018,22.6,54.4,7526.0,9065220.0,4396733.0
2026-10-11T03:45:00Z,node_1007,44.1,80.3,12827.0,7100282.0,1422291.0
2026-10-11T03:50:00Z,node_1044,23.0,18.3,13147.0,10276.0,1445785.0
2026-10-11T03:55:00Z,node_1007,34.3,22.0,8859.0,2548128.0,5688226.0
2026-10-11T04:00:00Z,node_1045,24.5,65.2,2182.0,4723723.0,688582.0
2026-10-11T04:05:00Z,node_1012,69.5,84.5,14813.0,6213272.0,6572907.0
2026-10-11T04:10:00Z,node_1042,78.9,85.7,11706.0,5334345.0,237300.0
2026-10-11T04:15:00Z,node_1042,89.5,27.5,2771.0,8909440.0,4362378.0
2026-10-11T04:20:00Z,node_1038,25.5,72.3,8915.0,799861.0,6427736.0
2026-10-11T04:25:00Z,node_1039,13.5,82.7,11325.0,5747237.0,8264751.0
2026-10-11T04:30:00Z,node_1035,52.5,78.6,1167.0,863840.0,7658052.0
2026-10-11T04:35:00Z,node_1017,96.7,65.6,3081.0,874090.0,6472773.0
2026-10-11T04:40:00Z,node_1002,13.5,19.8,11865.0,8704076.0,6185385.0
2026-10-11T04:45:00Z,node_1031,16.5,36.8,9586.0,640669.0,9476476.0
2026-10-11T04:50:00Z,node_1025,91.7,35.8,6998.0,6552043.0,3328386.0
2026-10-11T04:55:00Z,node_1008,91.5,52.0,11129.0,6467333.0,8296166.0
2026-10-11T05:00:00Z,node_1045,96.4,57.3,8010.0,5942742.0,5324475.0
2026-10-11T05:05:00Z,node_1046,86.6,23.4,13340.0,1886893.0,9194288.0
2026-10-11T05:10:00Z,node_1004,76.3,71.0,1763.0,6135755.0,3559122.0
2026-10-11T05:15:00Z,node_1015,66.6,27.9,2024.0,4858855.0,7127497.0
2026-10-11T05:20:00Z,node_1011,42.6,39.3,12612.0,9336213.0,810276.0
2026-10-11T05:25:00Z,node_1015,55.6,31.2,12646.0,2290387.0,4844921.0
2026-10-11T05:30:00Z,node_1031,76.8,75.6,10532.0,2095310.0,7996445.0
2026-10-11T05:35:00Z,node_1038,41.4,45.2,13239.0,4007750.0,2986248.0
2026-10-11T05:40:00Z,node_1019,24.9,63.5,14206.0,1020619.0,9483776.0
2026-10-11T05:45:00Z,node_1017,68.9,36.0,9660.0,1864948.0,7773090.0
2026-10-11T05:50:00Z,node_1001,82.0,63.8,12600.0,7943653.0,8618093.0
2026-10-11T05:55:00Z,node_1029,83.6,35.4,362.0,5747865.0,3721018.0
2026-10-11T06:00:00Z,node_1026,5.9,68.7,884.0,467136.0,432333.0
2026-10-11T06:05:00Z,node_1023,23.0,72.5,10247.0,3348511.0,1041324.0
2026-10-11T06:10:00Z,node_1010,36.6,74.3,797.0,8130468.0,7372443.0
2026-10-11T06:15:00Z,node_1041,90.9,28.5,9532.0,835958.0,5712905.0
2026-10-11T06:20:00Z,node_1004,28.8,48.7,13405.0,7525448.0,4258152.0
2026-10-11T06:25:00Z,node_1039,98.7,63.1,13341.0,656537.0,5426499.0
2026-10-11T06:30:00Z,node_1026,62.3,87.8,5140.0,3822099.0,1785875.0
2026-10-11T06:35:00Z,node_1018,54.7,54.1,8538.0,3555145.0,7593965.0
2026-10-11T06:40:00Z,node_1032,83.7,11.1,12791.0,4577077.0,402226.0
2026-10-11T06:45:00Z,node_1019,64.5,54.6,5359.0,2607895.0,2245650.0
2026-10-11T06:50:00Z,node_1047,6.9,59.7,5342.0,6392460.0,7781207.0
2026-10-11T06:55:00Z,node_1043,87.9,16.3,128.0,6094405.0,4468982.0
2026-10-11T07:00:00Z,node_1049,43.6,46.1,8072.0,995740.0,4160364.0
2026-10-11T07:05:00Z,node_1032,11.5,60.2,3018.0,7095294.0,4682165.0
2026-10-11T07:10:00Z,node_1020,66.6,52.7,359.0,9459773.0,7728477.0
2026-10-11T07:15:00Z,node_1001,51.0,84.6,4378.0,9205314.0,4784629.0
2026-10-11T07:20:00Z,node_1046,31.7,29.1,12478.0,1855496.0,5964899.0
2026-10-11T07:25:00Z,node_1017,43.2,92.0,3282.0,9012664.0,6628545.0
2026-10-11T07:30:00Z,node_1025,56.0,12.8,343.0,8258471.0,7665250.0
2026-10-11T07:35:00Z,node_1026,15.6,79.7,6150.0,5234925.0,9197763.0
2026-10-11T07:40:00Z,node_1024,48.2,18.1,3095.0,6215506.0,458919.0
2026-10-11T07:45:00Z,node_1010,93.9,17.6,972.0,7632706.0,6584445.0
2026-10-11T07:50:00Z,node_1003,68.3,82.3,13994.0,1747094.0,5494249.0
2026-10-11T07:55:00Z,node_1031,66.3,19.4,3122.0,2748547.0,9244794.0
2026-10-11T08:00:00Z,node_1009,52.1,54.1,1513.0,6183395.0,3040758.0
2026-10-11T08:05:00Z,node_1028,80.0,16.6,13710.0,6771863.0,2410891.0
2026-10-11T08:10:00Z,node_1007,65.1,92.5,10720.0,8155486.0,5927657.0
2026-10-11T08:15:00Z,node_1018,8.3,33.2,6146.0,4557048.0,3073963.0
2026-10-11T08:20:00Z,node_1032,49.8,76.9,7530.0,7874071.0,2673720.0
2026-10-11T08:25:00Z,node_1021,33.0,29.8,4958.0,3600924.0,2237293.0
2026-10-11T08:30:00Z,node_1008,38.1,80.6,2247.0,6437116.0,9044185.0
2026-10-11T08:35:00Z,node_1047,7.5,41.7,5591.0,2362401.0,8675070.0
2026-10-11T08:40:00Z,node_1014,11.9,38.3,2409.0,9217731.0,3172141.0
2026-10-11T08:45:00Z,node_1040,74.2,17.0,4994.0,3740665.0,9102859.0
2026-10-11T08:50:00Z,node_1021,87.7,80.8,5456.0,4377407.0,3716280.0
2026-10-11T08:55:00Z,node_1034,14.8,85.1,3788.0,8122927.0,818023.0
2026-10-11T09:00:00Z,node_1042,22.2,17.0,8045.0,3210508.0,9693961.0
2026-10-11T09:05:00Z,node_1040,87.5,35.9,13090.0,1854899.0,2009198.0
2026-10-11T09:10:00Z,node_1022,9.1,11.6,4363.0,2017895.0,9536555.0
2026-10-11T09:15:00Z,node_1050,89.5,40.5,3718.0,8928925.0,7271590.0
2026-10-11T09:20:00Z,node_1011,29.4,47.8,9318.0,5265543.0,8301715.0
2026-10-11T09:25:00Z,node_1040,64.6,77.2,13987.0,9153149.0,4367922.0
2026-10-11T09:30:00Z,node_1024,81.8,80.8,6032.0,1545069.0,7808680.0
2026-10-11T09:35:00Z,node_1025,17.7,54.0,8480.0,7997174.0,8221982.0
2026-10-11T09:40:00Z,node_1038,71.0,68.1,4840.0,8305518.0,484662.0
2026-10-11T09:45:00Z,node_1044,86.4,51.4,12183.0,4935835.0,2007067.0
2026-10-11T09:50:00Z,node_1004,65.3,18.4,9413.0,4451469.0,6333809.0
2026-10-11T09:55:00Z,node_1047,21.9,45.0,12248.0,9251568.0,1928294.0
2026-10-11T10:00:00Z,node_1030,47.7,16.3,10124.0,6982557.0,7067339.0
2026-10-11T10:05:00Z,node_1021,55.4,40.7,6768.0,9347742.0,5268503.0
2026-10-11T10:10:00Z,node_1033,60.9,82.1,9844.0,28110.0,7240277.0
2026-10-11T10:15:00Z,node_1004,87.2,80.8,6537.0,5280944.0,8341431.0
2026-10-11T10:20:00Z,node_1023,51.4,80.0,7812.0,3662389.0,2380591.0
2026-10-11T10:25:00Z,node_1017,11.3,87.9,4897.0,3237029.0,473459.0
2026-10-11T10:30:00Z,node_1049,75.8,88.3,962.0,3976610.0,18951.0
2026-10-11T10:35:00Z,node_1048,24.7,63.7,5325.0,1240521.0,4551267.0
2026-10-11T10:40:00Z,node_1017,84.4,91.5,12686.0,8374711.0,6999837.0
2026-10-11T10:45:00Z,node_1026,41.3,54.2,4334.0,2219454.0,4149325.0
2026-10-11T10:50:00Z,node_1034,70.2,58.4,5253.0,4036444.0,2709588.0
2026-10-11T10:55:00Z,node_1022,61.1,30.2,14455.0,9002145.0,7209207.0
2026-10-11T11:00:00Z,node_1003,75.7,16.4,4866.0,1472652.0,2920789.0
2026-10-11T11:05:00Z,node_1049,42.2,42.1,10022.0,1542601.0,9820768.0
2026-10-11T11:10:00Z,node_1032,22.4,83.1,1947.0,743926.0,9522849.0
2026-10-11T11:15:00Z,node_1045,26.2,19.5,1467.0,9016890.0,8210119.0
2026-10-11T11:20:00Z,node_1035,91.6,32.2,2747.0,1682858.0,9119791.0
2026-10-11T11:25:00Z,node_1048,16.2,17.8,11973.0,5785919.0,9457922.0
2026-10-11T11:30:00Z,node_1045,6.5,60.3,7055.0,4468365.0,5067011.0
2026-10-11T11:35:00Z,node_1044,15.5,47.5,3823.0,4414771.0,135776.0
2026-10-11T11:40:00Z,node_1003,47.5,82.4,7536.0,9808600.0,4094114.0
2026-10-11T11:45:00Z,node_1008,94.1,39.2,7351.0,4758904.0,1685757.0
2026-10-11T11:50:00Z,node_1020,57.4,14.7,1603.0,7891531.0,654776.0
2026-10-11T11:55:00Z,node_1013,98.3,84.5,9966.0,9207762.0,4848196.0
2026-10-11T12:00:00Z,node_1033,62.0,72.4,454.0,8223394.0,275359.0
2026-10-11T12:05:00Z,node_1049,58.0,64.8,5050.0,4901617.0,3650390.0
2026-10-11T12:10:00Z,node_1014,15.8,18.5,7399.0,4590179.0,1581904.0
2026-10-11T12:15:00Z,node_1005,47.1,21.0,7520.0,2944918.0,3482026.0
2026-10-11T12:20:00Z,node_1009,35.1,13.2,11109.0,8557811.0,8036443.0
2026-10-11T12:25:00Z,node_1016,97.5,33.8,574.0,3644027.0,2877563.0
2026-10-11T12:30:00Z,node_1038,16.7,48.9,544.0,9963319.0,3061630.0
2026-10-11T12:35:00Z,node_1023,50.8,20.6,2349.0,3792204.0,7284268.0
2026-10-11T12:40:00Z,node_1029,82.4,77.3,7018.0,5088670.0,7228575.0
2026-10-11T12:45:00Z,node_1047,55.3,11.3,14704.0,7422949.0,1548829.0
2026-10-11T12:50:00Z,node_1027,74.4,17.4,1711.0,540515.0,4648237.0
2026-10-11T12:55:00Z,node_1010,50.2,55.6,9889.0,885430.0,3337411.0
2026-10-11T13:00:00Z,node_1038,83.7,34.8,7697.0,3508384.0,9746580.0
2026-10-11T13:05:00Z,node_1032,39.5,84.7,4702.0,3603451.0,5776907.0
2026-10-11T13:10:00Z,node_1015,29.3,59.1,9865.0,4836628.0,9582265.0
2026-10-11T13:15:00Z,node_1032,65.3,20.9,10470.0,3557930.0,9976136.0
2026-10-11T13:20:00Z,node_1028,38.9,93.2,4093.0,1917383.0,4751756.0
2026-10-11T13:25:00Z,node_1009,23.2,82.3,4078.0,7665351.0,5111863.0
2026-10-11T13:30:00Z,node_1048,84.6,15.6,1906.0,9220199.0,6526574.0
2026-10-11T13:35:00Z,node_1011,94.3,32.0,11231.0,338448.0,6831455.0
2026-10-11T13:40:00Z,node_1027,60.7,74.3,4190.0,5530288.0,5111002.0
2026-10-11T13:45:00Z,node_1007,79.9,65.8,870.0,9793957.0,6271047.0
2026-10-11T13:50:00Z,node_1007,51.3,77.6,13609.0,395362.0,5619609.0
2026-10-11T13:55:00Z,node_1047,97.6,26.9,9908.0,2623725.0,1468891.0
2026-10-11T14:00:00Z,node_1050,61.7,85.0,14229.0,703562.0,946267.0
2026-10-11T14:05:00Z,node_1036,88.4,24.0,14798.0,2363545.0,2134608.0
2026-10-11T14:10:00Z,node_1027,83.2,60.3,11601.0,4257851.0,7666434.0
2026-10-11T14:15:00Z,node_1046,69.3,55.6,11246.0,7906884.0,9174182.0
2026-10-11T14:20:00Z,node_1014,88.7,56.2,4480.0,1729117.0,3825999.0
2026-10-11T14:25:00Z,node_1047,13.4,17.1,11650.0,9489402.0,2573977.0
2026-10-11T14:30:00Z,node_1025,48.0,36.6,14014.0,5786530.0,3560488.0
2026-10-11T14:35:00Z,node_1039,89.2,67.8,14484.0,287716.0,9211737.0
2026-10-11T14:40:00Z,node_1025,63.4,77.1,1417.0,846184.0,771179.0
2026-10-11T14:45:00Z,node_1048,13.7,86.6,12074.0,6120898.0,6860016.0
2026-10-11T14:50:00Z,node_1043,62.0,54.5,7089.0,7872711.0,2115051.0
2026-10-11T14:55:00Z,node_1032,76.6,94.0,9923.0,4569412.0,3111332.0
2026-10-11T15:00:00Z,node_1001,25.8,80.3,5586.0,7647636.0,9077273.0
2026-10-11T15:05:00Z,node_1009,10.7,20.6,5539.0,292462.0,9571819.0
2026-10-11T15:10:00Z,node_1018,71.4,34.9,6808.0,558236.0,9299338.0
2026-10-11T15:15:00Z,node_1045,90.4,45.3,867.0,7867481.0,831405.0
2026-10-11T15:20:00Z,node_1001,44.5,25.2,4564.0,2553576.0,206602.0
2026-10-11T15:25:00Z,node_1014,20.4,33.8,14925.0,4185423.0,1511639.0
2026-10-11T15:30:00Z,node_1035,12.8,44.7,875.0,307731.0,963032.0
2026-10-11T15:35:00Z,node_1018,78.7,63.6,2036.0,3488059.0,4158245.0
2026-10-11T15:40:00Z,node_1028,32.0,77.9,7594.0,7969738.0,6145079.0
2026-10-11T15:45:00Z,node_1030,28.3,41.3,13448.0,6002195.0,8166245.0
2026-10-11T15:50:00Z,node_1035,13.9,46.8,4179.0,7132771.0,1300716.0
2026-10-11T15:55:00Z,node_1001,80.7,83.4,14088.0,9281434.0,4314606.0
2026-10-11T16:00:00Z,node_1046,53.5,15.6,7821.0,5121518.0,1704964.0
2026-10-11T16:05:00Z,node_1041,27.9,76.1,14686.0,7270987.0,4041454.0
2026-10-11T16:10:00Z,node_1021,71.8,70.1,4973.0,71278.0,4025505.0
2026-10-11T16:15:00Z,node_1039,67.2,29.6,4578.0,120286.0,8194735.0
2026-10-11T16:20:00Z,node_1049,27.1,59.1,1982.0,1407133.0,8133959.0
2026-10-11T16:25:00Z,node_1043,40.5,14.0,13597.0,7251502.0,8622129.0
2026-10-11T16:30:00Z,node_1007,36.9,75.2,780.0,9473559.0,9068157.0
2026-10-11T16:35:00Z,node_1038,25.0,62.2,3096.0,2112567.0,4669048.0
2026-10-11T16:40:00Z,node_1050,48.4,26.1,11869.0,9036102.0,2229065.0
2026-10-11T16:45:00Z,node_1036,95.3,36.1,6945.0,7551794.0,6755968.0
2026-10-11T16:50:00Z,node_1029,57.4,19.9,11272.0,2911803.0,7219320.0
2026-10-11T16:55:00Z,node_1033,78.5,35.5,5087.0,5225065.0,1810548.0
2026-10-11T17:00:00Z,node_1033,11.7,70.7,2343.0,7373287.0,6950781.0
2026-10-11T17:05:00Z,node_1036,50.7,30.6,12121.0,8524838.0,7950450.0
2026-10-11T17:10:00Z,node_1016,22.3,31.1,12217.0,2965965.0,8335125.0
2026-10-11T17:15:00Z,node_1018,38.5,46.0,9431.0,5095809.0,8486511.0
2026-10-11T17:20:00Z,node_1046,86.0,87.8,775.0,8342046.0,9766121.0
2026-10-11T17:25:00Z,node_1009,83.2,25.9,5292.0,4084462.0,2310261.0
2026-10-11T17:30:00Z,node_1001,70.9,66.9,6481.0,5937671.0,1348623.0
2026-10-11T17:35:00Z,node_1016,5.9,15.6,6673.0,1537929.0,810209.0
2026-10-11T17:40:00Z,node_1031,30.9,80.0,1764.0,8000847.0,4001479.0
2026-10-11T17:45:00Z,node_1024,7.0,34.7,2933.0,465064.0,9356484.0
2026-10-11T17:50:00Z,node_1044,55.2,41.1,3294.0,1838583.0,3818700.0
2026-10-11T17:55:00Z,node_1031,81.6,22.1,4448.0,9376359.0,4981571.0
2026-10-11T18:00:00Z,node_1011,87.8,19.4,6612.0,8342708.0,1499310.0
2026-10-11T18:05:00Z,node_1019,44.3,69.6,8838.0,5438651.0,2105143.0
2026-10-11T18:10:00Z,node_1047,47.7,74.6,8708.0,8382790.0,5125131.0
2026-10-11T18:15:00Z,node_1047,58.2,48.5,3290.0,1369749.0,2380869.0
2026-10-11T18:20:00Z,node_1003,83.9,79.9,3186.0,2383512.0,9091356.0
2026-10-11T18:25:00Z,node_1040,25.9,31.0,7798.0,9290900.0,1346286.0
2026-10-11T18:30:00Z,node_1046,72.8,45.6,14130.0,8127232.0,9787180.0
2026-10-11T18:35:00Z,node_1015,5.8,41.0,429.0,2467176.0,9799539.0
2026-10-11T18:40:00Z,node_1038,18.1,61.4,2715.0,2313267.0,3999494.0
2026-10-11T18:45:00Z,node_1011,89.1,76.5,5154.0,5915299.0,5207456.0
2026-10-11T18:50:00Z,node_1027,53.5,40.1,6375.0,192945.0,7963020.0
2026-10-11T18:55:00Z,node_1001,25.5,10.1,11022.0,2707535.0,1238665.0
2026-10-11T19:00:00Z,node_1009,84.4,37.9,11494.0,2440388.0,7729295.0
2026-10-11T19:05:00Z,node_1014,34.0,78.9,8302.0,1188390.0,4345981.0
2026-10-11T19:10:00Z,node_1002,37.2,27.7,915.0,6019563.0,5690640.0
2026-10-11T19:15:00Z,node_1002,41.7,26.6,1833.0,8883788.0,2266872.0
2026-10-11T19:20:00Z,node_1002,73.9,37.3,8064.0,2300149.0,7425033.0
2026-10-11T19:25:00Z,node_1034,38.4,54.1,3352.0,8978685.0,8913546.0
2026-10-11T19:30:00Z,node_1011,56.7,60.5,12393.0,4127255.0,5229378.0
2026-10-11T19:35:00Z,node_1044,67.2,84.5,11499.0,3539634.0,1268293.0
2026-10-11T19:40:00Z,node_1049,14.8,34.6,5292.0,2169903.0,7184669.0
2026-10-11T19:45:00Z,node_1017,58.7,31.3,6168.0,7632679.0,3806491.0
2026-10-11T19:50:00Z,node_1005,90.3,27.2,5606.0,7324268.0,8770706.0
2026-10-11T19:55:00Z,node_1022,66.2,32.4,2956.0,139882.0,1524112.0
2026-10-11T20:00:00Z,node_1042,15.4,11.2,8120.0,2264323.0,821778.0
2026-10-11T20:05:00Z,node_1007,69.3,42.9,6236.0,3409220.0,9532151.0
2026-10-11T20:10:00Z,node_1036,21.5,24.4,3195.0,9520402.0,8282260.0
2026-10-11T20:15:00Z,node_1031,82.3,44.1,14808.0,5594574.0,6880598.0
2026-10-11T20:20:00Z,node_1012,12.5,28.8,4331.0,288463.0,7055325.0
2026-10-11T20:25:00Z,node_1024,57.3,17.0,9163.0,2248865.0,4649122.0
2026-10-11T20:30:00Z,node_1002,74.2,56.4,12562.0,5236736.0,1499028.0
2026-10-11T20:35:00Z,node_1045,83.6,13.5,11383.0,8664317.0,4873277.0
2026-10-11T20:40:00Z,node_1011,92.6,85.6,8335.0,2037167.0,4286671.0
2026-10-11T20:45:00Z,node_1032,22.5,35.5,12858.0,836576.0,8753388.0
2026-10-11T20:50:00Z,node_1028,37.0,90.4,9926.0,4341355.0,9739987.0
2026-10-11T20:55:00Z,node_1022,41.9,12.0,11323.0,4102123.0,4476477.0
2026-10-11T21:00:00Z,node_1006,9.0,68.5,8290.0,4120931.0,9511984.0
2026-10-11T21:05:00Z,node_1025,93.8,45.4,6097.0,5971905.0,734460.0
2026-10-11T21:10:00Z,node_1017,9.4,65.4,2952.0,1146587.0,7163619.0
2026-10-11T21:15:00Z,node_1015,12.4,60.6,14617.0,7958886.0,2290789.0
2026-10-11T21:20:00Z,node_1045,22.3,23.4,1275.0,69188.0,8205478.0
2026-10-11T21:25:00Z,node_1011,71.3,71.2,6853.0,5940712.0,7466178.0
2026-10-11T21:30:00Z,node_1009,53.4,22.7,12789.0,9563124.0,7667537.0
2026-10-11T21:35:00Z,node_1039,42.7,15.7,7031.0,7993312.0,6300860.0
2026-10-11T21:40:00Z,node_1034,90.9,39.2,14513.0,1784680.0,961159.0
2026-10-11T21:45:00Z,node_1050,91.3,44.5,9883.0,8366147.0,5872267.0
2026-10-11T21:50:00Z,node_1024,47.7,93.3,11801.0,759486.0,6306146.0
2026-10-11T21:55:00Z,node_1034,76.4,89.4,6889.0,2441410.0,1956839.0
2026-10-11T22:00:00Z,node_1002,80.9,70.1,10187.0,1578041.0,8698232.0
2026-10-11T22:05:00Z,node_1004,7.2,78.7,4194.0,2850749.0,8050349.0
2026-10-11T22:10:00Z,node_1028,69.3,83.5,8861.0,7778995.0,3796812.0
2026-10-11T22:15:00Z,node_1039,12.8,44.7,6880.0,760681.0,6308007.0
2026-10-11T22:20:00Z,node_1022,96.2,51.2,14495.0,3240121.0,5927147.0
2026-10-11T22:25:00Z,node_1041,52.4,62.5,4623.0,3304492.0,9243024.0
2026-10-11T22:30:00Z,node_1010,48.2,37.0,13027.0,7219071.0,751111.0
2026-10-11T22:35:00Z,node_1014,7.4,34.5,11607.0,8361942.0,3667873.0
2026-10-11T22:40:00Z,node_1046,54.8,50.8,3518.0,4826718.0,1641904.0
2026-10-11T22:45:00Z,node_1039,43.9,54.3,4893.0,6375802.0,5310092.0
2026-10-11T22:50:00Z,node_1031,38.0,78.0,2206.0,1710043.0,9128718.0
2026-10-11T22:55:00Z,node_1015,53.9,73.8,3831.0,2626725.0,7483298.0
2026-10-11T23:00:00Z,node_1015,10.5,87.2,14068.0,2877906.0,9033152.0
2026-10-11T23:05:00Z,node_1032,54.1,24.7,7076.0,5766842.0,9013848.0
2026-10-11T23:10:00Z,node_1018,38.8,88.6,9308.0,4711254.0,9418794.0
2026-10-11T23:15:00Z,node_1033,74.4,82.9,14729.0,2695280.0,7812719.0
2026-10-11T23:20:00Z,node_1010,11.6,35.5,2906.0,7340177.0,6109568.0
2026-10-11T23:25:00Z,node_1002,93.7,43.5,6800.0,8207234.0,2183116.0
2026-10-11T23:30:00Z,node_1017,40.2,71.8,10312.0,9355518.0,4231922.0
2026-10-11T23:35:00Z,node_1044,68.4,17.5,14534.0,3438113.0,5622506.0
2026-10-11T23:40:00Z,node_1010,42.3,58.9,591.0,167560.0,1988313.0
2026-10-11T23:45:00Z,node_1021,44.3,56.5,2723.0,7868694.0,4554998.0
2026-10-11T23:50:00Z,node_1017,80.3,30.4,9771.0,8530031.0,9486299.0
2026-10-11T23:55:00Z,node_1017,45.2,17.4,8791.0,3393771.0,4116096.0
2026-10-12T00:00:00Z,node_1050,70.8,21.3,5290.0,6288153.0,6712790.0
2026-10-12T00:05:00Z,node_1033,5.2,31.2,3879.0,9010967.0,3221835.0
2026-10-12T00:10:00Z,node_1026,96.6,69.4,8484.0,7794272.0,8105386.0
2026-10-12T00:15:00Z,node_1022,5.1,31.2,13034.0,2803164.0,5438779.0
2026-10-12T00:20:00Z,node_1026,19.6,40.1,5579.0,5217732.0,2996546.0
2026-10-12T00:25:00Z,node_1009,84.5,61.5,8325.0,4053888.0,7523110.0
2026-10-12T00:30:00Z,node_1017,97.9,88.1,7365.0,1949380.0,7371815.0
2026-10-12T00:35:00Z,node_1007,26.0,80.4,5698.0,7823466.0,1466251.0
2026-10-12T00:40:00Z,node_1006,43.6,73.7,14988.0,8259638.0,7792660.0
2026-10-12T00:45:00Z,node_1045,87.3,51.6,5642.0,6484533.0,7947752.0
2026-10-12T00:50:00Z,node_1012,5.7,45.3,1507.0,4949417.0,119759.0
2026-10-12T00:55:00Z,node_1003,98.3,28.7,2872.0,4996387.0,5146745.0
2026-10-12T01:00:00Z,node_1021,94.3,38.1,2254.0,785844.0,9486948.0
2026-10-12T01:05:00Z,node_1005,29.4,46.6,2716.0,760477.0,7421221.0
2026-10-12T01:10:00Z,node_1009,60.1,70.5,14267.0,4546907.0,8657205.0
2026-10-12T01:15:00Z,node_1044,15.0,69.0,4739.0,9685862.0,2151359.0
2026-10-12T01:20:00Z,node_1038,92.9,55.4,13031.0,1230221.0,1519301.0
2026-10-12T01:25:00Z,node_1041,82.9,68.5,13877.0,1235536.0,9245251.0
2026-10-12T01:30:00Z,node_1006,20.4,23.7,12081.0,5446849.0,9450505.0
2026-10-12T01:35:00Z,node_1048,33.4,53.6,5043.0,4707013.0,4949420.0
2026-10-12T01:40:00Z,node_1024,68.9,17.2,699.0,4899847.0,765840.0
2026-10-12T01:45:00Z,node_1002,81.6,11.4,2262.0,8332700.0,5943755.0
2026-10-12T01:50:00Z,node_1048,79.2,29.9,3561.0,5832097.0,1128402.0
2026-10-12T01:55:00Z,node_1018,56.0,76.1,7238.0,5682331.0,953890.0
2026-10-12T02:00:00Z,node_1011,29.5,27.5,7009.0,7330700.0,9597811.0
2026-10-12T02:05:00Z,node_1034,80.9,27.8,14681.0,1769686.0,169681.0
2026-10-12T02:10:00Z,node_1046,85.5,68.5,10121.0,4001366.0,9568245.0
2026-10-12T02:15:00Z,node_1050,84.6,78.2,12322.0,8528810.0,3757484.0
2026-10-12T02:20:00Z,node_1029,41.8,17.1,2675.0,617197.0,7417566.0
2026-10-12T02:25:00Z,node_1001,90.1,80.2,13813.0,6531242.0,2105669.0
2026-10-12T02:30:00Z,node_1041,79.6,82.5,254.0,1257543.0,2678950.0
2026-10-12T02:35:00Z,node_1044,75.4,11.1,7949.0,6555450.0,3732927.0
2026-10-12T02:40:00Z,node_1033,70.9,24.8,2959.0,6320540.0,7248650.0
2026-10-12T02:45:00Z,node_1022,34.3,28.6,6511.0,1029428.0,6825468.0
2026-10-12T02:50:00Z,node_1020,51.5,67.8,11453.0,6384978.0,2046160.0
2026-10-12T02:55:00Z,node_1019,93.4,78.0,8010.0,9803298.0,7658059.0
2026-10-12T03:00:00Z,node_1050,8.0,69.4,14949.0,4097527.0,4366853.0
2026-10-12T03:05:00Z,node_1048,28.2,67.3,1372.0,4478593.0,4880829.0
2026-10-12T03:10:00Z,node_1013,13.5,85.0,13363.0,8033313.0,528936.0
2026-10-12T03:15:00Z,node_1005,65.7,68.7,14013.0,3553471.0,2200875.0
2026-10-12T03:20:00Z,node_1033,72.2,53.3,13160.0,1759447.0,9797916.0
2026-10-12T03:25:00Z,node_1047,54.8,82.7,1770.0,5607210.0,488416.0
2026-10-12T03:30:00Z,node_1039,20.9,42.7,1184.0,6231768.0,8636138.0
2026-10-12T03:35:00Z,node_1022,5.2,56.8,12197.0,3685943.0,328680.0
2026-10-12T03:40:00Z,node_1035,35.8,14.3,919.0,5823927.0,3529294.0
2026-10-12T03:45:00Z,node_1033,38.6,67.9,8099.0,2795057.0,1330159.0
2026-10-12T03:50:00Z,node_1041,6.6,49.8,2482.0,7578044.0,7485918.0
2026-10-12T03:55:00Z,node_1020,16.7,33.6,3453.0,2515752.0,1030188.0
2026-10-12T04:00:00Z,node_1032,8.5,74.1,5116.0,632959.0,6392907.0
2026-10-12T04:05:00Z,node_1014,14.3,74.8,4910.0,2646140.0,5633941.0
2026-10-12T04:10:00Z,node_1003,50.8,90.0,8917.0,4813565.0,6471436.0
2026-10-12T04:15:00Z,node_1026,86.0,88.6,688.0,9834951.0,9726989.0
2026-10-12T04:20:00Z,node_1027,76.2,67.9,2530.0,9002794.0,61862.0
2026-10-12T04:25:00Z,node_1007,32.0,74.0,11949.0,4879891.0,5885188.0
2026-10-12T04:30:00Z,node_1005,67.9,28.9,9652.0,9214360.0,2852200.0
2026-10-12T04:35:00Z,node_1048,18.6,93.1,14101.0,2024909.0,7673562.0
2026-10-12T04:40:00Z,node_1045,67.1,26.0,14435.0,3002140.0,1687997.0
2026-10-12T04:45:00Z,node_1046,9.2,81.1,5670.0,4580427.0,1028669.0
2026-10-12T04:50:00Z,node_1030,60.1,38.0,13209.0,7964125.0,3353479.0
2026-10-12T04:55:00Z,node_1002,77.1,11.2,9843.0,1960419.0,5261586.0
2026-10-12T05:00:00Z,node_1045,30.2,92.5,12667.0,3490539.0,1021238.0
2026-10-12T05:05:00Z,node_1020,48.3,31.2,14704.0,6633688.0,6347030.0
2026-10-12T05:10:00Z,node_1012,66.5,63.9,4629.0,9958642.0,6876855.0
2026-10-12T05:15:00Z,node_1043,76.7,88.7,12108.0,5029004.0,95093.0
2026-10-12T05:20:00Z,node_1017,22.4,71.9,12936.0,843485.0,4267679.0
2026-10-12T05:25:00Z,node_1021,8.5,94.6,7080.0,9174477.0,3384053.0
2026-10-12T05:30:00Z,node_1010,49.0,46.7,7009.0,4182442.0,7680051.0
2026-10-12T05:35:00Z,node_1034,45.0,82.9,4985.0,5852538.0,1643747.0
2026-10-12T05:40:00Z,node_1028,31.1,93.1,3104.0,5922446.0,4806989.0
2026-10-12T05:45:00Z,node_1038,74.5,47.2,8832.0,8220092.0,2311858.0
2026-10-12T05:50:00Z,node_1037,72.7,58.2,8855.0,6042571.0,3803674.0
2026-10-12T05:55:00Z,node_1009,59.5,61.1,1948.0,919232.0,1516349.0
2026-10-12T06:00:00Z,node_1014,80.3,26.1,11655.0,8933743.0,9593282.0
2026-10-12T06:05:00Z,node_1030,69.7,92.7,9321.0,1334734.0,6757277.0
2026-10-12T06:10:00Z,node_1024,18.2,14.8,162.0,3631556.0,3097434.0
2026-10-12T06:15:00Z,node_1012,46.1,54.7,8962.0,8871578.0,7396640.0
2026-10-12T06:20:00Z,node_1032,86.7,66.9,2197.0,9744344.0,5527895.0
2026-10-12T06:25:00Z,node_1020,97.1,42.4,12200.0,2214549.0,4862465.0
2026-10-12T06:30:00Z,node_1006,49.3,74.7,7368.0,1389797.0,5161762.0
2026-10-12T06:35:00Z,node_1042,42.0,68.8,13106.0,9542946.0,5971758.0
2026-10-12T06:40:00Z,node_1004,66.1,33.7,5982.0,8358936.0,5686633.0
2026-10-12T06:45:00Z,node_1028,6.4,36.9,4428.0,1276259.0,5152347.0
2026-10-12T06:50:00Z,node_1031,67.4,77.0,7481.0,6282444.0,5893065.0
2026-10-12T06:55:00Z,node_1040,60.0,20.6,5354.0,6522548.0,6108855.0
2026-10-12T07:00:00Z,node_1014,47.8,35.6,10978.0,1555527.0,7372442.0
2026-10-12T07:05:00Z,node_1027,93.9,65.6,5707.0,7014728.0,2190901.0
2026-10-12T07:10:00Z,node_1044,27.7,69.0,13641.0,3420449.0,1361662.0
2026-10-12T07:15:00Z,node_1049,51.4,51.0,2280.0,7141455.0,2087660.0
2026-10-12T07:20:00Z,node_1011,10.8,83.7,9486.0,1707275.0,9985394.0
2026-10-12T07:25:00Z,node_1050,71.3,58.7,8391.0,8810679.0,4274141.0
2026-10-12T07:30:00Z,node_1010,48.8,55.2,11103.0,1118543.0,9300570.0
2026-10-12T07:35:00Z,node_1027,64.0,87.0,211.0,3221789.0,2504777.0
2026-10-12T07:40:00Z,node_1040,77.3,77.3,8094.0,6150503.0,6037309.0
2026-10-12T07:45:00Z,node_1012,46.8,82.4,14565.0,967035.0,9321387.0
2026-10-12T07:50:00Z,node_1049,50.9,86.2,3656.0,4566402.0,6904576.0
2026-10-12T07:55:00Z,node_1003,37.9,43.3,8938.0,8439865.0,9239633.0
2026-10-12T08:00:00Z,node_1012,49.4,18.1,863.0,6042435.0,3267925.0
2026-10-12T08:05:00Z,node_1041,67.1,93.1,13994.0,7174710.0,4087194.0
2026-10-12T08:10:00Z,node_1044,60.4,77.2,12377.0,8594092.0,4913458.0
2026-10-12T08:15:00Z,node_1029,51.5,32.7,12574.0,7811948.0,5005777.0
2026-10-12T08:20:00Z,node_1016,45.8,31.5,14539.0,3105328.0,4353532.0
2026-10-12T08:25:00Z,node_1004,77.9,62.7,9923.0,9495757.0,5269137.0
2026-10-12T08:30:00Z,node_1026,77.2,74.6,4073.0,2689121.0,105009.0
2026-10-12T08:35:00Z,node_1001,51.0,91.2,9857.0,6239011.0,542426.0
2026-10-12T08:40:00Z,node_1034,67.6,18.6,6894.0,9035913.0,5498850.0
2026-10-12T08:45:00Z,node_1011,64.9,41.4,905.0,2767526.0,3350982.0
2026-10-12T08:50:00Z,node_1048,77.7,12.9,9658.0,7046592.0,4409652.0
2026-10-12T08:55:00Z,node_1005,55.6,40.7,7982.0,564763.0,3249133.0
2026-10-12T09:00:00Z,node_1040,76.5,12.2,4033.0,7123435.0,4659759.0
2026-10-12T09:05:00Z,node_1036,87.0,16.3,11160.0,4677429.0,7341208.0
2026-10-12T09:10:00Z,node_1019,69.9,79.2,6104.0,1726048.0,8564318.0
2026-10-12T09:15:00Z,node_1019,20.7,57.2,5271.0,9467624.0,3024793.0
2026-10-12T09:20:00Z,node_1012,11.7,56.7,159.0,3901430.0,1128851.0
2026-10-12T09:25:00Z,node_1009,33.2,38.0,12898.0,5620763.0,5299589.0
2026-10-12T09:30:00Z,node_1011,22.1,17.6,7749.0,8317225.0,2867629.0
2026-10-12T09:35:00Z,node_1021,23.4,22.5,997.0,1726499.0,7918775.0
2026-10-12T09:40:00Z,node_1002,42.5,49.6,10617.0,9664397.0,7142287.0
2026-10-12T09:45:00Z,node_1001,8.8,70.3,3722.0,3254828.0,116665.0
2026-10-12T09:50:00Z,node_1006,26.0,50.9,13010.0,7389561.0,725301.0
2026-10-12T09:55:00Z,node_1003,97.8,53.9,461.0,1796185.0,4912907.0
2026-10-12T10:00:00Z,node_1040,56.4,62.5,13067.0,4016094.0,8629751.0
2026-10-12T10:05:00Z,node_1041,24.5,18.8,5142.0,2955924.0,531656.0
2026-10-12T10:10:00Z,node_1017,37.8,31.8,6674.0,794062.0,2405610.0
2026-10-12T10:15:00Z,node_1022,34.0,27.9,7711.0,2303722.0,2163121.0
2026-10-12T10:20:00Z,node_1026,14.2,47.3,292.0,9143276.0,6028173.0
2026-10-12T10:25:00Z,node_1034,85.4,80.8,4293.0,6956488.0,8158490.0
2026-10-12T10:30:00Z,node_1001,27.7,65.6,8259.0,264011.0,2730117.0
2026-10-12T10:35:00Z,node_1034,57.1,66.4,5772.0,231401.0,6817114.0
2026-10-12T10:40:00Z,node_1048,97.7,64.3,4845.0,1165853.0,7292335.0
2026-10-12T10:45:00Z,node_1013,86.9,51.1,2548.0,7181131.0,8148842.0
2026-10-12T10:50:00Z,node_1017,69.2,59.2,696.0,2986995.0,7410666.0
2026-10-12T10:55:00Z,node_1010,18.2,39.2,956.0,8048412.0,9361872.0
2026-10-12T11:00:00Z,node_1002,97.1,13.9,4291.0,7521563.0,240395.0
2026-10-12T11:05:00Z,node_1008,80.7,18.0,9717.0,7483318.0,4643685.0
2026-10-12T11:10:00Z,node_1022,27.9,43.3,6032.0,7341641.0,9240160.0
2026-10-12T11:15:00Z,node_1045,26.0,14.4,9076.0,7601464.0,1260678.0
2026-10-12T11:20:00Z,node_1036,77.1,24.5,10809.0,1371410.0,2047592.0
2026-10-12T11:25:00Z,node_1014,56.3,79.9,2502.0,7964243.0,8546194.0
2026-10-12T11:30:00Z,node_1010,66.0,57.7,14170.0,5986257.0,270421.0
2026-10-12T11:35:00Z,node_1033,46.4,17.6,9600.0,610446.0,2984461.0
2026-10-12T11:40:00Z,node_1012,55.3,19.5,7885.0,1022016.0,6739278.0
2026-10-12T11:45:00Z,node_1009,29.6,78.7,8313.0,6963884.0,3658031.0
2026-10-12T11:50:00Z,node_1015,70.6,80.0,7354.0,5105631.0,3949015.0
2026-10-12T11:55:00Z,node_1030,92.1,25.2,5082.0,5700204.0,5728257.0
2026-10-12T12:00:00Z,node_1025,64.7,59.2,4955.0,5287615.0,9749507.0
2026-10-12T12:05:00Z,node_1017,37.0,89.8,12960.0,4704377.0,8166468.0
2026-10-12T12:10:00Z,node_1005,15.7,44.8,1000.0,2181693.0,1936435.0
2026-10-12T12:15:00Z,node_1011,87.9,56.5,10291.0,6456255.0,9404900.0
2026-10-12T12:20:00Z,node_1038,91.0,27.5,3557.0,3295424.0,9622945.0
2026-10-12T12:25:00Z,node_1031,89.4,11.8,9781.0,1638079.0,8321578.0
2026-10-12T12:30:00Z,node_1027,15.6,57.0,7766.0,4460743.0,828666.0
2026-10-12T12:35:00Z,node_1010,43.7,88.9,4800.0,7368040.0,1199201.0
2026-10-12T12:40:00Z,node_1011,92.9,72.0,2452.0,8987972.0,6712493.0
2026-10-12T12:45:00Z,node_1025,77.9,33.9,12234.0,9436682.0,53583.0
2026-10-12T12:50:00Z,node_1014,35.9,24.3,8567.0,1347068.0,1134399.0
2026-10-12T12:55:00Z,node_1016,47.4,56.2,1659.0,4223278.0,8455432.0
2026-10-12T13:00:00Z,node_1041,96.3,92.6,6836.0,4579637.0,8063532.0
2026-10-12T13:05:00Z,node_1028,58.3,25.4,1621.0,7843111.0,1160012.0
2026-10-12T13:10:00Z,node_1016,68.8,94.8,13097.0,1600105.0,9543391.0
2026-10-12T13:15:00Z,node_1026,92.6,48.1,4320.0,4291992.0,532031.0
2026-10-12T13:20:00Z,node_1029,36.5,68.4,12082.0,856687.0,9730728.0
2026-10-12T13:25:00Z,node_1020,58.1,69.2,2570.0,5671359.0,5782212.0
2026-10-12T13:30:00Z,node_1005,55.9,21.6,7452.0,3845874.0,3988946.0
2026-10-12T13:35:00Z,node_1047,22.9,91.5,609.0,7206969.0,7560252.0
2026-10-12T13:40:00Z,node_1040,87.4,85.2,11209.0,2343451.0,2515262.0
2026-10-12T13:45:00Z,node_1019,82.7,44.7,3872.0,6391176.0,3107462.0
2026-10-12T13:50:00Z,node_1032,83.6,53.6,12178.0,1868306.0,3694332.0
2026-10-12T13:55:00Z,node_1005,60.8,30.3,10494.0,2603220.0,7123055.0
2026-10-12T14:00:00Z,node_1016,13.3,79.5,14882.0,601018.0,7032065.0
2026-10-12T14:05:00Z,node_1021,76.1,84.8,6926.0,3824917.0,8487287.0
2026-10-12T14:10:00Z,node_1010,35.7,74.5,11528.0,2424711.0,5265628.0
2026-10-12T14:15:00Z,node_1014,74.8,48.3,402.0,9150422.0,9111336.0
2026-10-12T14:20:00Z,node_1015,29.9,94.3,12800.0,3652122.0,4854128.0
2026-10-12T14:25:00Z,node_1019,15.7,62.1,8066.0,6438586.0,9794907.0
2026-10-12T14:30:00Z,node_1032,12.5,78.6,1681.0,2667103.0,5950247.0
2026-10-12T14:35:00Z,node_1033,39.3,70.3,8742.0,1990578.0,4152318.0
2026-10-12T14:40:00Z,node_1019,84.8,11.7,10134.0,5780154.0,3708980.0
2026-10-12T14:45:00Z,node_1014,39.9,70.3,9426.0,5674012.0,4628349.0
2026-10-12T14:50:00Z,node_1009,21.8,61.6,8563.0,6235835.0,812561.0
2026-10-12T14:55:00Z,node_1009,13.8,73.8,10669.0,668814.0,4689861.0
2026-10-12T15:00:00Z,node_1006,22.5,36.6,8817.0,8852417.0,391694.0
2026-10-12T15:05:00Z,node_1027,72.0,46.4,6405.0,2266718.0,5529710.0
2026-10-12T15:10:00Z,node_1016,35.6,61.8,5513.0,4603628.0,7689187.0
2026-10-12T15:15:00Z,node_1005,81.2,73.3,6888.0,6827569.0,4055981.0
2026-10-12T15:20:00Z,node_1046,85.0,61.6,12605.0,6116375.0,5078751.0
2026-10-12T15:25:00Z,node_1027,97.1,52.3,12989.0,2577362.0,7568041.0
2026-10-12T15:30:00Z,node_1024,87.2,62.2,6384.0,6077792.0,2414810.0
2026-10-12T15:35:00Z,node_1034,88.6,12.9,1181.0,1092530.0,9565753.0
2026-10-12T15:40:00Z,node_1021,22.0,43.1,8650.0,2428719.0,7284945.0
2026-10-12T15:45:00Z,node_1021,5.1,58.5,776.0,4765305.0,9132200.0
2026-10-12T15:50:00Z,node_1026,78.1,38.2,9908.0,6209570.0,7742989.0
2026-10-12T15:55:00Z,node_1032,72.9,33.2,4656.0,9354906.0,2466446.0
2026-10-12T16:00:00Z,node_1041,9.0,50.6,13605.0,4716806.0,9322038.0
2026-10-12T16:05:00Z,node_1050,16.4,19.2,12914.0,1120457.0,9512247.0
2026-10-12T16:10:00Z,node_1030,64.1,55.6,2433.0,995725.0,3988125.0
2026-10-12T16:15:00Z,node_1014,29.1,38.4,1556.0,1001781.0,3271345.0
2026-10-12T16:20:00Z,node_1023,21.0,92.4,2815.0,7517434.0,6663630.0
2026-10-12T16:25:00Z,node_1018,71.3,68.4,14117.0,8296903.0,9329261.0
2026-10-12T16:30:00Z,node_1021,16.0,78.2,14291.0,7213829.0,7597186.0
2026-10-12T16:35:00Z,node_1016,5.7,59.4,10367.0,1199732.0,3654581.0
2026-10-12T16:40:00Z,node_1030,17.8,39.8,5280.0,216010.0,6948723.0
2026-10-12T16:45:00Z,node_1014,19.5,33.7,11739.0,2231524.0,8301974.0
2026-10-12T16:50:00Z,node_1005,30.3,37.1,11742.0,4069809.0,2825618.0
2026-10-12T16:55:00Z,node_1004,13.9,60.5,10600.0,1359385.0,2366648.0
2026-10-12T17:00:00Z,node_1048,48.1,50.7,5260.0,6580261.0,8338652.0
2026-10-12T17:05:00Z,node_1049,94.3,57.4,14369.0,4340974.0,9226428.0
2026-10-12T17:10:00Z,node_1029,90.0,78.7,1107.0,6001095.0,6967957.0
2026-10-12T17:15:00Z,node_1031,15.7,87.4,13298.0,9630397.0,5985441.0
2026-10-12T17:20:00Z,node_1006,92.3,52.7,1203.0,41828.0,7898588.0
2026-10-12T17:25:00Z,node_1012,28.7,30.7,2326.0,4570568.0,3672720.0
2026-10-12T17:30:00Z,node_1040,49.3,22.6,13511.0,1145904.0,968763.0
2026-10-12T17:35:00Z,node_1035,25.4,84.0,6163.0,5340999.0,1152879.0
2026-10-12T17:40:00Z,node_1043,5.2,81.4,9808.0,7927461.0,5047921.0
2026-10-12T17:45:00Z,node_1042,55.3,36.3,8698.0,8067909.0,9257026.0
2026-10-12T17:50:00Z,node_1048,61.0,12.1,10060.0,8027460.0,5303997.0
2026-10-12T17:55:00Z,node_1023,86.2,34.2,7678.0,3563311.0,5051231.0
2026-10-12T18:00:00Z,node_1042,95.9,12.4,10998.0,2311320.0,3588198.0
2026-10-12T18:05:00Z,node_1004,35.2,67.7,7353.0,734027.0,777662.0
2026-10-12T18:10:00Z,node_1011,70.9,46.7,1724.0,8495302.0,3257318.0
2026-10-12T18:15:00Z,node_1036,74.2,34.5,10748.0,2409509.0,5720271.0
2026-10-12T18:20:00Z,node_1039,80.2,56.2,12867.0,6512836.0,6943173.0
2026-10-12T18:25:00Z,node_1021,17.4,33.0,5057.0,3525700.0,5181631.0
2026-10-12T18:30:00Z,node_1008,57.5,89.3,2563.0,6301544.0,6303840.0
2026-10-12T18:35:00Z,node_1001,46.7,79.3,9432.0,9782832.0,9770171.0
2026-10-12T18:40:00Z,node_1050,22.8,67.3,8237.0,9820966.0,5936496.0
2026-10-12T18:45:00Z,node_1026,23.4,10.7,7497.0,9663529.0,589522.0
2026-10-12T18:50:00Z,node_1035,57.0,33.7,14288.0,245700.0,5308657.0
2026-10-12T18:55:00Z,node_1037,39.1,35.0,13507.0,9725011.0,6434077.0
2026-10-12T19:00:00Z,node_1044,91.0,10.7,7192.0,326972.0,9206563.0
2026-10-12T19:05:00Z,node_1032,22.4,55.4,14930.0,5299919.0,9961671.0
2026-10-12T19:10:00Z,node_1014,80.9,88.1,10087.0,1696911.0,5196086.0
2026-10-12T19:15:00Z,node_1040,68.6,74.1,3177.0,2480188.0,6896724.0
2026-10-12T19:20:00Z,node_1007,83.9,38.3,2909.0,9581891.0,8328044.0
2026-10-12T19:25:00Z,node_1033,24.3,60.0,1165.0,2705045.0,1582214.0
2026-10-12T19:30:00Z,node_1003,54.8,13.0,11724.0,5893293.0,5837620.0
2026-10-12T19:35:00Z,node_1008,93.2,69.4,13711.0,6330079.0,9716838.0
2026-10-12T19:40:00Z,node_1029,7.2,61.8,5871.0,2606151.0,767037.0
2026-10-12T19:45:00Z,node_1032,15.3,37.7,14996.0,9072126.0,9303635.0
2026-10-12T19:50:00Z,node_1007,43.1,80.6,13290.0,7767479.0,5013460.0
2026-10-12T19:55:00Z,node_1009,69.8,68.7,10135.0,1319443.0,8618798.0
2026-10-12T20:00:00Z,node_1029,13.1,54.6,13305.0,6636263.0,1394782.0
2026-10-12T20:05:00Z,node_1028,32.4,14.1,6843.0,4180598.0,8204776.0
2026-10-12T20:10:00Z,node_1042,38.5,93.8,789.0,2975346.0,4305000.0
2026-10-12T20:15:00Z,node_1038,35.6,76.0,10279.0,2623090.0,8591230.0
2026-10-12T20:20:00Z,node_1028,29.4,37.0,2984.0,8333116.0,2501214.0
2026-10-12T20:25:00Z,node_1021,58.4,10.6,8900.0,5809742.0,4983750.0
2026-10-12T20:30:00Z,node_1023,75.1,77.9,13361.0,3004884.0,7409100.0
2026-10-12T20:35:00Z,node_1036,20.9,71.8,6038.0,192210.0,4168485.0
2026-10-12T20:40:00Z,node_1048,62.2,67.9,2914.0,6973708.0,6574622.0
2026-10-12T20:45:00Z,node_1022,30.6,69.5,6124.0,2838174.0,7248666.0
2026-10-12T20:50:00Z,node_1004,58.4,11.3,1357.0,6936479.0,7262229.0
2026-10-12T20:55:00Z,node_1018,38.1,58.2,7981.0,6240846.0,1846969.0
2026-10-12T21:00:00Z,node_1040,36.3,15.0,14647.0,4856513.0,1790240.0
2026-10-12T21:05:00Z,node_1025,84.8,54.5,5519.0,7840314.0,2236765.0
2026-10-12T21:10:00Z,node_1018,70.4,34.6,13764.0,4654800.0,6561679.0
2026-10-12T21:15:00Z,node_1050,51.4,16.1,5568.0,8807989.0,4843467.0
2026-10-12T21:20:00Z,node_1045,97.4,75.1,8843.0,5890619.0,8478457.0
2026-10-12T21:25:00Z,node_1011,94.5,12.7,10036.0,3815806.0,6137047.0
2026-10-12T21:30:00Z,node_1032,67.2,46.1,12574.0,7374345.0,3235500.0
2026-10-12T21:35:00Z,node_1029,77.2,81.8,405.0,4355190.0,2956177.0
2026-10-12T21:40:00Z,node_1022,14.0,18.2,10803.0,5687604.0,3554884.0
2026-10-12T21:45:00Z,node_1030,62.6,40.3,1807.0,2250646.0,3569564.0
2026-10-12T21:50:00Z,node_1002,81.7,33.5,8555.0,7771932.0,8165653.0
2026-10-12T21:55:00Z,node_1042,90.6,54.2,3089.0,2174144.0,3432029.0
2026-10-12T22:00:00Z,node_1038,13.9,88.2,6126.0,1867425.0,7514307.0
2026-10-12T22:05:00Z,node_1027,83.5,15.7,5349.0,7721620.0,9739220.0
2026-10-12T22:10:00Z,node_1040,42.7,82.5,8017.0,5448825.0,5975003.0
2026-10-12T22:15:00Z,node_1028,71.2,37.5,10450.0,6231907.0,1137038.0
2026-10-12T22:20:00Z,node_1035,71.2,60.1,10202.0,1186184.0,1867753.0
2026-10-12T22:25:00Z,node_1036,46.1,22.0,3691.0,2141278.0,494078.0
2026-10-12T22:30:00Z,node_1031,8.2,46.1,12830.0,921447.0,6563882.0
2026-10-12T22:35:00Z,node_1035,50.9,13.0,14711.0,4555531.0,816468.0
2026-10-12T22:40:00Z,node_1032,72.9,27.1,1722.0,9567562.0,4596829.0
2026-10-12T22:45:00Z,node_1048,86.6,84.1,229.0,9968708.0,3563907.0
2026-10-12T22:50:00Z,node_1022,15.3,40.0,5672.0,540607.0,2429341.0
2026-10-12T22:55:00Z,node_1001,94.6,61.4,11231.0,7753710.0,3275634.0
2026-10-12T23:00:00Z,node_1010,76.9,55.0,7352.0,974886.0,4026313.0
2026-10-12T23:05:00Z,node_1003,52.1,61.4,6431.0,4937943.0,4374207.0
2026-10-12T23:10:00Z,node_1036,64.5,94.9,3632.0,3368737.0,8348938.0
2026-10-12T23:15:00Z,node_1035,24.8,14.9,9765.0,1970794.0,6289289.0
2026-10-12T23:20:00Z,node_1007,96.0,61.2,8278.0,3851065.0,6957058.0
2026-10-12T23:25:00Z,node_1046,11.5,68.4,3134.0,7077503.0,2601405.0
2026-10-12T23:30:00Z,node_1010,32.5,36.8,7324.0,9463906.0,7319265.0
2026-10-12T23:35:00Z,node_1050,44.1,65.0,9016.0,7431217.0,9377454.0
2026-10-12T23:40:00Z,node_1044,92.1,17.3,8867.0,2947696.0,6020367.0
2026-10-12T23:45:00Z,node_1011,20.0,35.0,1359.0,360135.0,9861048.0
2026-10-12T23:50:00Z,node_1033,77.2,10.2,5076.0,5429834.0,715088.0
2026-10-12T23:55:00Z,node_1025,7.2,22.0,520.0,1446150.0,5062424.0
2026-10-13T00:00:00Z,node_1014,89.4,53.0,11408.0,3674974.0,5753382.0
2026-10-13T00:05:00Z,node_1026,27.0,61.5,13472.0,7331979.0,2819562.0
2026-10-13T00:10:00Z,node_1006,46.8,71.7,13747.0,2618256.0,9718136.0
2026-10-13T00:15:00Z,node_1038,74.6,77.5,10203.0,1860131.0,1989181.0
2026-10-13T00:20:00Z,node_1004,64.8,77.9,7820.0,2574623.0,3067035.0
2026-10-13T00:25:00Z,node_1021,29.1,16.3,3345.0,7486196.0,7560570.0
2026-10-13T00:30:00Z,node_1048,33.3,75.2,12455.0,7591484.0,1201195.0
2026-10-13T00:35:00Z,node_1033,8.3,16.9,2563.0,4807625.0,5732948.0
2026-10-13T00:40:00Z,node_1032,20.2,32.3,7834.0,2081055.0,7437040.0
2026-10-13T00:45:00Z,node_1035,96.9,31.1,7134.0,7718127.0,7529710.0
2026-10-13T00:50:00Z,node_1026,9.8,26.2,6177.0,8475113.0,5793333.0
2026-10-13T00:55:00Z,node_1023,16.9,88.9,5175.0,1416310.0,8469592.0
2026-10-13T01:00:00Z,node_1049,51.1,35.3,4845.0,740709.0,2934139.0
2026-10-13T01:05:00Z,node_1014,79.7,37.4,6191.0,8182946.0,4406028.0
2026-10-13T01:10:00Z,node_1027,90.4,46.7,11440.0,4462112.0,6719026.0
2026-10-13T01:15:00Z,node_1040,91.7,57.5,4416.0,1641077.0,4323325.0
2026-10-13T01:20:00Z,node_1043,42.3,71.8,12915.0,9265738.0,6572690.0
2026-10-13T01:25:00Z,node_1038,43.2,30.4,13927.0,9361066.0,6842254.0
2026-10-13T01:30:00Z,node_1047,14.6,63.4,7196.0,1067084.0,2546870.0
2026-10-13T01:35:00Z,node_1041,84.0,66.3,6023.0,473789.0,8731365.0
2026-10-13T01:40:00Z,node_1045,43.5,80.3,5872.0,2800470.0,2143325.0
2026-10-13T01:45:00Z,node_1050,86.0,37.5,1645.0,9484376.0,6420331.0
2026-10-13T01:50:00Z,node_1001,8.2,12.5,11902.0,7185171.0,7931639.0
2026-10-13T01:55:00Z,node_1013,78.1,90.2,4031.0,1642376.0,1720007.0
2026-10-13T02:00:00Z,node_1047,48.7,75.4,9733.0,8948077.0,4881781.0
2026-10-13T02:05:00Z,node_1029,28.6,61.4,11116.0,8280511.0,7955606.0
2026-10-13T02:10:00Z,node_1047,29.1,17.5,14460.0,331335.0,4055764.0
2026-10-13T02:15:00Z,node_1049,86.9,43.1,10106.0,8106417.0,9054892.0
2026-10-13T02:20:00Z,node_1023,32.3,34.6,6250.0,9372373.0,5876224.0
2026-10-13T02:25:00Z,node_1022,16.2,66.0,2726.0,6144439.0,5152065.0
2026-10-13T02:30:00Z,node_1016,20.1,42.5,7235.0,1146651.0,8773815.0
2026-10-13T02:35:00Z,node_1041,84.0,64.2,7110.0,3809265.0,2821604.0
2026-10-13T02:40:00Z,node_1034,43.6,60.8,10643.0,5931013.0,6912918.0
2026-10-13T02:45:00Z,node_1029,95.7,63.9,9791.0,7822467.0,8722206.0
2026-10-13T02:50:00Z,node_1035,58.7,85.8,3356.0,3112649.0,23351.0
2026-10-13T02:55:00Z,node_1041,61.3,93.3,650.0,5414046.0,9158815.0
2026-10-13T03:00:00Z,node_1022,61.2,88.5,5207.0,4175290.0,2406527.0
2026-10-13T03:05:00Z,node_1046,6.5,48.2,2760.0,2003547.0,8560570.0
2026-10-13T03:10:00Z,node_1030,62.4,67.1,809.0,9997596.0,4639488.0
2026-10-13T03:15:00Z,node_1011,55.2,21.1,10474.0,677843.0,7602921.0
2026-10-13T03:20:00Z,node_1029,85.0,21.2,12642.0,9112365.0,8489378.0
2026-10-13T03:25:00Z,node_1010,58.7,12.2,13552.0,7883069.0,8497926.0
2026-10-13T03:30:00Z,node_1038,25.3,50.9,9620.0,5211346.0,849494.0
2026-10-13T03:35:00Z,node_1009,89.4,81.8,14190.0,3394247.0,8607221.0
2026-10-13T03:40:00Z,node_1011,52.6,57.4,12405.0,2493566.0,64283.0
2026-10-13T03:45:00Z,node_1024,22.8,17.2,13627.0,5272811.0,1972956.0
2026-10-13T03:50:00Z,node_1028,86.2,64.2,12019.0,5606383.0,7502037.0
2026-10-13T03:55:00Z,node_1007,80.6,37.9,14654.0,7780576.0,7741299.0
2026-10-13T04:00:00Z,node_1032,98.9,16.2,10027.0,7656003.0,1239218.0
2026-10-13T04:05:00Z,node_1010,7.8,84.6,14634.0,1867867.0,35194.0
2026-10-13T04:10:00Z,node_1014,17.0,49.7,1424.0,7324125.0,6054418.0
2026-10-13T04:15:00Z,node_1003,5.6,83.0,13456.0,7561143.0,326564.0
2026-10-13T04:20:00Z,node_1012,95.9,75.9,5840.0,2513566.0,4692711.0
2026-10-13T04:25:00Z,node_1011,7.1,94.9,4395.0,4436038.0,6301381.0
2026-10-13T04:30:00Z,node_1002,49.9,39.5,9139.0,6009084.0,9534107.0
2026-10-13T04:35:00Z,node_1019,74.2,33.7,14713.0,2636697.0,3300704.0
2026-10-13T04:40:00Z,node_1005,9.7,56.5,2886.0,6989581.0,6269646.0
2026-10-13T04:45:00Z,node_1045,55.6,10.1,3796.0,2742584.0,8194725.0
2026-10-13T04:50:00Z,node_1014,35.6,31.9,4948.0,8598602.0,714270.0
2026-10-13T04:55:00Z,node_1039,6.2,58.8,4370.0,2056532.0,3207581.0
2026-10-13T05:00:00Z,node_1036,55.2,12.1,7876.0,5489175.0,2692162.0
2026-10-13T05:05:00Z,node_1010,35.4,30.8,11278.0,8502600.0,2571601.0
2026-10-13T05:10:00Z,node_1032,51.2,83.2,2176.0,5433012.0,8233188.0
2026-10-13T05:15:00Z,node_1025,18.7,40.1,8723.0,3111766.0,2036895.0
2026-10-13T05:20:00Z,node_1049,21.9,90.7,551.0,9798304.0,2580751.0
2026-10-13T05:25:00Z,node_1039,71.9,55.2,3313.0,8598178.0,6565811.0
2026-10-13T05:30:00Z,node_1040,5.8,49.2,14636.0,7177165.0,2904565.0
2026-10-13T05:35:00Z,node_1003,33.6,13.4,967.0,5370591.0,4456291.0
2026-10-13T05:40:00Z,node_1037,26.1,35.9,3772.0,6741933.0,1271990.0
2026-10-13T05:45:00Z,node_1008,48.7,63.7,2756.0,1695788.0,6718060.0
2026-10-13T05:50:00Z,node_1008,66.1,15.0,496.0,159958.0,8584138.0
2026-10-13T05:55:00Z,node_1019,86.2,89.0,8927.0,5459605.0,4480496.0
2026-10-13T06:00:00Z,node_1011,69.8,68.7,8812.0,2554940.0,2797534.0
2026-10-13T06:05:00Z,node_1017,89.4,61.1,9006.0,8618286.0,5897451.0
2026-10-13T06:10:00Z,node_1044,82.4,50.5,3912.0,1684964.0,7903261.0
2026-10-13T06:15:00Z,node_1045,45.0,67.6,13062.0,4618702.0,8128781.0
2026-10-13T06:20:00Z,node_1018,30.0,61.1,11210.0,9464780.0,429499.0
2026-10-13T06:25:00Z,node_1027,64.1,81.8,4025.0,5523486.0,6020031.0
2026-10-13T06:30:00Z,node_1043,30.1,10.6,11393.0,6203376.0,5302747.0
2026-10-13T06:35:00Z,node_1023,53.6,89.6,800.0,637576.0,9965327.0
2026-10-13T06:40:00Z,node_1013,37.2,54.0,3127.0,3304078.0,967173.0
2026-10-13T06:45:00Z,node_1038,76.7,66.4,12940.0,3832673.0,9776433.0
2026-10-13T06:50:00Z,node_1028,48.9,37.9,5766.0,1453108.0,1029619.0
2026-10-13T06:55:00Z,node_1002,72.1,37.0,11084.0,898707.0,1117451.0
2026-10-13T07:00:00Z,node_1015,94.8,11.4,8684.0,245521.0,1743505.0
2026-10-13T07:05:00Z,node_1028,75.6,21.7,4059.0,9106555.0,9779850.0
2026-10-13T07:10:00Z,node_1007,37.5,20.2,8718.0,5359096.0,3281794.0
2026-10-13T07:15:00Z,node_1042,30.6,14.5,4428.0,7861794.0,1866452.0
2026-10-13T07:20:00Z,node_1012,40.0,54.3,2843.0,8701083.0,4607714.0
2026-10-13T07:25:00Z,node_1025,26.8,66.1,8485.0,5715882.0,7846730.0
2026-10-13T07:30:00Z,node_1036,43.0,62.5,7051.0,3558796.0,7368646.0
2026-10-13T07:35:00Z,node_1022,28.3,74.8,6845.0,2934264.0,9032635.0
2026-10-13T07:40:00Z,node_1001,75.8,67.7,11105.0,1161273.0,9215864.0
2026-10-13T07:45:00Z,node_1001,76.5,74.0,1623.0,2150511.0,8867059.0
2026-10-13T07:50:00Z,node_1028,89.6,68.9,4656.0,3635620.0,5024370.0
2026-10-13T07:55:00Z,node_1012,40.5,36.5,13922.0,7341650.0,8073965.0
2026-10-13T08:00:00Z,node_1005,48.6,77.5,7065.0,7033012.0,7557298.0
2026-10-13T08:05:00Z,node_1035,32.0,28.3,5956.0,576265.0,5410934.0
2026-10-13T08:10:00Z,node_1028,29.9,41.3,2710.0,334769.0,4089182.0
2026-10-13T08:15:00Z,node_1033,47.0,44.0,10140.0,8146657.0,287678.0
2026-10-13T08:20:00Z,node_1036,86.6,23.1,13406.0,3772529.0,8062283.0
2026-10-13T08:25:00Z,node_1019,41.2,74.2,3541.0,1050958.0,5679397.0
2026-10-13T08:30:00Z,node_1030,11.0,31.7,524.0,9020590.0,8638144.0
2026-10-13T08:35:00Z,node_1037,30.5,54.0,9870.0,3779547.0,5468490.0
2026-10-13T08:40:00Z,node_1031,14.6,18.6,3787.0,5841715.0,2816589.0
2026-10-13T08:45:00Z,node_1033,5.1,74.5,565.0,1033752.0,3090352.0
2026-10-13T08:50:00Z,node_1041,91.6,18.3,2579.0,3345785.0,7102789.0
2026-10-13T08:55:00Z,node_1009,30.7,45.0,6008.0,9051590.0,8892696.0
2026-10-13T09:00:00Z,node_1011,77.2,72.3,10981.0,3613114.0,7854032.0
2026-10-13T09:05:00Z,node_1021,24.9,31.7,6128.0,6322853.0,7762006.0
2026-10-13T09:10:00Z,node_1014,14.2,46.3,2635.0,253582.0,2656125.0
2026-10-13T09:15:00Z,node_1048,25.3,61.7,494.0,4810086.0,5648025.0
2026-10-13T09:20:00Z,node_1023,55.5,77.0,10671.0,5202100.0,717494.0
2026-10-13T09:25:00Z,node_1046,95.2,11.2,3310.0,6102379.0,6294758.0
2026-10-13T09:30:00Z,node_1043,64.4,50.6,4541.0,4481240.0,5949157.0
2026-10-13T09:35:00Z,node_1008,68.9,85.9,9336.0,3576670.0,5015780.0
2026-10-13T09:40:00Z,node_1033,19.0,19.3,7095.0,1128525.0,2918768.0
2026-10-13T09:45:00Z,node_1034,83.4,57.5,12961.0,485121.0,9411804.0
2026-10-13T09:50:00Z,node_1006,52.1,26.2,10776.0,871361.0,3892136.0
2026-10-13T09:55:00Z,node_1002,66.7,61.0,1241.0,4199423.0,2007683.0
2026-10-13T10:00:00Z,node_1043,62.6,80.6,13090.0,117193.0,9719910.0
2026-10-13T10:05:00Z,node_1005,45.3,73.1,1264.0,8851654.0,1976734.0
2026-10-13T10:10:00Z,node_1029,52.8,91.2,13425.0,9501901.0,6130020.0
2026-10-13T10:15:00Z,node_1023,60.3,34.4,3728.0,6600297.0,1139823.0
2026-10-13T10:20:00Z,node_1043,62.7,16.0,13003.0,2904230.0,7134057.0
2026-10-13T10:25:00Z,node_1041,42.4,38.1,4211.0,5876684.0,3951585.0
2026-10-13T10:30:00Z,node_1046,18.6,65.7,2980.0,4153207.0,408354.0
2026-10-13T10:35:00Z,node_1049,55.6,58.7,5608.0,7748160.0,2606107.0
2026-10-13T10:40:00Z,node_1012,68.7,44.0,6232.0,9700657.0,8085232.0
2026-10-13T10:45:00Z,node_1032,69.0,49.9,5912.0,4965154.0,4123812.0
2026-10-13T10:50:00Z,node_1049,44.9,25.8,11387.0,857971.0,2451815.0
2026-10-13T10:55:00Z,node_1011,24.6,38.7,10671.0,5685121.0,2655078.0
2026-10-13T11:00:00Z,node_1034,9.3,41.4,7818.0,8431604.0,1495615.0
2026-10-13T11:05:00Z,node_1024,30.9,54.4,14973.0,9730942.0,4045349.0
2026-10-13T11:10:00Z,node_1048,91.3,13.8,1951.0,781356.0,6011470.0
2026-10-13T11:15:00Z,node_1012,86.7,23.0,11929.0,8450495.0,3767884.0
2026-10-13T11:20:00Z,node_1030,93.0,53.2,3756.0,7224301.0,9517106.0
2026-10-13T11:25:00Z,node_1041,42.7,22.4,10786.0,4394716.0,9551177.0
2026-10-13T11:30:00Z,node_1006,60.0,70.6,13101.0,1036395.0,6876177.0
2026-10-13T11:35:00Z,node_1035,30.5,12.8,4055.0,1887162.0,6966508.0
2026-10-13T11:40:00Z,node_1018,92.9,13.1,14862.0,2285416.0,2813195.0
2026-10-13T11:45:00Z,node_1020,18.1,67.1,860.0,110165.0,4938829.0
2026-10-13T11:50:00Z,node_1045,85.9,33.8,9642.0,1920546.0,2217405.0
2026-10-13T11:55:00Z,node_1017,15.5,76.4,1935.0,4681906.0,479590.0
2026-10-13T12:00:00Z,node_1002,73.2,41.3,3801.0,4780955.0,5715941.0
2026-10-13T12:05:00Z,node_1005,27.2,71.5,6896.0,7240465.0,6772985.0
2026-10-13T12:10:00Z,node_1041,52.6,20.1,10112.0,7904324.0,2424301.0
2026-10-13T12:15:00Z,node_1035,65.3,55.6,6210.0,3052770.0,5392818.0
2026-10-13T12:20:00Z,node_1010,73.0,69.2,7908.0,1533275.0,9384543.0
2026-10-13T12:25:00Z,node_1021,18.6,78.4,5351.0,8066021.0,2561094.0
2026-10-13T12:30:00Z,node_1020,92.8,59.8,3513.0,7858154.0,2883816.0
2026-10-13T12:35:00Z,node_1018,74.2,76.1,8048.0,5519248.0,2185844.0
2026-10-13T12:40:00Z,node_1028,64.4,19.1,8721.0,6307218.0,2014348.0
2026-10-13T12:45:00Z,node_1028,90.3,69.2,8964.0,6284017.0,9618603.0
2026-10-13T12:50:00Z,node_1042,91.2,24.2,3271.0,7940185.0,5796489.0
2026-10-13T12:55:00Z,node_1022,77.2,57.0,4813.0,959163.0,9750745.0
2026-10-13T13:00:00Z,node_1015,16.3,17.7,4045.0,3768037.0,7032297.0
2026-10-13T13:05:00Z,node_1042,30.7,66.3,2389.0,3058362.0,2436070.0
2026-10-13T13:10:00Z,node_1013,25.6,88.2,9144.0,6750451.0,3616174.0
2026-10-13T13:15:00Z,node_1028,56.4,28.3,1862.0,1552167.0,2154691.0
2026-10-13T13:20:00Z,node_1036,62.7,51.8,6556.0,3637928.0,2938329.0
2026-10-13T13:25:00Z,node_1002,85.3,57.5,2575.0,7809556.0,1149173.0
2026-10-13T13:30:00Z,node_1017,36.3,30.3,2368.0,4062982.0,145501.0
2026-10-13T13:35:00Z,node_1012,22.9,38.7,1777.0,9494452.0,4841454.0
2026-10-13T13:40:00Z,node_1033,98.3,55.2,962.0,807161.0,4837795.0
2026-10-13T13:45:00Z,node_1002,79.3,48.9,7330.0,6734877.0,5853782.0
2026-10-13T13:50:00Z,node_1018,29.5,38.9,9417.0,2449606.0,4832534.0
2026-10-13T13:55:00Z,node_1004,42.6,25.1,3641.0,8053300.0,6427049.0
2026-10-13T14:00:00Z,node_1041,66.9,12.6,12458.0,3494642.0,6200933.0
2026-10-13T14:05:00Z,node_1038,15.8,52.4,11323.0,6804401.0,5400505.0
2026-10-13T14:10:00Z,node_1002,57.6,71.6,3799.0,4257557.0,936956.0
2026-10-13T14:15:00Z,node_1038,42.6,86.1,8073.0,1124472.0,8816353.0
2026-10-13T14:20:00Z,node_1010,23.7,41.2,14258.0,8942460.0,8037384.0
2026-10-13T14:25:00Z,node_1044,83.5,49.8,642.0,7791725.0,2326019.0
2026-10-13T14:30:00Z,node_1031,35.2,79.1,4173.0,3367447.0,3829871.0
2026-10-13T14:35:00Z,node_1007,65.4,58.1,13527.0,1145290.0,8389145.0
2026-10-13T14:40:00Z,node_1050,62.6,88.2,6819.0,329377.0,6392551.0
2026-10-13T14:45:00Z,node_1026,31.0,24.5,5491.0,4019840.0,3710917.0
2026-10-13T14:50:00Z,node_1033,75.9,82.3,5857.0,4378450.0,7688250.0
2026-10-13T14:55:00Z,node_1032,68.7,22.5,1509.0,734373.0,323506.0
2026-10-13T15:00:00Z,node_1002,68.4,12.6,957.0,2121098.0,3829620.0
2026-10-13T15:05:00Z,node_1030,45.7,55.8,9384.0,1093499.0,1526481.0
2026-10-13T15:10:00Z,node_1048,44.0,92.2,7714.0,5751995.0,4997961.0
2026-10-13T15:15:00Z,node_1006,73.7,81.3,2304.0,3064414.0,2782976.0
2026-10-13T15:20:00Z,node_1006,40.8,17.8,14051.0,2870636.0,4062897.0
2026-10-13T15:25:00Z,node_1032,9.7,42.9,10019.0,6039679.0,6086183.0
2026-10-13T15:30:00Z,node_1025,11.2,87.4,416.0,3215128.0,4883971.0
2026-10-13T15:35:00Z,node_1022,59.2,65.7,13566.0,1799412.0,5894746.0
2026-10-13T15:40:00Z,node_1045,37.4,25.5,9978.0,6644478.0,9749052.0
2026-10-13T15:45:00Z,node_1022,89.8,65.8,8306.0,1994350.0,5112856.0
2026-10-13T15:50:00Z,node_1009,9.7,42.6,12449.0,9909179.0,8871917.0
2026-10-13T15:55:00Z,node_1020,97.5,14.5,6466.0,7914707.0,7714587.0
2026-10-13T16:00:00Z,node_1049,47.5,46.0,7438.0,6968337.0,8720474.0
2026-10-13T16:05:00Z,node_1036,12.4,67.3,12497.0,5978990.0,702923.0
2026-10-13T16:10:00Z,node_1038,50.1,94.6,3276.0,2431200.0,9173771.0
2026-10-13T16:15:00Z,node_1036,23.4,64.8,2508.0,3820930.0,5327101.0
2026-10-13T16:20:00Z,node_1021,10.4,91.1,9464.0,3005249.0,6314830.0
2026-10-13T16:25:00Z,node_1027,41.7,15.3,5617.0,591362.0,7429647.0
2026-10-13T16:30:00Z,node_1037,85.7,21.9,11978.0,338631.0,4334725.0
2026-10-13T16:35:00Z,node_1009,57.4,27.7,5499.0,6664792.0,5075749.0
2026-10-13T16:40:00Z,node_1013,28.3,78.2,1492.0,2418623.0,611293.0
2026-10-13T16:45:00Z,node_1025,16.7,72.5,7308.0,1091602.0,7043384.0
2026-10-13T16:50:00Z,node_1032,46.0,30.8,10164.0,4409106.0,1238204.0
2026-10-13T16:55:00Z,node_1047,58.4,50.0,9066.0,5795203.0,5081003.0
2026-10-13T17:00:00Z,node_1034,77.5,39.4,892.0,7362433.0,7629634.0
2026-10-13T17:05:00Z,node_1018,18.9,12.0,4092.0,7986020.0,2566315.0
2026-10-13T17:10:00Z,node_1004,96.3,80.5,11596.0,2831516.0,8333989.0
2026-10-13T17:15:00Z,node_1018,54.7,52.9,1225.0,2908943.0,53999.0
2026-10-13T17:20:00Z,node_1046,55.9,94.9,10013.0,5692310.0,22481.0
2026-10-13T17:25:00Z,node_1038,83.4,87.4,4052.0,450476.0,3987010.0
2026-10-13T17:30:00Z,node_1018,22.6,38.2,13588.0,747473.0,7677728.0
2026-10-13T17:35:00Z,node_1009,69.0,41.6,10095.0,7749374.0,9083702.0
2026-10-13T17:40:00Z,node_1021,80.9,22.7,1853.0,1522443.0,8440294.0
2026-10-13T17:45:00Z,node_1008,52.3,50.9,2188.0,4634701.0,996364.0
2026-10-13T17:50:00Z,node_1002,10.9,49.3,5986.0,4509893.0,8068665.0
2026-10-13T17:55:00Z,node_1025,86.4,33.0,12290.0,9162960.0,471338.0
2026-10-13T18:00:00Z,node_1018,61.4,39.4,9628.0,4263043.0,1569755.0
2026-10-13T18:05:00Z,node_1024,21.9,78.8,7685.0,2432568.0,8781684.0
2026-10-13T18:10:00Z,node_1001,84.5,44.2,14821.0,4213841.0,517479.0
2026-10-13T18:15:00Z,node_1046,64.5,79.3,11895.0,7569692.0,7541890.0
2026-10-13T18:20:00Z,node_1047,78.2,81.0,9632.0,9510269.0,6892942.0
2026-10-13T18:25:00Z,node_1025,48.5,43.5,8094.0,5846722.0,4199426.0
2026-10-13T18:30:00Z,node_1034,34.5,75.2,7038.0,9456484.0,2563089.0
2026-10-13T18:35:00Z,node_1007,21.7,76.8,2796.0,9930429.0,654386.0
2026-10-13T18:40:00Z,node_1038,18.4,15.3,652.0,3751872.0,3648482.0
2026-10-13T18:45:00Z,node_1004,28.9,24.6,12169.0,7764647.0,4964901.0
2026-10-13T18:50:00Z,node_1009,6.8,27.3,859.0,5095206.0,1937893.0
2026-10-13T18:55:00Z,node_1012,16.9,19.3,9808.0,5222165.0,1540542.0
2026-10-13T19:00:00Z,node_1039,93.3,52.3,8543.0,6654353.0,2272101.0
2026-10-13T19:05:00Z,node_1049,12.8,67.1,7397.0,7857482.0,9316341.0
2026-10-13T19:10:00Z,node_1007,58.6,65.3,2256.0,163287.0,5131891.0
2026-10-13T19:15:00Z,node_1026,68.3,52.0,12633.0,5417674.0,6838604.0
2026-10-13T19:20:00Z,node_1029,90.1,20.7,13077.0,2703655.0,3921753.0
2026-10-13T19:25:00Z,node_1049,88.6,10.7,8685.0,3890810.0,5811596.0
2026-10-13T19:30:00Z,node_1037,35.4,31.1,3983.0,6181977.0,121321.0
2026-10-13T19:35:00Z,node_1034,67.9,54.8,12139.0,351313.0,7488354.0
2026-10-13T19:40:00Z,node_1022,18.2,13.2,14119.0,7663258.0,1964444.0
2026-10-13T19:45:00Z,node_1046,52.6,78.8,12281.0,5535533.0,3248103.0
2026-10-13T19:50:00Z,node_1033,84.4,27.9,4722.0,4922601.0,665234.0
2026-10-13T19:55:00Z,node_1044,32.1,16.3,2953.0,2129115.0,2697992.0
2026-10-13T20:00:00Z,node_1008,26.2,78.8,13430.0,8623304.0,9303553.0
2026-10-13T20:05:00Z,node_1042,18.4,63.2,4797.0,1619032.0,8567230.0
2026-10-13T20:10:00Z,node_1027,92.3,87.6,12309.0,8096867.0,6299266.0
2026-10-13T20:15:00Z,node_1046,76.3,16.0,11762.0,1223789.0,8292374.0
2026-10-13T20:20:00Z,node_1029,76.6,32.9,8795.0,3316976.0,7620477.0
2026-10-13T20:25:00Z,node_1005,37.2,65.1,9443.0,788933.0,7358675.0
2026-10-13T20:30:00Z,node_1007,72.7,15.9,3812.0,4333820.0,2747829.0
2026-10-13T20:35:00Z,node_1018,7.1,12.0,3044.0,1408834.0,7467856.0
2026-10-13T20:40:00Z,node_1045,74.8,71.2,14206.0,6509776.0,6738632.0
2026-10-13T20:45:00Z,node_1006,88.1,17.6,4227.0,1436941.0,9950488.0
2026-10-13T20:50:00Z,node_1040,47.1,33.5,5831.0,170330.0,9168541.0
2026-10-13T20:55:00Z,node_1027,37.4,55.1,11438.0,3702564.0,7365988.0
2026-10-13T21:00:00Z,node_1022,11.7,67.4,9974.0,9913449.0,1219907.0
2026-10-13T21:05:00Z,node_1008,20.6,57.9,2123.0,9439081.0,7434558.0
2026-10-13T21:10:00Z,node_1019,24.7,81.6,8455.0,3496372.0,8220423.0
2026-10-13T21:15:00Z,node_1008,95.9,37.9,12298.0,557311.0,1326717.0
2026-10-13T21:20:00Z,node_1044,48.3,13.8,14899.0,7088502.0,5370687.0
2026-10-13T21:25:00Z,node_1033,26.5,34.2,280.0,7279939.0,2670958.0
2026-10-13T21:30:00Z,node_1049,48.2,45.5,13861.0,5863173.0,5686492.0
2026-10-13T21:35:00Z,node_1011,12.8,74.2,10306.0,4380693.0,4092422.0
2026-10-13T21:40:00Z,node_1012,44.2,35.0,5764.0,9985615.0,2662582.0
2026-10-13T21:45:00Z,node_1006,51.2,18.2,2218.0,6820609.0,8790410.0
2026-10-13T21:50:00Z,node_1042,80.7,73.5,9364.0,3285381.0,3361310.0
2026-10-13T21:55:00Z,node_1012,81.9,61.2,3615.0,4315195.0,1399881.0
2026-10-13T22:00:00Z,node_1001,87.5,91.8,7750.0,1829801.0,4929534.0
2026-10-13T22:05:00Z,node_1029,98.5,40.3,4675.0,1225089.0,1331822.0
2026-10-13T22:10:00Z,node_1045,14.6,38.1,9875.0,9938493.0,8617169.0
2026-10-13T22:15:00Z,node_1043,37.3,90.9,12254.0,7265356.0,8964500.0
2026-10-13T22:20:00Z,node_1011,70.9,70.6,6357.0,7015592.0,6694075.0
2026-10-13T22:25:00Z,node_1035,55.6,78.7,1552.0,2663591.0,5334734.0
2026-10-13T22:30:00Z,node_1019,93.9,31.4,10585.0,6284567.0,9843081.0
2026-10-13T22:35:00Z,node_1025,44.5,73.7,4596.0,484648.0,9456725.0
2026-10-13T22:40:00Z,node_1010,48.6,61.9,6992.0,2178568.0,2153673.0
2026-10-13T22:45:00Z,node_1048,79.2,51.2,8878.0,2548237.0,7480733.0
2026-10-13T22:50:00Z,node_1042,70.4,70.2,4738.0,5995776.0,5349193.0
2026-10-13T22:55:00Z,node_1022,18.4,33.5,8738.0,7293912.0,4071002.0
2026-10-13T23:00:00Z,node_1018,77.5,70.8,9755.0,2379.0,3242788.0
2026-10-13T23:05:00Z,node_1048,84.2,30.2,5930.0,2452752.0,4909715.0
2026-10-13T23:10:00Z,node_1047,48.5,62.2,3391.0,3788779.0,1223541.0
2026-10-13T23:15:00Z,node_1009,26.5,47.1,13023.0,2142547.0,3717021.0
2026-10-13T23:20:00Z,node_1033,41.7,33.0,2775.0,9748806.0,7938604.0
2026-10-13T23:25:00Z,node_1037,51.6,33.7,4148.0,6706934.0,552390.0
2026-10-13T23:30:00Z,node_1009,91.4,65.8,9849.0,2071469.0,4114156.0
2026-10-13T23:35:00Z,node_1003,15.1,12.7,14445.0,8499641.0,8074828.0
2026-10-13T23:40:00Z,node_1048,15.1,38.3,7127.0,6233470.0,9676502.0
2026-10-13T23:45:00Z,node_1031,36.2,41.2,6629.0,1128785.0,4543334.0
2026-10-13T23:50:00Z,node_1044,60.3,64.0,13985.0,5153262.0,7392147.0
2026-10-13T23:55:00Z,node_1029,6.2,52.6,10222.0,9336114.0,7773975.0
2026-10-14T00:00:00Z,node_1029,27.7,68.2,13510.0,3639449.0,625126.0
2026-10-14T00:05:00Z,node_1049,16.4,40.9,5966.0,5412361.0,7310925.0
2026-10-14T00:10:00Z,node_1042,96.3,69.6,3907.0,3409505.0,3090172.0
2026-10-14T00:15:00Z,node_1036,71.5,49.8,13130.0,5479503.0,2318804.0
2026-10-14T00:20:00Z,node_1027,95.7,58.1,10118.0,4591648.0,8147233.0
2026-10-14T00:25:00Z,node_1026,51.1,25.7,1633.0,5365981.0,4596966.0
2026-10-14T00:30:00Z,node_1028,37.0,20.7,8263.0,784021.0,254277.0
2026-10-14T00:35:00Z,node_1039,97.7,87.8,7821.0,2465753.0,6953564.0
2026-10-14T00:40:00Z,node_1011,81.0,67.9,12057.0,8699610.0,6639597.0
2026-10-14T00:45:00Z,node_1037,26.4,43.2,13541.0,3423047.0,8114333.0
2026-10-14T00:50:00Z,node_1003,55.1,14.4,4205.0,4712362.0,9119967.0
2026-10-14T00:55:00Z,node_1047,20.7,20.0,14865.0,2308783.0,106047.0
2026-10-14T01:00:00Z,node_1032,97.9,69.8,7370.0,8567293.0,9867781.0
2026-10-14T01:05:00Z,node_1019,94.0,26.3,5565.0,4949639.0,3714324.0
2026-10-14T01:10:00Z,node_1006,11.2,76.2,4088.0,7141565.0,4815617.0
2026-10-14T01:15:00Z,node_1050,74.9,28.5,11321.0,5728359.0,5065565.0
2026-10-14T01:20:00Z,node_1023,6.7,41.4,3795.0,1598417.0,4434720.0
2026-10-14T01:25:00Z,node_1003,23.4,52.1,2210.0,4199451.0,7146914.0
2026-10-14T01:30:00Z,node_1008,56.9,85.3,3223.0,2999953.0,5857865.0
2026-10-14T01:35:00Z,node_1016,46.0,24.6,6521.0,5701623.0,9262922.0
2026-10-14T01:40:00Z,node_1040,48.9,86.3,8183.0,9884126.0,3968316.0
2026-10-14T01:45:00Z,node_1027,92.3,87.5,11340.0,5922943.0,7542112.0
2026-10-14T01:50:00Z,node_1015,53.9,37.7,8424.0,8705818.0,9027872.0
2026-10-14T01:55:00Z,node_1032,59.1,71.3,7691.0,2104022.0,3897289.0
2026-10-14T02:00:00Z,node_1013,83.3,38.9,4605.0,3281220.0,3548038.0
2026-10-14T02:05:00Z,node_1005,9.7,89.4,4197.0,6783426.0,1892417.0
2026-10-14T02:10:00Z,node_1048,20.0,30.6,10698.0,6992663.0,9728441.0
2026-10-14T02:15:00Z,node_1014,33.7,45.5,13137.0,1729378.0,8686427.0
2026-10-14T02:20:00Z,node_1025,63.3,85.8,12134.0,5520010.0,4195660.0
2026-10-14T02:25:00Z,node_1004,22.0,10.6,13868.0,1871710.0,1361893.0
2026-10-14T02:30:00Z,node_1021,23.0,83.7,8350.0,9257595.0,2130281.0
2026-10-14T02:35:00Z,node_1039,34.3,64.8,7651.0,2240012.0,25038.0
2026-10-14T02:40:00Z,node_1018,10.7,15.4,8513.0,5605903.0,6377287.0
2026-10-14T02:45:00Z,node_1030,19.8,90.4,7413.0,1191086.0,3665811.0
2026-10-14T02:50:00Z,node_1022,55.1,49.4,11992.0,8350904.0,9234919.0
2026-10-14T02:55:00Z,node_1024,39.7,37.3,7481.0,2640454.0,601187.0
2026-10-14T03:00:00Z,node_1027,77.1,84.8,9693.0,3973821.0,8038837.0
2026-10-14T03:05:00Z,node_1028,32.0,88.1,12391.0,4361775.0,2477902.0
2026-10-14T03:10:00Z,node_1031,82.7,24.8,5810.0,3564276.0,7630391.0
2026-10-14T03:15:00Z,node_1023,27.1,27.7,10371.0,2115637.0,9351363.0
2026-10-14T03:20:00Z,node_1013,28.4,53.3,12874.0,6424752.0,5318329.0
2026-10-14T03:25:00Z,node_1011,74.8,24.5,11829.0,7585481.0,294679.0
2026-10-14T03:30:00Z,node_1024,83.5,26.7,10759.0,2127919.0,5975568.0
2026-10-14T03:35:00Z,node_1029,15.9,76.3,13407.0,3610661.0,9776299.0
2026-10-14T03:40:00Z,node_1020,42.0,22.6,11298.0,4574373.0,9144980.0
2026-10-14T03:45:00Z,node_1030,29.0,75.5,1066.0,4718133.0,8630184.0
2026-10-14T03:50:00Z,node_1002,86.8,68.1,7603.0,8787361.0,7927753.0
2026-10-14T03:55:00Z,node_1012,93.4,39.3,11528.0,7615043.0,1771346.0
2026-10-14T04:00:00Z,node_1009,97.9,68.3,1916.0,5190920.0,269488.0
2026-10-14T04:05:00Z,node_1020,76.3,54.8,10767.0,29981.0,502266.0
2026-10-14T04:10:00Z,node_1017,58.2,57.3,2456.0,2157072.0,7509914.0
2026-10-14T04:15:00Z,node_1031,72.7,64.5,9337.0,7953505.0,5628651.0
2026-10-14T04:20:00Z,node_1009,54.2,16.7,10356.0,6609173.0,4664623.0
2026-10-14T04:25:00Z,node_1005,11.0,10.8,10152.0,9304201.0,3787839.0
2026-10-14T04:30:00Z,node_1032,52.6,16.8,6295.0,9230999.0,4569721.0
2026-10-14T04:35:00Z,node_1009,63.3,35.3,12878.0,5503669.0,7092120.0
2026-10-14T04:40:00Z,node_1032,68.3,62.2,12822.0,5186788.0,4397731.0
2026-10-14T04:45:00Z,node_1022,76.1,30.0,3705.0,6829722.0,1729200.0
2026-10-14T04:50:00Z,node_1027,46.6,90.0,2476.0,2477166.0,9032336.0
2026-10-14T04:55:00Z,node_1011,33.0,25.6,6043.0,7545340.0,2352248.0
2026-10-14T05:00:00Z,node_1037,8.0,15.1,10818.0,9051936.0,3530678.0
2026-10-14T05:05:00Z,node_1045,88.2,19.4,8373.0,746275.0,4177665.0
2026-10-14T05:10:00Z,node_1048,92.8,21.2,5566.0,6979165.0,7964524.0
2026-10-14T05:15:00Z,node_1022,36.4,75.1,147.0,6207832.0,4518076.0
2026-10-14T05:20:00Z,node_1015,86.9,19.8,5565.0,1173343.0,5248590.0
2026-10-14T05:25:00Z,node_1005,73.8,56.5,14827.0,2357212.0,5575070.0
2026-10-14T05:30:00Z,node_1034,93.3,54.3,6823.0,7853984.0,5879368.0
2026-10-14T05:35:00Z,node_1050,34.5,28.2,1624.0,3729649.0,7085584.0
2026-10-14T05:40:00Z,node_1013,56.0,64.7,9453.0,8838316.0,2792346.0
2026-10-14T05:45:00Z,node_1038,21.7,55.0,13523.0,7090721.0,2041771.0
2026-10-14T05:50:00Z,node_1029,15.0,46.6,7397.0,2957324.0,9583364.0
2026-10-14T05:55:00Z,node_1015,60.2,82.4,14828.0,5245374.0,2586436.0
2026-10-14T06:00:00Z,node_1005,30.4,89.8,11031.0,5839214.0,6665270.0
2026-10-14T06:05:00Z,node_1043,38.9,30.0,1952.0,3323386.0,6711661.0
2026-10-14T06:10:00Z,node_1034,69.7,58.6,2680.0,9755147.0,7163536.0
2026-10-14T06:15:00Z,node_1018,63.6,78.7,6076.0,9738512.0,5051667.0
2026-10-14T06:20:00Z,node_1046,73.0,41.6,385.0,9442664.0,1279865.0
2026-10-14T06:25:00Z,node_1029,58.1,73.2,13995.0,7133216.0,1735753.0
2026-10-14T06:30:00Z,node_1033,44.3,78.1,6542.0,7268146.0,147668.0
2026-10-14T06:35:00Z,node_1041,68.1,16.5,2742.0,5076825.0,3894524.0
2026-10-14T06:40:00Z,node_1044,16.5,10.4,5031.0,5382682.0,4814499.0
2026-10-14T06:45:00Z,node_1018,86.4,64.0,4951.0,1979529.0,6434235.0
2026-10-14T06:50:00Z,node_1034,84.7,21.5,2925.0,2379936.0,655472.0
2026-10-14T06:55:00Z,node_1035,29.1,78.4,14826.0,8799386.0,9322021.0
2026-10-14T07:00:00Z,node_1042,28.4,51.4,5114.0,8440715.0,9295547.0
2026-10-14T07:05:00Z,node_1021,10.2,46.6,4004.0,9348559.0,2963308.0
2026-10-14T07:10:00Z,node_1045,79.5,29.5,7605.0,6890815.0,8437643.0
2026-10-14T07:15:00Z,node_1037,67.9,12.5,14126.0,3398021.0,7377423.0
2026-10-14T07:20:00Z,node_1034,91.6,36.6,9050.0,4120399.0,7576774.0
2026-10-14T07:25:00Z,node_1030,28.6,29.1,14664.0,5814239.0,5108472.0
2026-10-14T07:30:00Z,node_1039,79.4,88.9,5211.0,9156313.0,634495.0
2026-10-14T07:35:00Z,node_1040,50.7,59.1,13501.0,1819239.0,5695823.0
2026-10-14T07:40:00Z,node_1006,47.8,20.5,10626.0,4822761.0,4927430.0
2026-10-14T07:45:00Z,node_1044,45.5,73.4,1125.0,2189605.0,9339381.0
2026-10-14T07:50:00Z,node_1006,44.1,55.0,9833.0,138913.0,1203412.0
2026-10-14T07:55:00Z,node_1032,78.0,40.8,6116.0,260877.0,2856798.0
2026-10-14T08:00:00Z,node_1033,84.1,66.7,8989.0,3558742.0,2705965.0
2026-10-14T08:05:00Z,node_1049,30.4,69.0,8911.0,1372410.0,9386.0
2026-10-14T08:10:00Z,node_1041,18.2,22.8,8723.0,3187183.0,8600757.0
2026-10-14T08:15:00Z,node_1011,76.9,48.2,7071.0,23320.0,1977389.0
2026-10-14T08:20:00Z,node_1009,55.6,72.4,13873.0,2200851.0,5241807.0
2026-10-14T08:25:00Z,node_1019,47.7,59.0,6365.0,2486913.0,1205613.0
2026-10-14T08:30:00Z,node_1026,56.0,35.6,14492.0,8524831.0,9139718.0
2026-10-14T08:35:00Z,node_1011,91.9,37.6,547.0,7348230.0,407668.0
2026-10-14T08:40:00Z,node_1016,18.1,39.4,8540.0,1674301.0,2402579.0
2026-10-14T08:45:00Z,node_1040,20.3,32.3,2517.0,5060373.0,5637978.0
2026-10-14T08:50:00Z,node_1018,35.9,23.7,1860.0,8336504.0,1449501.0
2026-10-14T08:55:00Z,node_1005,57.8,67.6,14636.0,8009502.0,2461183.0
2026-10-14T09:00:00Z,node_1001,34.1,29.1,9600.0,709585.0,3543335.0
2026-10-14T09:05:00Z,node_1019,21.0,58.8,13846.0,1740086.0,2914709.0
2026-10-14T09:10:00Z,node_1012,67.2,38.8,10007.0,1233391.0,9373599.0
2026-10-14T09:15:00Z,node_1018,97.2,27.4,4226.0,118194.0,8825108.0
2026-10-14T09:20:00Z,node_1025,17.2,18.4,2964.0,3958895.0,5080302.0
2026-10-14T09:25:00Z,node_1036,17.6,63.3,5923.0,4471125.0,104384.0
2026-10-14T09:30:00Z,node_1047,30.1,78.2,8386.0,6765240.0,6217293.0
2026-10-14T09:35:00Z,node_1031,63.4,57.1,757.0,9847749.0,501473.0
2026-10-14T09:40:00Z,node_1026,91.4,34.1,10025.0,9762963.0,698607.0
2026-10-14T09:45:00Z,node_1045,6.6,24.9,3944.0,5369377.0,7542044.0
2026-10-14T09:50:00Z,node_1003,87.9,45.6,5469.0,1618027.0,3106754.0
2026-10-14T09:55:00Z,node_1037,29.3,14.4,1511.0,4146279.0,5718260.0
2026-10-14T10:00:00Z,node_1028,59.4,13.8,3167.0,366562.0,3229082.0
2026-10-14T10:05:00Z,node_1026,39.6,30.6,7001.0,1346971.0,7691969.0
2026-10-14T10:10:00Z,node_1041,74.9,13.7,11891.0,6914337.0,4293034.0
2026-10-14T10:15:00Z,node_1001,39.0,78.0,707.0,6969985.0,7138137.0
2026-10-14T10:20:00Z,node_1040,11.8,48.6,6284.0,7418065.0,5021457.0
2026-10-14T10:25:00Z,node_1007,15.0,45.1,4045.0,8716888.0,751113.0
2026-10-14T10:30:00Z,node_1048,44.5,23.0,1642.0,4393556.0,4296907.0
2026-10-14T10:35:00Z,node_1018,61.1,39.1,12088.0,8074508.0,2162765.0
2026-10-14T10:40:00Z,node_1013,11.8,30.2,7413.0,1468751.0,9106713.0
2026-10-14T10:45:00Z,node_1015,6.9,52.6,2763.0,1047246.0,3208347.0
2026-10-14T10:50:00Z,node_1043,72.5,71.5,8021.0,887089.0,7431079.0
2026-10-14T10:55:00Z,node_1037,85.4,78.1,10206.0,9432009.0,2962189.0
2026-10-14T11:00:00Z,node_1019,37.8,78.1,1236.0,584471.0,8022020.0
2026-10-14T11:05:00Z,node_1044,84.3,31.2,10843.0,5464778.0,1650978.0
2026-10-14T11:10:00Z,node_1012,53.6,36.4,6464.0,8937570.0,2195649.0
2026-10-14T11:15:00Z,node_1030,54.3,78.0,2352.0,1550293.0,8576213.0
2026-10-14T11:20:00Z,node_1022,90.4,93.6,3111.0,1873939.0,7545435.0
2026-10-14T11:25:00Z,node_1020,10.7,31.1,7645.0,8483900.0,1487628.0
2026-10-14T11:30:00Z,node_1005,65.4,46.1,3568.0,1764615.0,7834570.0
2026-10-14T11:35:00Z,node_1024,83.2,11.2,14792.0,1899979.0,3933532.0
2026-10-14T11:40:00Z,node_1011,55.3,32.6,12162.0,5626603.0,460996.0
2026-10-14T11:45:00Z,node_1006,48.4,42.2,5586.0,869564.0,5238736.0
2026-10-14T11:50:00Z,node_1028,82.8,26.3,1171.0,7318890.0,9427409.0
2026-10-14T11:55:00Z,node_1042,23.5,33.8,7720.0,2490911.0,445322.0
2026-10-14T12:00:00Z,node_1009,8.6,81.2,11364.0,1044570.0,4968416.0
2026-10-14T12:05:00Z,node_1002,26.1,71.7,7326.0,3468345.0,655908.0
2026-10-14T12:10:00Z,node_1027,42.6,51.1,3682.0,1012220.0,7238996.0
2026-10-14T12:15:00Z,node_1023,79.0,10.7,9371.0,8725763.0,6588877.0
2026-10-14T12:20:00Z,node_1018,55.8,74.5,5372.0,7497267.0,3311267.0
2026-10-14T12:25:00Z,node_1046,18.5,33.2,6842.0,1915848.0,5859242.0
2026-10-14T12:30:00Z,node_1033,54.1,35.8,987.0,8419590.0,1457621.0
2026-10-14T12:35:00Z,node_1043,62.6,95.0,8225.0,459104.0,3929772.0
2026-10-14T12:40:00Z,node_1017,84.2,83.4,11438.0,5749460.0,314732.0
2026-10-14T12:45:00Z,node_1014,49.1,61.7,5905.0,8596833.0,1956594.0
2026-10-14T12:50:00Z,node_1019,23.4,75.4,7406.0,9319993.0,2084423.0
2026-10-14T12:55:00Z,node_1047,85.8,90.8,12727.0,9757433.0,1318934.0
2026-10-14T13:00:00Z,node_1034,57.9,39.3,11039.0,8238089.0,3040328.0
2026-10-14T13:05:00Z,node_1022,86.7,49.9,14130.0,3060157.0,5433219.0
2026-10-14T13:10:00Z,node_1016,72.7,68.0,14197.0,4164570.0,569220.0
2026-10-14T13:15:00Z,node_1039,78.4,39.1,8276.0,1166137.0,5989335.0
2026-10-14T13:20:00Z,node_1025,89.9,59.7,7136.0,1785875.0,3215000.0
2026-10-14T13:25:00Z,node_1001,97.8,26.5,6603.0,5220401.0,4054482.0
2026-10-14T13:30:00Z,node_1034,61.7,82.1,1135.0,4375034.0,8304621.0
2026-10-14T13:35:00Z,node_1015,49.1,66.4,14336.0,1644216.0,7994939.0
2026-10-14T13:40:00Z,node_1015,61.3,45.1,14038.0,621369.0,3908324.0
2026-10-14T13:45:00Z,node_1023,5.6,42.9,9904.0,7670650.0,2227163.0
2026-10-14T13:50:00Z,node_1002,46.3,37.8,1504.0,2415346.0,8571890.0
2026-10-14T13:55:00Z,node_1040,82.5,86.6,7801.0,5173847.0,1964731.0
2026-10-14T14:00:00Z,node_1017,79.5,66.6,8438.0,9086717.0,6663936.0
2026-10-14T14:05:00Z,node_1005,72.4,68.9,7150.0,6763134.0,8751188.0
2026-10-14T14:10:00Z,node_1005,60.1,72.3,10725.0,8141469.0,6439040.0
2026-10-14T14:15:00Z,node_1030,83.3,94.6,10360.0,2974768.0,1065180.0
2026-10-14T14:20:00Z,node_1038,6.0,40.7,9136.0,9875981.0,9012716.0
2026-10-14T14:25:00Z,node_1010,43.6,89.9,4203.0,159435.0,7551959.0
2026-10-14T14:30:00Z,node_1019,89.7,43.9,1623.0,7319097.0,1853396.0
2026-10-14T14:35:00Z,node_1021,85.3,37.7,7097.0,2199354.0,1067283.0
2026-10-14T14:40:00Z,node_1034,67.2,42.1,10938.0,9089839.0,2099151.0
2026-10-14T14:45:00Z,node_1029,58.8,50.6,12185.0,6407674.0,1674478.0
2026-10-14T14:50:00Z,node_1044,15.9,32.1,7762.0,4140916.0,6789982.0
2026-10-14T14:55:00Z,node_1007,15.5,89.8,9858.0,7217339.0,2716668.0
2026-10-14T15:00:00Z,node_1005,53.3,22.0,14419.0,5119537.0,6828340.0
2026-10-14T15:05:00Z,node_1022,40.1,65.3,1291.0,1975648.0,1286826.0
2026-10-14T15:10:00Z,node_1035,8.9,93.4,14784.0,319654.0,7189464.0
2026-10-14T15:15:00Z,node_1047,48.8,66.6,12473.0,4675514.0,1273315.0
2026-10-14T15:20:00Z,node_1016,23.7,61.1,5600.0,8653420.0,776537.0
2026-10-14T15:25:00Z,node_1001,87.8,86.9,5742.0,3525285.0,5424084.0
2026-10-14T15:30:00Z,node_1043,80.0,92.6,6304.0,16846.0,7778630.0
2026-10-14T15:35:00Z,node_1046,8.0,20.6,7421.0,7910559.0,6457567.0
2026-10-14T15:40:00Z,node_1033,36.4,84.3,14632.0,4240736.0,915186.0
2026-10-14T15:45:00Z,node_1035,10.6,25.4,100.0,3342691.0,2988280.0
2026-10-14T15:50:00Z,node_1007,37.8,22.6,3254.0,5747481.0,1992212.0
2026-10-14T15:55:00Z,node_1041,35.8,23.5,651.0,5999307.0,9067206.0
2026-10-14T16:00:00Z,node_1006,41.3,68.3,2116.0,3799685.0,5603767.0
2026-10-14T16:05:00Z,node_1011,11.8,32.3,9904.0,7109679.0,4731372.0
2026-10-14T16:10:00Z,node_1022,84.6,13.0,12995.0,127910.0,8733902.0
2026-10-14T16:15:00Z,node_1013,57.3,86.5,13529.0,9382689.0,6975205.0
2026-10-14T16:20:00Z,node_1002,68.6,66.0,13677.0,3549053.0,4104022.0
2026-10-14T16:25:00Z,node_1001,36.3,47.8,3887.0,2874423.0,2848753.0
2026-10-14T16:30:00Z,node_1049,82.5,21.1,2116.0,6597750.0,9685283.0
2026-10-14T16:35:00Z,node_1016,49.4,68.1,212.0,3129300.0,8439316.0
2026-10-14T16:40:00Z,node_1016,80.5,71.3,10494.0,9993409.0,5379932.0
2026-10-14T16:45:00Z,node_1036,75.8,26.7,12073.0,9796030.0,2099862.0
2026-10-14T16:50:00Z,node_1020,5.5,90.4,3947.0,7306517.0,2185333.0
2026-10-14T16:55:00Z,node_1001,56.3,77.6,6125.0,3914191.0,6410458.0
2026-10-14T17:00:00Z,node_1018,36.6,94.6,209.0,2174086.0,2028050.0
2026-10-14T17:05:00Z,node_1037,8.7,83.2,8508.0,771960.0,3518901.0
2026-10-14T17:10:00Z,node_1043,22.8,52.8,14905.0,663159.0,2859155.0
2026-10-14T17:15:00Z,node_1047,32.8,33.4,7167.0,9493890.0,4774096.0
2026-10-14T17:20:00Z,node_1049,40.1,61.5,7699.0,7270723.0,847848.0
2026-10-14T17:25:00Z,node_1028,13.0,24.5,5354.0,2256569.0,9383679.0
2026-10-14T17:30:00Z,node_1007,45.4,55.5,3420.0,5122129.0,2445338.0
2026-10-14T17:35:00Z,node_1029,14.9,49.2,3142.0,8081757.0,8552506.0
2026-10-14T17:40:00Z,node_1004,71.0,33.2,14489.0,6152439.0,1545812.0
2026-10-14T17:45:00Z,node_1006,31.1,19.8,6201.0,553464.0,7715905.0
2026-10-14T17:50:00Z,node_1016,63.3,91.9,14523.0,9645028.0,3776142.0
2026-10-14T17:55:00Z,node_1028,59.1,25.0,456.0,9794021.0,9659498.0
2026-10-14T18:00:00Z,node_1029,50.4,77.4,11953.0,2330248.0,2938484.0
2026-10-14T18:05:00Z,node_1038,67.2,29.3,11864.0,767370.0,4680454.0
2026-10-14T18:10:00Z,node_1026,28.6,63.1,1709.0,1929592.0,4854925.0
2026-10-14T18:15:00Z,node_1020,68.0,51.5,298.0,7408492.0,8106442.0
2026-10-14T18:20:00Z,node_1031,10.3,85.4,9252.0,9675021.0,4333241.0
2026-10-14T18:25:00Z,node_1030,48.2,84.0,3048.0,7444422.0,67048.0
2026-10-14T18:30:00Z,node_1025,22.6,15.5,8108.0,213340.0,3928074.0
2026-10-14T18:35:00Z,node_1039,88.4,65.0,10070.0,9283364.0,1027603.0
2026-10-14T18:40:00Z,node_1001,63.5,56.8,9976.0,6026841.0,9514818.0
2026-10-14T18:45:00Z,node_1008,32.0,86.1,1115.0,3149798.0,1713853.0
2026-10-14T18:50:00Z,node_1005,58.2,47.0,12821.0,9089230.0,6773723.0
2026-10-14T18:55:00Z,node_1025,48.8,94.0,8810.0,2386871.0,103059.0
2026-10-14T19:00:00Z,node_1008,65.0,93.5,2386.0,2156375.0,5698351.0
2026-10-14T19:05:00Z,node_1030,67.7,17.6,14535.0,7574323.0,9275466.0
2026-10-14T19:10:00Z,node_1023,41.6,21.9,4080.0,9318280.0,1700358.0
2026-10-14T19:15:00Z,node_1019,75.8,43.4,2128.0,5857802.0,7529426.0
2026-10-14T19:20:00Z,node_1017,97.3,86.2,523.0,8769667.0,4649173.0
2026-10-14T19:25:00Z,node_1020,77.4,64.7,3979.0,8524056.0,7655846.0
2026-10-14T19:30:00Z,node_1040,11.8,57.7,8029.0,8849823.0,8379325.0
2026-10-14T19:35:00Z,node_1009,56.0,25.6,3526.0,1755590.0,4838770.0
2026-10-14T19:40:00Z,node_1049,94.0,25.5,7428.0,5534499.0,2170348.0
2026-10-14T19:45:00Z,node_1041,98.8,21.3,7991.0,3814614.0,4283615.0
2026-10-14T19:50:00Z,node_1042,63.6,37.1,13113.0,1461553.0,8690982.0
2026-10-14T19:55:00Z,node_1035,74.6,80.5,9263.0,5954838.0,621899.0
2026-10-14T20:00:00Z,node_1029,9.1,55.3,5047.0,792555.0,3753526.0
2026-10-14T20:05:00Z,node_1028,94.8,24.9,14482.0,625686.0,2077072.0
2026-10-14T20:10:00Z,node_1037,73.9,33.8,13515.0,2593882.0,7136201.0
2026-10-14T20:15:00Z,node_1003,20.0,92.9,13607.0,7824446.0,9111395.0
2026-10-14T20:20:00Z,node_1046,21.1,33.6,4840.0,9430782.0,7730311.0
2026-10-14T20:25:00Z,node_1030,94.5,46.8,7283.0,7199989.0,1790513.0
2026-10-14T20:30:00Z,node_1045,36.7,19.6,303.0,8827159.0,4836992.0
2026-10-14T20:35:00Z,node_1011,97.7,92.3,6890.0,2684721.0,8042718.0
2026-10-14T20:40:00Z,node_1008,67.6,61.4,5753.0,6192633.0,5634869.0
2026-10-14T20:45:00Z,node_1029,75.4,67.3,6317.0,7660606.0,4825639.0
2026-10-14T20:50:00Z,node_1007,20.3,71.2,14040.0,1480027.0,3744617.0
2026-10-14T20:55:00Z,node_1045,54.6,78.0,6168.0,6521694.0,9024177.0
2026-10-14T21:00:00Z,node_1029,28.7,48.3,10419.0,7655805.0,6606027.0
2026-10-14T21:05:00Z,node_1040,76.4,29.5,7749.0,3839519.0,5049563.0
2026-10-14T21:10:00Z,node_1006,45.2,29.7,14224.0,9276825.0,2279869.0
2026-10-14T21:15:00Z,node_1010,43.4,24.4,4564.0,3635655.0,2812142.0
2026-10-14T21:20:00Z,node_1013,38.1,45.7,955.0,3422187.0,6281279.0
2026-10-14T21:25:00Z,node_1035,63.9,68.0,2548.0,9680491.0,5511430.0
2026-10-14T21:30:00Z,node_1040,27.2,91.9,2433.0,8332908.0,1180178.0
2026-10-14T21:35:00Z,node_1034,85.3,19.1,13129.0,3873140.0,8204635.0
2026-10-14T21:40:00Z,node_1017,23.8,60.7,5312.0,8709309.0,6935346.0
2026-10-14T21:45:00Z,node_1009,79.1,86.8,7789.0,5325317.0,1036000.0
2026-10-14T21:50:00Z,node_1030,27.0,29.3,2986.0,7390484.0,3029898.0
2026-10-14T21:55:00Z,node_1016,18.6,71.2,9040.0,4740835.0,1636875.0
2026-10-14T22:00:00Z,node_1004,7.5,32.1,5386.0,490332.0,3897907.0
2026-10-14T22:05:00Z,node_1046,86.4,17.2,4422.0,5975635.0,5446787.0
2026-10-14T22:10:00Z,node_1045,74.4,10.5,12098.0,2025184.0,8731802.0
2026-10-14T22:15:00Z,node_1021,16.3,59.4,14654.0,3511406.0,1673468.0
2026-10-14T22:20:00Z,node_1028,62.3,50.8,7044.0,8749509.0,4753220.0
2026-10-14T22:25:00Z,node_1004,6.3,66.1,3035.0,3235817.0,1821311.0
2026-10-14T22:30:00Z,node_1004,33.5,13.0,2674.0,8317418.0,1947857.0
2026-10-14T22:35:00Z,node_1049,35.1,64.1,6157.0,6421364.0,9339270.0
2026-10-14T22:40:00Z,node_1025,75.4,53.5,12700.0,8927910.0,419586.0
2026-10-14T22:45:00Z,node_1010,63.5,20.6,9628.0,1410931.0,1567278.0
2026-10-14T22:50:00Z,node_1021,47.5,13.3,10798.0,2510530.0,4004231.0
2026-10-14T22:55:00Z,node_1042,5.0,58.5,448.0,1943100.0,8269856.0
2026-10-14T23:00:00Z,node_1038,33.4,49.8,5407.0,6088835.0,7509680.0
2026-10-14T23:05:00Z,node_1002,26.7,41.7,903.0,8221911.0,4316938.0
2026-10-14T23:10:00Z,node_1006,9.4,92.9,11658.0,727572.0,1733115.0
2026-10-14T23:15:00Z,node_1041,45.1,48.4,14676.0,2344897.0,7079070.0
2026-10-14T23:20:00Z,node_1010,89.7,47.3,8934.0,5925034.0,7851551.0
2026-10-14T23:25:00Z,node_1002,20.2,35.0,14285.0,24956.0,8887432.0
2026-10-14T23:30:00Z,node_1016,59.8,14.5,12373.0,3140570.0,8931181.0
2026-10-14T23:35:00Z,node_1012,75.2,88.9,10677.0,6187383.0,3946275.0
2026-10-14T23:40:00Z,node_1004,9.0,25.1,3840.0,1239187.0,1319712.0
2026-10-14T23:45:00Z,node_1029,47.8,17.8,12654.0,3922132.0,5777609.0
2026-10-14T23:50:00Z,node_1050,49.4,46.3,7940.0,2985179.0,8747191.0
2026-10-14T23:55:00Z,node_1029,63.7,39.7,13495.0,2135084.0,5364356.0
2026-10-15T00:00:00Z,node_1028,36.3,72.2,5981.0,9591536.0,4092665.0
2026-10-15T00:05:00Z,node_1030,63.8,94.4,7098.0,6363672.0,3386421.0
2026-10-15T00:10:00Z,node_1018,48.6,41.5,5313.0,6806331.0,1392239.0
2026-10-15T00:15:00Z,node_1040,87.9,71.2,13202.0,4694870.0,7080977.0
2026-10-15T00:20:00Z,node_1031,48.9,32.3,3452.0,7484758.0,9956265.0
2026-10-15T00:25:00Z,node_1043,50.1,26.0,6629.0,3796747.0,2994433.0
2026-10-15T00:30:00Z,node_1031,37.1,71.0,6540.0,9916168.0,8131700.0
2026-10-15T00:35:00Z,node_1011,98.6,93.3,13600.0,5113229.0,6823967.0
2026-10-15T00:40:00Z,node_1049,78.4,83.3,3523.0,4807085.0,2149108.0
2026-10-15T00:45:00Z,node_1008,73.7,49.6,10167.0,715123.0,7848156.0
2026-10-15T00:50:00Z,node_1039,96.1,45.8,3740.0,5812808.0,4574741.0
2026-10-15T00:55:00Z,node_1016,32.0,93.3,1469.0,8591896.0,7300065.0
2026-10-15T01:00:00Z,node_1003,29.3,32.8,11848.0,1931706.0,9919084.0
2026-10-15T01:05:00Z,node_1025,93.0,23.3,8597.0,5112673.0,3781002.0
2026-10-15T01:10:00Z,node_1045,75.0,68.2,12977.0,5516925.0,7208297.0
2026-10-15T01:15:00Z,node_1047,23.1,45.7,13106.0,2239572.0,9687447.0
2026-10-15T01:20:00Z,node_1044,51.3,24.0,1831.0,7641592.0,9283875.0
2026-10-15T01:25:00Z,node_1020,19.6,23.3,4226.0,707826.0,7593964.0
2026-10-15T01:30:00Z,node_1011,74.3,49.2,6787.0,3556968.0,157434.0
2026-10-15T01:35:00Z,node_1002,94.1,89.2,5720.0,2473801.0,1639673.0
2026-10-15T01:40:00Z,node_1012,82.0,24.6,11006.0,1456388.0,8708845.0
2026-10-15T01:45:00Z,node_1032,54.3,86.0,9569.0,8178434.0,244634.0
2026-10-15T01:50:00Z,node_1038,46.4,83.5,1399.0,9565056.0,5113413.0
2026-10-15T01:55:00Z,node_1020,27.7,26.1,12182.0,296865.0,3624234.0
2026-10-15T02:00:00Z,node_1002,74.4,83.5,1826.0,4993585.0,1628534.0
2026-10-15T02:05:00Z,node_1030,66.1,58.3,8405.0,3590781.0,5111901.0
2026-10-15T02:10:00Z,node_1037,69.2,40.4,536.0,4987129.0,2370872.0
2026-10-15T02:15:00Z,node_1043,85.2,17.5,3760.0,288337.0,3262330.0
2026-10-15T02:20:00Z,node_1016,26.7,36.9,10892.0,130676.0,8004876.0
2026-10-15T02:25:00Z,node_1015,20.7,12.7,9601.0,7384245.0,3293929.0
2026-10-15T02:30:00Z,node_1038,41.0,15.4,7010.0,4253500.0,6943559.0
2026-10-15T02:35:00Z,node_1041,95.5,84.4,11617.0,7649066.0,7158429.0
2026-10-15T02:40:00Z,node_1039,39.9,64.0,2846.0,5277258.0,7075740.0
2026-10-15T02:45:00Z,node_1007,24.9,30.2,7550.0,7358949.0,6393600.0
2026-10-15T02:50:00Z,node_1022,88.4,44.0,838.0,4204789.0,5265218.0
2026-10-15T02:55:00Z,node_1030,95.5,89.2,1236.0,3134969.0,6362895.0
2026-10-15T03:00:00Z,node_1018,47.6,49.2,5603.0,3588520.0,1510613.0
2026-10-15T03:05:00Z,node_1019,12.8,65.8,10492.0,2833291.0,7767929.0
2026-10-15T03:10:00Z,node_1045,82.9,37.0,1709.0,695554.0,5526208.0
2026-10-15T03:15:00Z,node_1050,61.0,92.4,2980.0,837564.0,5024745.0
2026-10-15T03:20:00Z,node_1006,44.9,42.8,10373.0,906337.0,7376479.0
2026-10-15T03:25:00Z,node_1047,54.3,15.8,7450.0,8263757.0,6926560.0
2026-10-15T03:30:00Z,node_1002,97.6,19.5,10333.0,1867005.0,4298412.0
2026-10-15T03:35:00Z,node_1050,92.0,17.7,3054.0,9568231.0,791368.0
2026-10-15T03:40:00Z,node_1010,14.4,33.6,830.0,1987607.0,6645580.0
2026-10-15T03:45:00Z,node_1037,9.8,80.6,4094.0,687709.0,5795136.0
2026-10-15T03:50:00Z,node_1006,46.6,49.7,11770.0,2331895.0,8076200.0
2026-10-15T03:55:00Z,node_1021,52.3,54.3,9198.0,7716166.0,9765153.0
2026-10-15T04:00:00Z,node_1038,15.4,20.8,13761.0,2673058.0,9238597.0
2026-10-15T04:05:00Z,node_1018,86.3,45.8,8175.0,8142050.0,3582943.0
2026-10-15T04:10:00Z,node_1025,95.7,77.7,5536.0,1630672.0,6928500.0
2026-10-15T04:15:00Z,node_1028,45.9,84.0,2273.0,2949449.0,5700888.0
2026-10-15T04:20:00Z,node_1009,74.6,39.8,4063.0,7520100.0,5199436.0
2026-10-15T04:25:00Z,node_1045,63.0,21.3,13827.0,5107207.0,8665628.0
2026-10-15T04:30:00Z,node_1001,80.9,20.5,7826.0,7931139.0,8784789.0
2026-10-15T04:35:00Z,node_1015,75.2,62.2,11827.0,9408166.0,2634728.0
2026-10-15T04:40:00Z,node_1037,93.8,79.9,2065.0,6725992.0,1236743.0
2026-10-15T04:45:00Z,node_1029,14.5,50.8,11641.0,7009057.0,1039548.0
2026-10-15T04:50:00Z,node_1023,95.1,67.5,11496.0,9681151.0,1573290.0
2026-10-15T04:55:00Z,node_1041,72.2,69.9,13615.0,5162526.0,9717108.0
2026-10-15T05:00:00Z,node_1026,53.2,25.0,13370.0,9233748.0,2136055.0
2026-10-15T05:05:00Z,node_1031,17.8,52.2,874.0,9013582.0,7811970.0
2026-10-15T05:10:00Z,node_1043,54.1,22.2,12909.0,4524029.0,878102.0
2026-10-15T05:15:00Z,node_1014,68.5,26.4,8670.0,7507321.0,2104808.0
2026-10-15T05:20:00Z,node_1046,70.9,41.1,14775.0,5347905.0,7314757.0
2026-10-15T05:25:00Z,node_1036,43.0,48.1,14429.0,359781.0,3168215.0
2026-10-15T05:30:00Z,node_1049,95.5,32.6,13766.0,3164989.0,925877.0
2026-10-15T05:35:00Z,node_1044,70.6,91.9,4784.0,2832720.0,8776742.0
2026-10-15T05:40:00Z,node_1007,17.1,33.7,9729.0,1136670.0,3458165.0
2026-10-15T05:45:00Z,node_1028,91.2,11.6,14021.0,6564683.0,9058508.0
2026-10-15T05:50:00Z,node_1031,79.6,67.9,11993.0,4614581.0,797746.0
2026-10-15T05:55:00Z,node_1039,36.5,48.2,2543.0,5422286.0,7686662.0
2026-10-15T06:00:00Z,node_1029,67.0,86.1,12583.0,4539869.0,4567771.0
2026-10-15T06:05:00Z,node_1031,81.5,79.3,12717.0,4325212.0,6595716.0
2026-10-15T06:10:00Z,node_1047,28.1,41.2,2329.0,205761.0,633457.0
2026-10-15T06:15:00Z,node_1050,32.2,20.1,2185.0,2817182.0,339247.0
2026-10-15T06:20:00Z,node_1036,79.4,86.0,12943.0,8130794.0,6453186.0
2026-10-15T06:25:00Z,node_1021,91.8,64.9,723.0,2635858.0,5134594.0
2026-10-15T06:30:00Z,node_1037,12.3,67.4,7664.0,5000264.0,620290.0
2026-10-15T06:35:00Z,node_1018,83.5,50.8,3761.0,6004612.0,6025617.0
2026-10-15T06:40:00Z,node_1045,42.2,50.9,3276.0,8799837.0,6738195.0
2026-10-15T06:45:00Z,node_1008,25.9,10.7,1521.0,3187029.0,7347954.0
2026-10-15T06:50:00Z,node_1043,53.3,66.7,8230.0,9828432.0,6294769.0
2026-10-15T06:55:00Z,node_1023,41.2,84.5,9290.0,777756.0,7125337.0
2026-10-15T07:00:00Z,node_1015,81.6,30.0,12890.0,1006290.0,4817296.0
2026-10-15T07:05:00Z,node_1007,64.3,71.6,446.0,4231544.0,4849614.0
2026-10-15T07:10:00Z,node_1011,19.6,88.2,314.0,7526833.0,9197752.0
2026-10-15T07:15:00Z,node_1004,13.0,39.3,13402.0,173959.0,3476260.0
2026-10-15T07:20:00Z,node_1040,30.0,76.0,5476.0,9271751.0,5497608.0
2026-10-15T07:25:00Z,node_1020,34.7,64.5,9311.0,4044839.0,5251037.0
2026-10-15T07:30:00Z,node_1004,68.4,28.9,2610.0,6732187.0,9001080.0
2026-10-15T07:35:00Z,node_1012,21.6,60.1,13882.0,9597779.0,7521819.0
2026-10-15T07:40:00Z,node_1044,44.4,25.8,771.0,3466290.0,4023307.0
2026-10-15T07:45:00Z,node_1022,31.0,34.7,5531.0,5914942.0,9781664.0
2026-10-15T07:50:00Z,node_1011,42.9,56.6,2784.0,315151.0,2532964.0
2026-10-15T07:55:00Z,node_1032,25.6,37.6,2333.0,7518769.0,5292677.0
2026-10-15T08:00:00Z,node_1037,36.7,39.3,12264.0,9018145.0,8801546.0
2026-10-15T08:05:00Z,node_1022,43.9,23.5,12285.0,4851539.0,9494414.0
2026-10-15T08:10:00Z,node_1022,6.6,10.3,9351.0,1647773.0,1212013.0
2026-10-15T08:15:00Z,node_1042,19.4,51.6,10825.0,6795709.0,406896.0
2026-10-15T08:20:00Z,node_1003,28.5,52.9,3523.0,1829580.0,689818.0
2026-10-15T08:25:00Z,node_1036,92.8,44.8,8118.0,3195708.0,6566426.0
2026-10-15T08:30:00Z,node_1019,61.0,29.1,167.0,6678346.0,8060662.0
2026-10-15T08:35:00Z,node_1048,63.9,70.5,13200.0,2141018.0,7105486.0
2026-10-15T08:40:00Z,node_1027,71.9,84.4,5908.0,6931241.0,3837420.0
2026-10-15T08:45:00Z,node_1037,27.9,36.9,9201.0,6059894.0,9532668.0
2026-10-15T08:50:00Z,node_1006,78.6,44.7,8044.0,5706074.0,7329969.0
2026-10-15T08:55:00Z,node_1044,88.5,36.4,12594.0,1450571.0,1755181.0
2026-10-15T09:00:00Z,node_1014,96.9,70.9,10023.0,5837222.0,2394809.0
2026-10-15T09:05:00Z,node_1028,31.5,19.2,8653.0,1764323.0,6637832.0
2026-10-15T09:10:00Z,node_1050,55.6,59.8,13346.0,9724288.0,1516853.0
2026-10-15T09:15:00Z,node_1003,55.4,79.8,1742.0,6940452.0,292876.0
2026-10-15T09:20:00Z,node_1031,84.8,70.0,14667.0,9226385.0,232466.0
2026-10-15T09:25:00Z,node_1050,60.1,64.5,13284.0,9384676.0,8792549.0
2026-10-15T09:30:00Z,node_1019,73.4,53.2,7278.0,7488102.0,3288191.0
2026-10-15T09:35:00Z,node_1033,26.1,59.1,9263.0,3296996.0,6773058.0
2026-10-15T09:40:00Z,node_1017,59.1,23.3,9169.0,9995746.0,687956.0
2026-10-15T09:45:00Z,node_1003,82.7,16.3,12160.0,5664263.0,8511623.0
2026-10-15T09:50:00Z,node_1024,71.5,63.9,866.0,2807164.0,1042937.0
2026-10-15T09:55:00Z,node_1015,33.7,61.7,2059.0,5048453.0,7523560.0
2026-10-15T10:00:00Z,node_1031,83.9,25.6,13410.0,7578272.0,5763060.0
2026-10-15T10:05:00Z,node_1003,57.6,52.5,11036.0,3535604.0,4589179.0
2026-10-15T10:10:00Z,node_1029,13.2,71.9,3173.0,5626254.0,8230504.0
2026-10-15T10:15:00Z,node_1032,31.6,25.6,7533.0,4035736.0,4580115.0
2026-10-15T10:20:00Z,node_1010,52.3,13.0,6536.0,7105230.0,9030188.0
2026-10-15T10:25:00Z,node_1033,63.0,42.4,11587.0,9092247.0,8446073.0
2026-10-15T10:30:00Z,node_1037,58.2,61.6,534.0,50870.0,2100036.0
2026-10-15T10:35:00Z,node_1002,47.3,89.7,6428.0,8229843.0,626546.0
2026-10-15T10:40:00Z,node_1024,92.5,40.4,9346.0,3560666.0,5474325.0
2026-10-15T10:45:00Z,node_1027,23.9,91.0,6832.0,3368229.0,37169.0
2026-10-15T10:50:00Z,node_1036,85.4,56.5,7947.0,3498269.0,6389265.0
2026-10-15T10:55:00Z,node_1048,79.6,53.8,5126.0,1627410.0,9588439.0
2026-10-15T11:00:00Z,node_1022,89.5,83.7,723.0,2399818.0,3784846.0
2026-10-15T11:05:00Z,node_1016,57.3,93.8,13902.0,9887719.0,8166719.0
2026-10-15T11:10:00Z,node_1024,23.7,78.3,8011.0,4674823.0,4649630.0
2026-10-15T11:15:00Z,node_1008,58.9,92.6,1617.0,9520283.0,3052992.0
2026-10-15T11:20:00Z,node_1021,80.5,93.2,6207.0,361316.0,1209359.0
2026-10-15T11:25:00Z,node_1025,95.7,67.2,277.0,2969587.0,4222498.0
2026-10-15T11:30:00Z,node_1017,46.1,36.8,12681.0,8811244.0,1834076.0
2026-10-15T11:35:00Z,node_1014,96.5,10.2,8071.0,422699.0,8057670.0
2026-10-15T11:40:00Z,node_1039,86.1,16.4,5576.0,5062352.0,1329086.0
2026-10-15T11:45:00Z,node_1032,72.9,39.0,14928.0,1187951.0,1897275.0
2026-10-15T11:50:00Z,node_1043,73.3,20.1,12008.0,7810461.0,3323161.0
2026-10-15T11:55:00Z,node_1001,35.7,91.7,6514.0,430217.0,4928673.0
2026-10-15T12:00:00Z,node_1045,56.1,81.5,12261.0,9312454.0,4010545.0
2026-10-15T12:05:00Z,node_1038,56.1,84.9,1650.0,6889766.0,4745654.0
2026-10-15T12:10:00Z,node_1038,45.9,18.4,12599.0,6883082.0,4893821.0
2026-10-15T12:15:00Z,node_1005,8.7,26.6,5472.0,7313563.0,2999514.0
2026-10-15T12:20:00Z,node_1010,96.8,61.0,6985.0,2299966.0,1091877.0
2026-10-15T12:25:00Z,node_1036,62.9,73.6,2752.0,6053834.0,7996842.0
2026-10-15T12:30:00Z,node_1038,82.1,70.7,12813.0,1695125.0,666762.0
2026-10-15T12:35:00Z,node_1011,46.5,85.9,12293.0,4297306.0,9567681.0
2026-10-15T12:40:00Z,node_1043,7.6,85.3,869.0,8025181.0,4373461.0
2026-10-15T12:45:00Z,node_1046,69.2,56.6,6287.0,8042797.0,8733185.0
2026-10-15T12:50:00Z,node_1040,29.9,29.3,10022.0,3053691.0,4868737.0
2026-10-15T12:55:00Z,node_1022,21.7,33.7,14520.0,2994793.0,4218702.0
2026-10-15T13:00:00Z,node_1016,38.4,78.7,14915.0,4840574.0,8207085.0
2026-10-15T13:05:00Z,node_1027,37.8,41.0,12414.0,4001154.0,6790035.0
2026-10-15T13:10:00Z,node_1024,80.8,50.8,7001.0,500772.0,5602007.0
2026-10-15T13:15:00Z,node_1037,49.4,39.8,14187.0,8347267.0,8318651.0
2026-10-15T13:20:00Z,node_1013,51.5,68.2,11187.0,52394.0,2207424.0
2026-10-15T13:25:00Z,node_1038,65.7,78.6,3545.0,7558095.0,2680400.0
2026-10-15T13:30:00Z,node_1050,21.8,87.5,9182.0,7144229.0,7058185.0
2026-10-15T13:35:00Z,node_1011,45.3,90.8,3886.0,9236517.0,5816909.0
2026-10-15T13:40:00Z,node_1040,89.3,58.6,4318.0,5243998.0,9151917.0
2026-10-15T13:45:00Z,node_1021,76.0,38.3,6401.0,6804007.0,5182206.0
2026-10-15T13:50:00Z,node_1043,61.4,91.9,12510.0,7293645.0,225285.0
2026-10-15T13:55:00Z,node_1001,70.5,57.6,2735.0,5638096.0,5186534.0
2026-10-15T14:00:00Z,node_1037,27.1,49.0,10235.0,3992052.0,4236482.0
2026-10-15T14:05:00Z,node_1048,82.4,25.9,8920.0,1918951.0,8429697.0
2026-10-15T14:10:00Z,node_1047,81.6,87.4,10729.0,3665621.0,7101998.0
2026-10-15T14:15:00Z,node_1015,49.3,12.6,1011.0,757325.0,1773528.0
2026-10-15T14:20:00Z,node_1043,7.9,37.4,6075.0,9971971.0,8823193.0
2026-10-15T14:25:00Z,node_1026,57.7,39.1,3613.0,2596093.0,7094085.0
2026-10-15T14:30:00Z,node_1003,53.6,67.7,2683.0,1905531.0,8055612.0
2026-10-15T14:35:00Z,node_1048,16.1,57.1,2306.0,8122581.0,6279209.0
2026-10-15T14:40:00Z,node_1026,8.5,65.1,11181.0,653771.0,6296858.0
2026-10-15T14:45:00Z,node_1005,48.6,17.1,8281.0,7130219.0,501207.0
2026-10-15T14:50:00Z,node_1037,93.1,23.5,10729.0,1346464.0,8491614.0
2026-10-15T14:55:00Z,node_1039,75.1,80.6,11250.0,6096063.0,9275226.0
2026-10-15T15:00:00Z,node_1019,46.0,53.8,11310.0,2238821.0,1925841.0
2026-10-15T15:05:00Z,node_1019,79.2,33.0,9474.0,1570913.0,2837214.0
2026-10-15T15:10:00Z,node_1027,95.6,32.7,6674.0,5783929.0,9383353.0
2026-10-15T15:15:00Z,node_1016,43.5,54.7,6071.0,7284730.0,4124865.0
2026-10-15T15:20:00Z,node_1009,77.6,19.2,6906.0,9121951.0,5244559.0
2026-10-15T15:25:00Z,node_1042,69.3,72.6,3114.0,2529262.0,9234038.0
2026-10-15T15:30:00Z,node_1015,38.0,53.1,11750.0,1071217.0,4701447.0
2026-10-15T15:35:00Z,node_1034,19.0,86.8,4201.0,8854998.0,6947045.0
2026-10-15T15:40:00Z,node_1030,98.4,64.6,2113.0,7571212.0,5385451.0
2026-10-15T15:45:00Z,node_1045,97.3,71.3,4453.0,9200760.0,1831800.0
2026-10-15T15:50:00Z,node_1046,28.6,79.1,3376.0,9347336.0,215354.0
2026-10-15T15:55:00Z,node_1043,51.1,67.0,8856.0,8788703.0,7870407.0
2026-10-15T16:00:00Z,node_1029,31.2,51.6,1839.0,489047.0,1962554.0
2026-10-15T16:05:00Z,node_1045,19.1,83.6,5287.0,1247631.0,5202434.0
2026-10-15T16:10:00Z,node_1029,7.0,86.6,9371.0,8591169.0,5734419.0
2026-10-15T16:15:00Z,node_1034,39.2,51.4,4138.0,9727869.0,5207799.0
2026-10-15T16:20:00Z,node_1049,64.9,47.5,6296.0,6261075.0,2754924.0
2026-10-15T16:25:00Z,node_1047,98.9,48.1,11124.0,5237535.0,8664865.0
2026-10-15T16:30:00Z,node_1033,89.1,64.2,13362.0,4634407.0,7556843.0
2026-10-15T16:35:00Z,node_1041,66.9,51.3,10602.0,3801766.0,2211454.0
2026-10-15T16:40:00Z,node_1003,94.1,50.7,10860.0,1886095.0,8090147.0
2026-10-15T16:45:00Z,node_1027,13.2,73.5,3300.0,5146419.0,9050167.0
2026-10-15T16:50:00Z,node_1022,98.7,71.1,7289.0,8196593.0,3248134.0
2026-10-15T16:55:00Z,node_1042,89.8,87.5,7747.0,9568712.0,8022360.0
2026-10-15T17:00:00Z,node_1041,56.5,37.9,13289.0,4597956.0,461085.0
2026-10-15T17:05:00Z,node_1036,66.0,66.1,304.0,2685597.0,9492581.0
2026-10-15T17:10:00Z,node_1036,31.0,82.0,1451.0,8049401.0,5221797.0
2026-10-15T17:15:00Z,node_1041,80.8,87.8,9628.0,866238.0,3380428.0
2026-10-15T17:20:00Z,node_1012,36.4,14.6,9682.0,7146613.0,7576035.0
2026-10-15T17:25:00Z,node_1010,45.1,72.4,9854.0,996946.0,5611381.0
2026-10-15T17:30:00Z,node_1014,31.1,25.9,8779.0,2052562.0,1886549.0
2026-10-15T17:35:00Z,node_1049,91.9,77.9,11694.0,1678738.0,3493297.0
2026-10-15T17:40:00Z,node_1043,7.8,15.0,14533.0,2246737.0,9209985.0
2026-10-15T17:45:00Z,node_1031,77.8,36.8,14784.0,8652182.0,7653660.0
2026-10-15T17:50:00Z,node_1041,5.6,87.8,9640.0,9321576.0,500692.0
2026-10-15T17:55:00Z,node_1049,59.5,50.5,6820.0,2287794.0,1648475.0
2026-10-15T18:00:00Z,node_1018,9.8,52.4,13361.0,2677647.0,2192393.0
2026-10-15T18:05:00Z,node_1009,19.0,78.7,9853.0,5781564.0,3559489.0
2026-10-15T18:10:00Z,node_1021,40.8,44.3,9267.0,2771841.0,6271688.0
2026-10-15T18:15:00Z,node_1036,40.1,37.3,858.0,4976067.0,7817855.0
2026-10-15T18:20:00Z,node_1009,91.9,15.3,13456.0,3295139.0,1122979.0
2026-10-15T18:25:00Z,node_1029,68.6,14.8,4503.0,3463005.0,8887502.0
2026-10-15T18:30:00Z,node_1010,19.6,27.5,9580.0,1050759.0,8202240.0
2026-10-15T18:35:00Z,node_1038,27.6,21.7,863.0,8078650.0,5626843.0
2026-10-15T18:40:00Z,node_1017,68.2,82.0,11587.0,6001782.0,2481116.0
2026-10-15T18:45:00Z,node_1034,86.7,53.2,6905.0,8735014.0,7412013.0
2026-10-15T18:50:00Z,node_1033,68.3,63.1,12827.0,8252142.0,4191861.0
2026-10-15T18:55:00Z,node_1044,81.7,45.5,5495.0,5004982.0,856047.0
2026-10-15T19:00:00Z,node_1038,76.3,53.9,6090.0,3897653.0,7770215.0
2026-10-15T19:05:00Z,node_1013,41.3,19.6,6646.0,2081064.0,2084537.0
2026-10-15T19:10:00Z,node_1041,76.2,91.2,1351.0,3977357.0,6739194.0
2026-10-15T19:15:00Z,node_1004,70.8,51.9,9866.0,7529793.0,9466613.0
2026-10-15T19:20:00Z,node_1034,46.8,56.9,8679.0,4950530.0,6122205.0
2026-10-15T19:25:00Z,node_1016,28.6,76.7,2718.0,7456178.0,554062.0
2026-10-15T19:30:00Z,node_1046,70.6,88.2,11373.0,9702645.0,8478984.0
2026-10-15T19:35:00Z,node_1002,88.4,87.0,7701.0,6201161.0,4186004.0
2026-10-15T19:40:00Z,node_1049,41.6,18.3,11344.0,4872975.0,6915906.0
2026-10-15T19:45:00Z,node_1008,22.6,69.2,12041.0,8188579.0,4964837.0
2026-10-15T19:50:00Z,node_1005,76.5,83.1,2680.0,4251317.0,8960676.0
2026-10-15T19:55:00Z,node_1032,58.1,38.7,7543.0,2380805.0,5107861.0
2026-10-15T20:00:00Z,node_1015,81.4,46.1,5961.0,4299333.0,6652183.0
2026-10-15T20:05:00Z,node_1029,33.9,59.3,3031.0,1191263.0,9691206.0
2026-10-15T20:10:00Z,node_1004,95.4,69.6,9451.0,1387932.0,7309760.0
2026-10-15T20:15:00Z,node_1017,41.2,85.9,3085.0,3345099.0,2040804.0
2026-10-15T20:20:00Z,node_1050,62.7,90.5,14099.0,2091100.0,4296353.0
2026-10-15T20:25:00Z,node_1016,24.6,87.4,2588.0,3218397.0,7868858.0
2026-10-15T20:30:00Z,node_1028,26.9,50.3,11886.0,6766200.0,286162.0
2026-10-15T20:35:00Z,node_1028,45.1,76.9,14387.0,8762834.0,3346258.0
2026-10-15T20:40:00Z,node_1044,7.0,53.3,13311.0,4584770.0,9533369.0
2026-10-15T20:45:00Z,node_1046,44.3,71.9,13743.0,3334617.0,3941688.0
2026-10-15T20:50:00Z,node_1018,11.3,20.5,4274.0,6712760.0,2695558.0
2026-10-15T20:55:00Z,node_1049,50.4,22.9,13843.0,4333380.0,9358358.0
2026-10-15T21:00:00Z,node_1037,46.0,49.0,822.0,3464299.0,9036943.0
2026-10-15T21:05:00Z,node_1032,48.4,42.0,986.0,1837183.0,1436341.0
2026-10-15T21:10:00Z,node_1011,13.5,22.1,13899.0,5605838.0,4094019.0
2026-10-15T21:15:00Z,node_1023,52.8,46.4,8988.0,4365452.0,2813270.0
2026-10-15T21:20:00Z,node_1002,50.6,26.8,10904.0,679132.0,7397975.0
2026-10-15T21:25:00Z,node_1026,69.8,44.6,4131.0,7151523.0,7153811.0
2026-10-15T21:30:00Z,node_1020,95.8,24.8,5400.0,2899780.0,1284212.0
2026-10-15T21:35:00Z,node_1038,76.2,12.1,3421.0,7290645.0,9977428.0
2026-10-15T21:40:00Z,node_1017,65.6,77.5,9220.0,8019879.0,3892868.0
2026-10-15T21:45:00Z,node_1017,32.5,82.2,2048.0,5890967.0,4690566.0
2026-10-15T21:50:00Z,node_1047,25.8,84.3,1446.0,7588543.0,7282146.0
2026-10-15T21:55:00Z,node_1012,57.3,89.7,5764.0,5148089.0,2388031.0
2026-10-15T22:00:00Z,node_1015,68.6,85.4,12124.0,5879154.0,2286996.0
2026-10-15T22:05:00Z,node_1036,61.3,85.5,6339.0,4372735.0,3177536.0
2026-10-15T22:10:00Z,node_1047,63.8,18.7,6046.0,5063862.0,618474.0
2026-10-15T22:15:00Z,node_1042,64.8,52.2,1277.0,758170.0,5043357.0
2026-10-15T22:20:00Z,node_1004,87.2,16.3,3585.0,2555892.0,8105013.0
2026-10-15T22:25:00Z,node_1001,53.8,91.0,13693.0,8258797.0,3021296.0
2026-10-15T22:30:00Z,node_1013,30.3,53.5,14408.0,4936453.0,899493.0
2026-10-15T22:35:00Z,node_1002,68.8,94.4,673.0,6300489.0,799042.0
2026-10-15T22:40:00Z,node_1041,16.9,35.0,1316.0,1497323.0,1580847.0
2026-10-15T22:45:00Z,node_1046,34.8,32.3,10496.0,6814523.0,5868065.0
2026-10-15T22:50:00Z,node_1029,39.2,44.1,1541.0,2858043.0,125048.0
2026-10-15T22:55:00Z,node_1026,5.6,88.3,8850.0,576612.0,1959242.0
2026-10-15T23:00:00Z,node_1018,34.0,53.7,12455.0,3088901.0,6355704.0
2026-10-15T23:05:00Z,node_1007,8.9,23.1,12991.0,3051672.0,1001365.0
2026-10-15T23:10:00Z,node_1016,59.1,77.5,4315.0,6379780.0,8556459.0
2026-10-15T23:15:00Z,node_1034,45.2,89.7,14507.0,2865505.0,7372133.0
2026-10-15T23:20:00Z,node_1031,40.3,78.4,11630.0,2723009.0,2212976.0
2026-10-15T23:25:00Z,node_1015,94.6,26.2,7914.0,8666119.0,5830841.0
2026-10-15T23:30:00Z,node_1011,63.2,65.9,12371.0,1303075.0,2756105.0
2026-10-15T23:35:00Z,node_1030,95.6,86.0,6770.0,6651676.0,1243587.0
2026-10-15T23:40:00Z,node_1022,14.9,51.7,12499.0,4808527.0,4974046.0
2026-10-15T23:45:00Z,node_1049,9.2,27.0,13704.0,6521464.0,1189252.0
2026-10-15T23:50:00Z,node_1026,95.1,48.5,6674.0,9262714.0,3514090.0
2026-10-15T23:55:00Z,node_1018,70.8,53.9,14509.0,3997610.0,5184966.0
2026-10-16T00:00:00Z,node_1007,11.0,12.2,11110.0,283689.0,3405429.0
2026-10-16T00:05:00Z,node_1025,40.5,69.8,14326.0,2457718.0,8709484.0
2026-10-16T00:10:00Z,node_1046,23.1,13.2,9888.0,2269090.0,2419992.0
2026-10-16T00:15:00Z,node_1016,36.0,78.8,10510.0,2079973.0,714193.0
2026-10-16T00:20:00Z,node_1039,39.6,21.9,12888.0,9976338.0,7179064.0
2026-10-16T00:25:00Z,node_1028,55.5,56.1,4115.0,2128115.0,7426767.0
2026-10-16T00:30:00Z,node_1014,29.3,91.1,3237.0,307400.0,9196875.0
2026-10-16T00:35:00Z,node_1039,32.4,67.1,9368.0,582837.0,1991954.0
2026-10-16T00:40:00Z,node_1003,93.8,73.5,12529.0,4721923.0,4493944.0
2026-10-16T00:45:00Z,node_1015,36.6,51.0,6908.0,5331531.0,3299748.0
2026-10-16T00:50:00Z,node_1050,44.3,87.2,12862.0,4116404.0,4723355.0
2026-10-16T00:55:00Z,node_1029,77.6,30.9,1917.0,4643192.0,6891434.0
2026-10-16T01:00:00Z,node_1004,10.0,51.0,3853.0,1913244.0,4379996.0
2026-10-16T01:05:00Z,node_1044,49.9,43.7,3286.0,6810393.0,3791186.0
2026-10-16T01:10:00Z,node_1045,77.0,17.5,3691.0,5431951.0,6405911.0
2026-10-16T01:15:00Z,node_1008,71.6,47.0,4626.0,6357427.0,7685567.0
2026-10-16T01:20:00Z,node_1042,63.2,38.7,9824.0,8485306.0,2777080.0
2026-10-16T01:25:00Z,node_1043,21.2,56.4,846.0,7894705.0,7329032.0
2026-10-16T01:30:00Z,node_1043,59.1,44.3,7228.0,832559.0,3482880.0
2026-10-16T01:35:00Z,node_1004,41.5,44.8,6447.0,4742978.0,1634479.0
2026-10-16T01:40:00Z,node_1034,23.5,52.7,7417.0,2147749.0,4868558.0
2026-10-16T01:45:00Z,node_1027,53.6,32.2,8376.0,5376987.0,7655022.0
2026-10-16T01:50:00Z,node_1029,84.1,17.1,12775.0,1780554.0,2580897.0
2026-10-16T01:55:00Z,node_1043,98.0,86.5,1499.0,7817899.0,6203593.0
2026-10-16T02:00:00Z,node_1011,58.4,66.4,9113.0,4694944.0,8750999.0
2026-10-16T02:05:00Z,node_1023,79.6,14.4,9443.0,2615258.0,8307530.0
2026-10-16T02:10:00Z,node_1019,10.4,86.8,3287.0,8115822.0,2505013.0
2026-10-16T02:15:00Z,node_1004,28.9,30.6,3219.0,7519953.0,5265270.0
2026-10-16T02:20:00Z,node_1015,15.5,78.1,8117.0,2142118.0,194047.0
2026-10-16T02:25:00Z,node_1045,86.7,17.4,14308.0,6971390.0,2629182.0
2026-10-16T02:30:00Z,node_1018,59.8,75.8,3826.0,412842.0,9828996.0
2026-10-16T02:35:00Z,node_1021,35.3,89.1,8827.0,7594225.0,5894744.0
2026-10-16T02:40:00Z,node_1024,66.4,50.6,12088.0,3422529.0,641105.0
2026-10-16T02:45:00Z,node_1044,95.3,27.5,3295.0,6236695.0,2385936.0
2026-10-16T02:50:00Z,node_1042,33.8,37.3,11414.0,1402438.0,4536210.0
2026-10-16T02:55:00Z,node_1004,16.7,39.3,6102.0,8369048.0,9164923.0
2026-10-16T03:00:00Z,node_1015,60.8,57.4,14296.0,6460360.0,7999746.0
2026-10-16T03:05:00Z,node_1002,73.6,79.3,9935.0,1017187.0,5002862.0
2026-10-16T03:10:00Z,node_1050,51.8,58.1,12310.0,7832928.0,8409414.0
2026-10-16T03:15:00Z,node_1029,83.7,86.5,7051.0,79862.0,1752363.0
2026-10-16T03:20:00Z,node_1038,38.1,67.7,11497.0,4306430.0,7188354.0
2026-10-16T03:25:00Z,node_1003,41.1,78.7,7427.0,9800976.0,4152734.0
2026-10-16T03:30:00Z,node_1044,33.4,68.5,4322.0,7199382.0,8394029.0
2026-10-16T03:35:00Z,node_1021,33.7,60.6,10522.0,3267268.0,5791998.0
2026-10-16T03:40:00Z,node_1015,20.7,23.5,3894.0,9205411.0,1607841.0
2026-10-16T03:45:00Z,node_1006,47.7,91.1,3937.0,6688501.0,4843586.0
2026-10-16T03:50:00Z,node_1029,88.7,69.5,10393.0,677885.0,8841481.0
2026-10-16T03:55:00Z,node_1022,67.0,89.1,11267.0,7405052.0,4264947.0
2026-10-16T04:00:00Z,node_1023,33.8,31.7,6425.0,1034389.0,4752854.0
2026-10-16T04:05:00Z,node_1023,38.4,57.8,11678.0,4740935.0,6348440.0
2026-10-16T04:10:00Z,node_1007,30.0,69.7,11708.0,2040774.0,3845315.0
2026-10-16T04:15:00Z,node_1021,24.3,54.7,699.0,4191995.0,2768149.0
2026-10-16T04:20:00Z,node_1006,51.8,46.7,10385.0,2809301.0,1007517.0
2026-10-16T04:25:00Z,node_1017,80.7,94.2,7623.0,8120233.0,9807356.0
2026-10-16T04:30:00Z,node_1014,77.0,88.7,8592.0,8036269.0,4931714.0
2026-10-16T04:35:00Z,node_1023,51.8,91.8,5162.0,6002116.0,3753470.0
2026-10-16T04:40:00Z,node_1045,85.3,16.9,12505.0,3574966.0,6535003.0
2026-10-16T04:45:00Z,node_1004,42.1,39.3,14104.0,7869404.0,4367543.0
2026-10-16T04:50:00Z,node_1024,70.0,29.1,8196.0,9484080.0,1011505.0
2026-10-16T04:55:00Z,node_1037,86.5,10.3,14284.0,520730.0,9873491.0
2026-10-16T05:00:00Z,node_1007,60.0,36.6,13562.0,6215091.0,5286533.0
2026-10-16T05:05:00Z,node_1012,79.5,16.3,1743.0,7679012.0,1504032.0
2026-10-16T05:10:00Z,node_1026,21.4,82.5,6743.0,9061373.0,3865387.0
2026-10-16T05:15:00Z,node_1022,62.8,33.0,10097.0,2941038.0,5795001.0
2026-10-16T05:20:00Z,node_1029,33.9,21.1,10756.0,2323528.0,4971577.0
2026-10-16T05:25:00Z,node_1050,25.0,63.6,10428.0,4729513.0,2333388.0
2026-10-16T05:30:00Z,node_1017,29.9,42.0,12948.0,5657463.0,1448084.0
2026-10-16T05:35:00Z,node_1035,39.1,63.4,5390.0,8218358.0,8272857.0
2026-10-16T05:40:00Z,node_1048,73.5,85.8,6991.0,6726629.0,760348.0
2026-10-16T05:45:00Z,node_1036,56.9,33.3,13773.0,4368779.0,2784399.0
2026-10-16T05:50:00Z,node_1043,21.9,34.7,410.0,4794029.0,4098507.0
2026-10-16T05:55:00Z,node_1014,84.4,77.0,227.0,7368350.0,1687537.0
2026-10-16T06:00:00Z,node_1035,29.4,22.6,2057.0,9020792.0,3459934.0
2026-10-16T06:05:00Z,node_1047,7.3,82.3,13843.0,1567721.0,7133513.0
2026-10-16T06:10:00Z,node_1031,84.2,70.6,6100.0,401266.0,6308166.0
2026-10-16T06:15:00Z,node_1046,86.5,10.2,12855.0,5850469.0,5860656.0
2026-10-16T06:20:00Z,node_1015,96.2,91.2,14905.0,6317872.0,4509488.0
2026-10-16T06:25:00Z,node_1008,71.6,56.0,5703.0,1646753.0,1211704.0
2026-10-16T06:30:00Z,node_1018,55.8,78.3,7684.0,738265.0,5344241.0
2026-10-16T06:35:00Z,node_1009,95.6,87.3,9355.0,7051637.0,4357062.0
2026-10-16T06:40:00Z,node_1043,51.0,51.2,10593.0,5940135.0,8704787.0
2026-10-16T06:45:00Z,node_1007,57.1,45.7,10588.0,3522225.0,8599216.0
2026-10-16T06:50:00Z,node_1033,88.5,78.0,11765.0,9025602.0,9937242.0
2026-10-16T06:55:00Z,node_1011,55.9,37.3,7026.0,9182333.0,9847788.0
2026-10-16T07:00:00Z,node_1044,67.4,42.3,663.0,4489268.0,1585936.0
2026-10-16T07:05:00Z,node_1018,97.6,58.6,2725.0,4492998.0,2370837.0
2026-10-16T07:10:00Z,node_1045,88.9,34.9,11659.0,1372122.0,1633564.0
2026-10-16T07:15:00Z,node_1036,10.0,57.8,14106.0,712899.0,3907769.0
2026-10-16T07:20:00Z,node_1015,24.8,70.0,14149.0,4674117.0,3320241.0
2026-10-16T07:25:00Z,node_1015,34.3,19.2,11613.0,3768008.0,4544231.0
2026-10-16T07:30:00Z,node_1032,26.5,20.9,3058.0,2278938.0,1494407.0
2026-10-16T07:35:00Z,node_1044,14.6,20.3,9860.0,2731104.0,6776544.0
2026-10-16T07:40:00Z,node_1037,11.0,32.2,4818.0,5685525.0,5334061.0
2026-10-16T07:45:00Z,node_1017,54.9,61.1,4916.0,7486641.0,52008.0
2026-10-16T07:50:00Z,node_1047,6.3,12.1,7288.0,5886209.0,4113792.0
2026-10-16T07:55:00Z,node_1038,90.0,79.5,9620.0,6499821.0,7770206.0
2026-10-16T08:00:00Z,node_1002,68.6,55.3,10464.0,6712277.0,5052671.0
2026-10-16T08:05:00Z,node_1015,30.4,40.2,1776.0,223591.0,4851121.0
2026-10-16T08:10:00Z,node_1045,25.4,40.1,10266.0,7478656.0,6111040.0
2026-10-16T08:15:00Z,node_1037,38.1,82.8,11774.0,6758040.0,8698802.0
2026-10-16T08:20:00Z,node_1026,31.4,30.6,6143.0,7570923.0,9474873.0
2026-10-16T08:25:00Z,node_1029,97.3,59.5,1966.0,7900441.0,4366126.0
2026-10-16T08:30:00Z,node_1005,84.0,11.7,1493.0,824664.0,2089259.0
2026-10-16T08:35:00Z,node_1049,87.7,90.9,13888.0,3002537.0,2214303.0
2026-10-16T08:40:00Z,node_1020,91.8,50.5,13890.0,6271059.0,3266302.0
2026-10-16T08:45:00Z,node_1038,81.6,60.2,2068.0,6445470.0,963189.0
2026-10-16T08:50:00Z,node_1029,14.5,62.7,3383.0,2563212.0,8824836.0
2026-10-16T08:55:00Z,node_1050,49.0,43.0,1269.0,1846369.0,8963664.0
2026-10-16T09:00:00Z,node_1049,72.4,74.9,6588.0,353250.0,1450157.0
2026-10-16T09:05:00Z,node_1011,21.3,46.9,4306.0,1936862.0,7335835.0
2026-10-16T09:10:00Z,node_1026,81.1,83.7,9986.0,5508916.0,6107221.0
2026-10-16T09:15:00Z,node_1014,57.4,48.6,6709.0,5140083.0,1622739.0
2026-10-16T09:20:00Z,node_1012,10.3,57.1,9443.0,6465330.0,315324.0
2026-10-16T09:25:00Z,node_1050,55.1,46.6,11404.0,5549814.0,8369302.0
2026-10-16T09:30:00Z,node_1025,54.0,77.5,7116.0,6151197.0,9239319.0
2026-10-16T09:35:00Z,node_1012,36.8,45.3,14094.0,5202299.0,3489868.0
2026-10-16T09:40:00Z,node_1013,61.1,13.4,1460.0,7993047.0,8785971.0
2026-10-16T09:45:00Z,node_1006,71.5,44.6,862.0,9217962.0,9578628.0
2026-10-16T09:50:00Z,node_1016,24.1,18.3,13675.0,8359382.0,866889.0
2026-10-16T09:55:00Z,node_1050,61.4,62.7,14564.0,5695696.0,8873842.0
2026-10-16T10:00:00Z,node_1004,69.1,78.7,3721.0,4854802.0,3434917.0
2026-10-16T10:05:00Z,node_1023,18.1,73.4,2956.0,6187935.0,9011458.0
2026-10-16T10:10:00Z,node_1019,19.5,76.1,1935.0,9611527.0,4384055.0
2026-10-16T10:15:00Z,node_1033,45.4,59.2,2478.0,5765139.0,3921564.0
2026-10-16T10:20:00Z,node_1010,88.8,41.5,14290.0,7392794.0,7162942.0
2026-10-16T10:25:00Z,node_1010,22.4,73.5,1782.0,8297532.0,5427257.0
2026-10-16T10:30:00Z,node_1020,88.7,77.1,11523.0,4465825.0,2754069.0
2026-10-16T10:35:00Z,node_1019,27.7,56.3,3444.0,2814754.0,9575196.0
2026-10-16T10:40:00Z,node_1037,75.6,64.0,171.0,4643340.0,3349823.0
2026-10-16T10:45:00Z,node_1048,33.3,41.4,5574.0,5603274.0,2625430.0
2026-10-16T10:50:00Z,node_1037,75.4,88.2,10617.0,9438227.0,5771487.0
2026-10-16T10:55:00Z,node_1046,90.9,18.6,3237.0,4399336.0,4847023.0
2026-10-16T11:00:00Z,node_1048,28.3,77.0,13789.0,4073659.0,5342775.0
2026-10-16T11:05:00Z,node_1025,25.0,15.7,434.0,4619269.0,9289139.0
2026-10-16T11:10:00Z,node_1039,93.0,22.7,2391.0,1042291.0,6458630.0
2026-10-16T11:15:00Z,node_1035,14.8,14.5,6881.0,1722507.0,3186600.0
2026-10-16T11:20:00Z,node_1037,75.0,54.4,6558.0,7904568.0,9974191.0
2026-10-16T11:25:00Z,node_1032,94.6,60.6,13184.0,8944258.0,7682600.0
2026-10-16T11:30:00Z,node_1030,43.5,66.3,13198.0,5047347.0,5469712.0
2026-10-16T11:35:00Z,node_1015,11.5,61.1,3218.0,2453361.0,4946655.0
2026-10-16T11:40:00Z,node_1034,82.6,14.6,3706.0,2993671.0,6201772.0
2026-10-16T11:45:00Z,node_1028,81.2,19.0,14985.0,4925936.0,6622312.0
2026-10-16T11:50:00Z,node_1020,51.8,52.2,1258.0,6763242.0,7293859.0
2026-10-16T11:55:00Z,node_1015,51.8,66.9,5309.0,4267127.0,3157277.0
2026-10-16T12:00:00Z,node_1045,8.5,33.5,12827.0,374085.0,7546342.0
2026-10-16T12:05:00Z,node_1048,31.7,83.3,6521.0,9763711.0,4151238.0
2026-10-16T12:10:00Z,node_1006,46.7,87.4,2443.0,6778727.0,7166576.0
2026-10-16T12:15:00Z,node_1022,63.0,44.3,7837.0,5049481.0,650320.0
2026-10-16T12:20:00Z,node_1015,15.7,27.7,4995.0,3241978.0,6631054.0
2026-10-16T12:25:00Z,node_1041,75.3,62.0,8646.0,4817883.0,5063383.0
2026-10-16T12:30:00Z,node_1003,46.2,31.6,13254.0,8334742.0,4217268.0
2026-10-16T12:35:00Z,node_1007,79.1,35.3,2713.0,9608895.0,1920266.0
2026-10-16T12:40:00Z,node_1002,24.0,93.3,8693.0,2200746.0,8487298.0
2026-10-16T12:45:00Z,node_1044,72.5,19.7,1146.0,2460004.0,5010836.0
2026-10-16T12:50:00Z,node_1004,34.0,40.7,13166.0,6591716.0,9011693.0
2026-10-16T12:55:00Z,node_1036,82.4,68.7,6875.0,2816160.0,1973453.0
2026-10-16T13:00:00Z,node_1041,49.4,16.2,8201.0,6720434.0,2552021.0
2026-10-16T13:05:00Z,node_1039,74.0,83.8,13301.0,8096197.0,2813397.0
2026-10-16T13:10:00Z,node_1046,37.5,63.6,7040.0,1215648.0,6148106.0
2026-10-16T13:15:00Z,node_1045,18.3,21.6,3169.0,9961774.0,7800802.0
2026-10-16T13:20:00Z,node_1015,11.3,93.6,3571.0,2189524.0,7968682.0
2026-10-16T13:25:00Z,node_1022,63.2,27.9,632.0,7076834.0,10292.0
2026-10-16T13:30:00Z,node_1049,70.2,61.6,2702.0,2856224.0,9522632.0
2026-10-16T13:35:00Z,node_1018,74.7,72.9,7367.0,6763741.0,1370890.0
2026-10-16T13:40:00Z,node_1038,63.8,19.2,10288.0,5778341.0,5016666.0
2026-10-16T13:45:00Z,node_1026,36.1,38.1,14215.0,130614.0,8999236.0
2026-10-16T13:50:00Z,node_1005,52.1,56.5,9147.0,5029555.0,4558397.0
2026-10-16T13:55:00Z,node_1034,96.1,55.2,2563.0,6498998.0,1603542.0
2026-10-16T14:00:00Z,node_1022,64.1,52.7,13690.0,9979422.0,7428053.0
2026-10-16T14:05:00Z,node_1033,69.9,90.6,14516.0,4643925.0,9137621.0
2026-10-16T14:10:00Z,node_1033,16.8,50.9,14585.0,3252987.0,2949410.0
2026-10-16T14:15:00Z,node_1027,33.6,29.6,6122.0,4184858.0,8982330.0
2026-10-16T14:20:00Z,node_1042,43.4,91.1,4651.0,3267948.0,8356171.0
2026-10-16T14:25:00Z,node_1034,85.8,29.4,3641.0,2740642.0,4239791.0
2026-10-16T14:30:00Z,node_1020,75.9,91.4,8515.0,5484102.0,9979322.0
2026-10-16T14:35:00Z,node_1030,47.2,61.6,3820.0,9135541.0,5085437.0
2026-10-16T14:40:00Z,node_1017,81.1,11.5,12759.0,5181320.0,9185160.0
2026-10-16T14:45:00Z,node_1046,48.3,89.7,346.0,1096939.0,7127390.0
2026-10-16T14:50:00Z,node_1044,62.0,50.2,4256.0,6942436.0,7855708.0
2026-10-16T14:55:00Z,node_1046,79.1,83.2,8051.0,1098776.0,80252.0
2026-10-16T15:00:00Z,node_1042,23.8,12.6,14107.0,6043902.0,2124922.0
2026-10-16T15:05:00Z,node_1048,24.1,55.6,9355.0,4394211.0,4692287.0
2026-10-16T15:10:00Z,node_1029,33.2,92.1,13362.0,4375510.0,5756963.0
2026-10-16T15:15:00Z,node_1025,6.0,20.1,10627.0,4610443.0,7004448.0
2026-10-16T15:20:00Z,node_1008,49.5,12.0,2691.0,2536655.0,1578375.0
2026-10-16T15:25:00Z,node_1036,95.7,17.2,9397.0,3031497.0,1392635.0
2026-10-16T15:30:00Z,node_1038,76.0,35.0,7580.0,3187789.0,7584535.0
2026-10-16T15:35:00Z,node_1007,34.8,80.8,6425.0,8300800.0,2372361.0
2026-10-16T15:40:00Z,node_1024,79.0,36.5,370.0,2242683.0,5000114.0
2026-10-16T15:45:00Z,node_1029,47.6,91.8,13176.0,733123.0,7460407.0
2026-10-16T15:50:00Z,node_1018,43.3,46.5,1448.0,8790016.0,6977012.0
2026-10-16T15:55:00Z,node_1016,49.1,87.4,12626.0,5924764.0,3651650.0
2026-10-16T16:00:00Z,node_1010,67.8,48.1,13986.0,5567424.0,3818210.0
2026-10-16T16:05:00Z,node_1011,49.0,83.9,1429.0,1013690.0,6809218.0
2026-10-16T16:10:00Z,node_1042,50.5,73.1,570.0,9255152.0,4378087.0
2026-10-16T16:15:00Z,node_1009,90.6,58.9,6492.0,1799913.0,1030804.0
2026-10-16T16:20:00Z,node_1040,83.2,74.7,9249.0,3877123.0,8135420.0
2026-10-16T16:25:00Z,node_1041,56.5,52.8,812.0,1069540.0,6504719.0
2026-10-16T16:30:00Z,node_1035,51.4,39.9,8733.0,4832255.0,7976281.0
2026-10-16T16:35:00Z,node_1031,45.7,17.2,455.0,7505396.0,3746030.0
2026-10-16T16:40:00Z,node_1004,43.0,37.2,6769.0,1958972.0,4545413.0
2026-10-16T16:45:00Z,node_1021,37.7,63.3,1545.0,5470039.0,9728373.0
2026-10-16T16:50:00Z,node_1019,34.0,32.0,7925.0,9738149.0,5602308.0
2026-10-16T16:55:00Z,node_1030,82.1,78.8,4597.0,7317226.0,9772993.0
2026-10-16T17:00:00Z,node_1005,43.3,80.3,10230.0,5322808.0,2484883.0
2026-10-16T17:05:00Z,node_1007,39.1,31.9,10955.0,1026468.0,8935920.0
2026-10-16T17:10:00Z,node_1031,66.1,16.6,1768.0,6181014.0,1254809.0
2026-10-16T17:15:00Z,node_1003,18.4,27.6,7994.0,3015993.0,235455.0
2026-10-16T17:20:00Z,node_1022,6.0,22.8,10061.0,1683709.0,5378020.0
2026-10-16T17:25:00Z,node_1006,67.5,29.9,5639.0,8260566.0,3857617.0
2026-10-16T17:30:00Z,node_1019,94.4,75.2,3030.0,9474693.0,3215107.0
2026-10-16T17:35:00Z,node_1010,87.8,58.8,14674.0,9697858.0,8856907.0
2026-10-16T17:40:00Z,node_1045,34.5,10.7,7476.0,3803250.0,2232565.0
2026-10-16T17:45:00Z,node_1029,39.9,44.8,13720.0,7610997.0,5684556.0
2026-10-16T17:50:00Z,node_1045,33.6,58.9,7503.0,1461222.0,2635225.0
2026-10-16T17:55:00Z,node_1007,82.8,57.1,11938.0,226641.0,317052.0
2026-10-16T18:00:00Z,node_1028,96.3,33.9,14067.0,3604943.0,7156895.0
2026-10-16T18:05:00Z,node_1043,74.4,28.5,9246.0,3705460.0,4280096.0
2026-10-16T18:10:00Z,node_1034,50.5,69.9,11364.0,5781401.0,9906733.0
2026-10-16T18:15:00Z,node_1040,84.6,21.9,5849.0,1609454.0,7596274.0
2026-10-16T18:20:00Z,node_1018,49.4,92.9,10230.0,1331897.0,7844386.0
2026-10-16T18:25:00Z,node_1024,33.3,46.0,14833.0,1912011.0,1478313.0
2026-10-16T18:30:00Z,node_1047,87.5,44.7,14489.0,7064873.0,258977.0
2026-10-16T18:35:00Z,node_1032,98.9,79.5,1218.0,7572398.0,6286761.0
2026-10-16T18:40:00Z,node_1036,37.6,87.3,1833.0,2661677.0,8191415.0
2026-10-16T18:45:00Z,node_1043,96.0,43.3,13724.0,4978582.0,4931990.0
2026-10-16T18:50:00Z,node_1041,38.2,20.5,14225.0,7876031.0,289020.0
2026-10-16T18:55:00Z,node_1022,35.5,33.4,5418.0,4671342.0,4021414.0
2026-10-16T19:00:00Z,node_1008,5.9,91.7,13422.0,9765173.0,7385995.0
2026-10-16T19:05:00Z,node_1020,84.0,76.7,5776.0,2089042.0,5939793.0
2026-10-16T19:10:00Z,node_1008,40.6,75.5,12484.0,9247700.0,9479847.0
2026-10-16T19:15:00Z,node_1026,25.4,46.4,12923.0,3908429.0,3187420.0
2026-10-16T19:20:00Z,node_1026,83.8,77.3,2790.0,2385238.0,3595037.0
2026-10-16T19:25:00Z,node_1030,8.0,39.3,12385.0,3793380.0,3575686.0
2026-10-16T19:30:00Z,node_1048,46.7,58.7,1461.0,6527836.0,818439.0
2026-10-16T19:35:00Z,node_1016,14.7,92.5,14215.0,1551754.0,8134157.0
2026-10-16T19:40:00Z,node_1033,82.1,66.8,908.0,5062380.0,7861986.0
2026-10-16T19:45:00Z,node_1019,35.3,24.4,12761.0,4037051.0,1183680.0
2026-10-16T19:50:00Z,node_1039,90.5,53.0,9318.0,7097313.0,4792793.0
2026-10-16T19:55:00Z,node_1037,58.4,38.4,6807.0,2979253.0,8639254.0
2026-10-16T20:00:00Z,node_1012,45.1,84.1,1119.0,7100403.0,2993245.0
2026-10-16T20:05:00Z,node_1002,38.8,78.7,9048.0,3583152.0,6801832.0
2026-10-16T20:10:00Z,node_1033,94.0,45.8,4202.0,4998744.0,1743559.0
2026-10-16T20:15:00Z,node_1034,74.0,89.5,12373.0,1481184.0,2698718.0
2026-10-16T20:20:00Z,node_1026,12.2,76.2,11285.0,2417966.0,2306029.0
2026-10-16T20:25:00Z,node_1041,22.4,60.8,8912.0,6895396.0,3283214.0
2026-10-16T20:30:00Z,node_1013,81.2,54.4,3143.0,6192487.0,2105404.0
2026-10-16T20:35:00Z,node_1001,54.6,27.3,14139.0,5485685.0,6375893.0
2026-10-16T20:40:00Z,node_1032,59.4,71.8,10732.0,9203284.0,8374104.0
2026-10-16T20:45:00Z,node_1022,56.1,16.1,6424.0,4671180.0,8755138.0
2026-10-16T20:50:00Z,node_1007,91.4,17.0,5395.0,4065843.0,938549.0
2026-10-16T20:55:00Z,node_1036,61.6,32.6,13644.0,6749112.0,3516877.0
2026-10-16T21:00:00Z,node_1048,57.1,70.3,9820.0,7440849.0,476589.0
2026-10-16T21:05:00Z,node_1030,31.1,52.7,1122.0,320681.0,777179.0
2026-10-16T21:10:00Z,node_1049,8.5,16.1,5324.0,9672733.0,8140673.0
2026-10-16T21:15:00Z,node_1028,62.5,11.6,14826.0,1709621.0,2177524.0
2026-10-16T21:20:00Z,node_1001,87.8,74.7,13057.0,3447593.0,1415153.0
2026-10-16T21:25:00Z,node_1041,47.3,92.9,12354.0,4274073.0,512936.0
2026-10-16T21:30:00Z,node_1033,70.6,82.4,14674.0,7694392.0,9000598.0
2026-10-16T21:35:00Z,node_1040,90.1,35.3,2890.0,1554400.0,5896043.0
2026-10-16T21:40:00Z,node_1011,55.7,79.1,2009.0,6879352.0,8487697.0
2026-10-16T21:45:00Z,node_1025,13.9,85.0,10903.0,7688463.0,8326395.0
2026-10-16T21:50:00Z,node_1019,76.8,82.3,2204.0,8724246.0,8843553.0
2026-10-16T21:55:00Z,node_1050,94.3,14.6,11804.0,9078965.0,7793237.0
2026-10-16T22:00:00Z,node_1028,54.5,43.4,5965.0,9647028.0,4634838.0
2026-10-16T22:05:00Z,node_1002,94.2,91.5,8535.0,3526672.0,4574923.0
2026-10-16T22:10:00Z,node_1026,77.3,78.1,9720.0,8947131.0,8253400.0
2026-10-16T22:15:00Z,node_1008,82.7,77.3,10627.0,6275292.0,4591727.0
2026-10-16T22:20:00Z,node_1019,97.0,55.7,479.0,2338838.0,2834959.0
2026-10-16T22:25:00Z,node_1009,78.9,40.0,14603.0,5952645.0,6734557.0
2026-10-16T22:30:00Z,node_1032,21.0,92.5,421.0,2975958.0,344266.0
2026-10-16T22:35:00Z,node_1031,66.0,11.7,8362.0,4193068.0,6249003.0
2026-10-16T22:40:00Z,node_1020,21.0,72.1,3249.0,9740384.0,6258115.0
2026-10-16T22:45:00Z,node_1028,14.1,82.2,5293.0,8455824.0,210982.0
2026-10-16T22:50:00Z,node_1019,43.1,26.2,12495.0,8248190.0,4334716.0
2026-10-16T22:55:00Z,node_1047,74.6,45.5,3741.0,1606705.0,9808380.0
2026-10-16T23:00:00Z,node_1002,31.9,20.9,913.0,3172855.0,2659307.0
2026-10-16T23:05:00Z,node_1043,14.4,92.3,120.0,20913.0,1456323.0
2026-10-16T23:10:00Z,node_1012,84.3,94.9,2059.0,6992850.0,1445993.0
2026-10-16T23:15:00Z,node_1007,98.7,36.9,1062.0,1593766.0,5533983.0
2026-10-16T23:20:00Z,node_1022,78.2,31.7,296.0,5256862.0,4400802.0
2026-10-16T23:25:00Z,node_1016,73.6,67.1,127.0,7878951.0,1318798.0
2026-10-16T23:30:00Z,node_1009,92.3,36.5,4929.0,3291307.0,3559759.0
2026-10-16T23:35:00Z,node_1036,93.9,94.0,959.0,4039071.0,8499433.0
2026-10-16T23:40:00Z,node_1024,76.5,83.8,8688.0,5204705.0,507992.0
2026-10-16T23:45:00Z,node_1021,85.7,55.7,6218.0,4274750.0,4328566.0
2026-10-16T23:50:00Z,node_1021,30.4,17.9,13602.0,8473536.0,9842587.0
2026-10-16T23:55:00Z,node_1027,19.8,17.8,13489.0,5088969.0,517457.0
2026-10-17T00:00:00Z,node_1050,56.0,40.2,8877.0,3763356.0,9229290.0
2026-10-17T00:05:00Z,node_1007,95.1,53.2,11645.0,6433249.0,3947850.0
2026-10-17T00:10:00Z,node_1029,83.4,13.4,12043.0,370802.0,2800151.0
2026-10-17T00:15:00Z,node_1007,91.6,20.1,8903.0,2121430.0,9902082.0
2026-10-17T00:20:00Z,node_1050,34.4,69.3,6884.0,4992022.0,7645254.0
2026-10-17T00:25:00Z,node_1033,34.5,37.4,923.0,5355074.0,2786842.0
2026-10-17T00:30:00Z,node_1020,38.4,39.2,12246.0,1270602.0,675176.0
2026-10-17T00:35:00Z,node_1005,64.3,21.9,801.0,7583838.0,7951533.0
2026-10-17T00:40:00Z,node_1044,44.5,60.0,11085.0,4568332.0,6125515.0
2026-10-17T00:45:00Z,node_1005,11.9,23.1,10193.0,229994.0,9201806.0
2026-10-17T00:50:00Z,node_1017,27.4,13.9,557.0,9226089.0,2604975.0
2026-10-17T00:55:00Z,node_1023,10.5,86.5,8756.0,1319382.0,3059178.0
2026-10-17T01:00:00Z,node_1020,12.0,10.2,8012.0,8465810.0,3630926.0
2026-10-17T01:05:00Z,node_1024,40.2,89.2,11355.0,158993.0,2568360.0
2026-10-17T01:10:00Z,node_1042,24.9,37.7,10778.0,1373699.0,9873102.0
2026-10-17T01:15:00Z,node_1033,55.5,52.3,6080.0,7412045.0,176157.0
2026-10-17T01:20:00Z,node_1026,68.4,63.5,5027.0,7074540.0,7907290.0
2026-10-17T01:25:00Z,node_1010,95.8,71.0,12897.0,1538557.0,5817506.0
2026-10-17T01:30:00Z,node_1033,41.9,35.8,12903.0,226375.0,3472625.0
2026-10-17T01:35:00Z,node_1038,90.8,52.6,6811.0,8302039.0,157401.0
2026-10-17T01:40:00Z,node_1046,26.1,14.4,11221.0,7170572.0,2799473.0
2026-10-17T01:45:00Z,node_1036,18.5,10.2,4275.0,7948673.0,8912202.0
2026-10-17T01:50:00Z,node_1002,11.3,18.5,5567.0,8659798.0,2604116.0
2026-10-17T01:55:00Z,node_1033,19.3,38.5,13272.0,9580995.0,8715039.0
2026-10-17T02:00:00Z,node_1050,32.6,62.8,3428.0,9857247.0,4253608.0
2026-10-17T02:05:00Z,node_1037,47.9,85.9,11064.0,1348334.0,3614120.0
2026-10-17T02:10:00Z,node_1034,45.0,42.5,4499.0,2040280.0,5885311.0
2026-10-17T02:15:00Z,node_1026,93.4,72.5,13066.0,8958409.0,3506571.0
2026-10-17T02:20:00Z,node_1005,90.5,51.2,10676.0,2901083.0,1198383.0
2026-10-17T02:25:00Z,node_1014,15.6,91.9,2303.0,6215221.0,8010102.0
2026-10-17T02:30:00Z,node_1011,75.7,84.9,13160.0,257851.0,6982247.0
2026-10-17T02:35:00Z,node_1002,26.5,76.1,1137.0,1915788.0,3987797.0
2026-10-17T02:40:00Z,node_1002,62.4,28.5,1795.0,8945105.0,5452631.0
2026-10-17T02:45:00Z,node_1036,17.1,54.2,7874.0,8372097.0,2195962.0
2026-10-17T02:50:00Z,node_1044,36.7,94.2,835.0,5587555.0,9431369.0
2026-10-17T02:55:00Z,node_1017,73.5,36.3,13119.0,3660142.0,3094021.0
2026-10-17T03:00:00Z,node_1003,23.6,85.0,12543.0,2859035.0,5590620.0
2026-10-17T03:05:00Z,node_1040,40.0,12.4,649.0,7253897.0,7214803.0
2026-10-17T03:10:00Z,node_1034,56.6,53.4,1228.0,7076294.0,3139134.0
2026-10-17T03:15:00Z,node_1049,25.8,35.7,9749.0,5019653.0,1105034.0
2026-10-17T03:20:00Z,node_1046,95.8,76.5,8950.0,1481032.0,4569134.0
2026-10-17T03:25:00Z,node_1007,21.9,93.1,14325.0,7251103.0,7416147.0
2026-10-17T03:30:00Z,node_1027,54.0,80.6,12085.0,7786413.0,8719281.0
2026-10-17T03:35:00Z,node_1009,15.9,44.1,8676.0,4000754.0,9970477.0
2026-10-17T03:40:00Z,node_1032,6.5,17.0,2280.0,4030449.0,1115897.0
2026-10-17T03:45:00Z,node_1012,11.2,28.0,2488.0,7928929.0,6183463.0
2026-10-17T03:50:00Z,node_1003,39.4,84.8,3951.0,1257316.0,3547017.0
2026-10-17T03:55:00Z,node_1027,33.9,17.7,956.0,4463641.0,9989100.0
2026-10-17T04:00:00Z,node_1011,29.8,25.5,10025.0,5526644.0,9130940.0
2026-10-17T04:05:00Z,node_1010,22.8,68.1,1407.0,5953268.0,8954449.0
2026-10-17T04:10:00Z,node_1003,72.2,72.7,2276.0,4369476.0,2031810.0
2026-10-17T04:15:00Z,node_1010,30.8,79.3,2880.0,5584133.0,167399.0
2026-10-17T04:20:00Z,node_1019,68.5,65.2,5539.0,944613.0,7163139.0
2026-10-17T04:25:00Z,node_1019,86.2,93.3,4998.0,4480845.0,5764813.0
2026-10-17T04:30:00Z,node_1009,45.3,56.6,6253.0,2146239.0,5541204.0
2026-10-17T04:35:00Z,node_1011,41.5,11.7,4233.0,7227121.0,8665341.0
2026-10-17T04:40:00Z,node_1020,20.4,29.9,14213.0,5540981.0,3341445.0
2026-10-17T04:45:00Z,node_1042,30.0,66.3,6193.0,4629030.0,835030.0
2026-10-17T04:50:00Z,node_1012,17.8,36.4,7340.0,406222.0,3716514.0
2026-10-17T04:55:00Z,node_1008,9.1,73.7,9134.0,3966047.0,7266832.0
2026-10-17T05:00:00Z,node_1029,74.3,93.6,13848.0,8143100.0,352506.0
2026-10-17T05:05:00Z,node_1019,22.5,50.5,4394.0,102190.0,9589485.0
2026-10-17T05:10:00Z,node_1030,85.6,82.9,13645.0,8010932.0,5623454.0
2026-10-17T05:15:00Z,node_1024,65.4,84.0,974.0,6873090.0,2928266.0
2026-10-17T05:20:00Z,node_1004,20.3,91.4,9439.0,6086048.0,1255741.0
2026-10-17T05:25:00Z,node_1041,67.7,89.3,1389.0,3139346.0,4927241.0
2026-10-17T05:30:00Z,node_1016,95.4,22.6,11481.0,4844801.0,2491291.0
2026-10-17T05:35:00Z,node_1038,35.0,62.1,8108.0,2754360.0,4980491.0
2026-10-17T05:40:00Z,node_1041,68.6,94.9,14372.0,8865355.0,5289902.0
2026-10-17T05:45:00Z,node_1046,17.0,87.0,11828.0,1117025.0,520452.0
2026-10-17T05:50:00Z,node_1035,11.1,20.8,5672.0,9705548.0,9853345.0
2026-10-17T05:55:00Z,node_1044,57.8,52.4,8991.0,1627570.0,3778630.0
2026-10-17T06:00:00Z,node_1005,37.7,63.5,8852.0,1409099.0,5559528.0
2026-10-17T06:05:00Z,node_1023,53.1,30.4,11889.0,9500894.0,2507165.0
2026-10-17T06:10:00Z,node_1036,43.9,30.0,2406.0,7551660.0,4426874.0
2026-10-17T06:15:00Z,node_1045,89.3,89.5,13852.0,6726105.0,3899095.0
2026-10-17T06:20:00Z,node_1021,33.4,82.4,4426.0,5487063.0,6376539.0
2026-10-17T06:25:00Z,node_1016,15.3,84.9,12240.0,5081647.0,891614.0
2026-10-17T06:30:00Z,node_1023,50.2,34.7,8624.0,5104530.0,759370.0
2026-10-17T06:35:00Z,node_1043,80.5,49.8,13190.0,4884787.0,1515007.0
2026-10-17T06:40:00Z,node_1007,75.4,45.7,8081.0,6081084.0,4152575.0
2026-10-17T06:45:00Z,node_1031,84.5,12.2,2808.0,1941427.0,6757620.0
2026-10-17T06:50:00Z,node_1047,22.1,35.7,13394.0,5430098.0,6055570.0
2026-10-17T06:55:00Z,node_1041,7.9,83.0,10346.0,8956337.0,612890.0
2026-10-17T07:00:00Z,node_1039,21.6,58.5,5564.0,8946863.0,2185943.0
2026-10-17T07:05:00Z,node_1010,97.5,83.6,4288.0,3600242.0,820468.0
2026-10-17T07:10:00Z,node_1032,31.6,47.2,8166.0,1721284.0,5361294.0
2026-10-17T07:15:00Z,node_1050,79.2,48.0,14650.0,453623.0,2632441.0
2026-10-17T07:20:00Z,node_1046,79.0,18.4,13455.0,2749576.0,8441975.0
2026-10-17T07:25:00Z,node_1020,68.6,71.2,13188.0,5536547.0,4042215.0
2026-10-17T07:30:00Z,node_1047,62.1,74.6,7334.0,1434507.0,2878307.0
2026-10-17T07:35:00Z,node_1049,42.6,84.9,3023.0,5110413.0,3155909.0
2026-10-17T07:40:00Z,node_1040,13.0,17.1,2030.0,406010.0,7967317.0
2026-10-17T07:45:00Z,node_1017,38.9,52.2,7732.0,5172773.0,2290258.0
2026-10-17T07:50:00Z,node_1024,86.7,63.2,10756.0,6864478.0,7181588.0
2026-10-17T07:55:00Z,node_1023,37.5,11.7,12326.0,1553858.0,9644335.0
2026-10-17T08:00:00Z,node_1002,60.4,24.2,11896.0,8795010.0,9078604.0
2026-10-17T08:05:00Z,node_1018,96.8,14.5,12404.0,6133192.0,4153313.0
2026-10-17T08:10:00Z,node_1010,81.9,65.3,9732.0,1077200.0,129557.0
2026-10-17T08:15:00Z,node_1017,16.9,51.5,9659.0,5177049.0,7633375.0
2026-10-17T08:20:00Z,node_1002,84.3,79.0,2426.0,7333829.0,3969216.0
2026-10-17T08:25:00Z,node_1017,47.8,89.9,7039.0,5835490.0,1669926.0
2026-10-17T08:30:00Z,node_1046,6.7,50.4,3971.0,5467902.0,3279333.0
2026-10-17T08:35:00Z,node_1027,52.7,77.4,10224.0,6023608.0,5936428.0
2026-10-17T08:40:00Z,node_1029,88.3,20.5,5100.0,9121189.0,4753968.0
2026-10-17T08:45:00Z,node_1038,33.5,38.2,6008.0,3649987.0,2206194.0
2026-10-17T08:50:00Z,node_1038,7.2,26.5,4007.0,1063554.0,6481122.0
2026-10-17T08:55:00Z,node_1049,53.3,67.5,4205.0,5125305.0,2191661.0
2026-10-17T09:00:00Z,node_1024,40.5,12.0,13196.0,1648000.0,6160832.0
2026-10-17T09:05:00Z,node_1029,46.5,60.4,1623.0,8676315.0,5159562.0
2026-10-17T09:10:00Z,node_1028,75.4,45.6,10915.0,1127858.0,9336074.0
2026-10-17T09:15:00Z,node_1001,64.0,24.3,8020.0,487268.0,7514104.0
2026-10-17T09:20:00Z,node_1023,79.3,19.9,4750.0,7223014.0,2312183.0
2026-10-17T09:25:00Z,node_1011,71.2,67.4,6161.0,4971670.0,5924682.0
2026-10-17T09:30:00Z,node_1032,17.6,85.0,13974.0,1613688.0,7668255.0
2026-10-17T09:35:00Z,node_1044,37.0,91.8,9378.0,1489256.0,1384951.0
2026-10-17T09:40:00Z,node_1046,36.7,18.6,8467.0,5884508.0,4565174.0
2026-10-17T09:45:00Z,node_1017,88.2,48.9,12342.0,6881593.0,1762581.0
2026-10-17T09:50:00Z,node_1001,84.3,81.4,6663.0,3064837.0,6715253.0
2026-10-17T09:55:00Z,node_1043,91.6,92.8,12556.0,5737311.0,6286679.0
2026-10-17T10:00:00Z,node_1034,9.5,10.6,2386.0,1920493.0,6689914.0
2026-10-17T10:05:00Z,node_1026,66.9,87.4,11017.0,4127363.0,7120195.0
2026-10-17T10:10:00Z,node_1017,46.2,62.3,6674.0,846850.0,9069778.0
2026-10-17T10:15:00Z,node_1024,96.6,30.3,9698.0,1744534.0,4947588.0
2026-10-17T10:20:00Z,node_1019,73.6,28.2,3241.0,5687011.0,4809792.0
2026-10-17T10:25:00Z,node_1008,69.1,60.2,1129.0,3053775.0,65468.0
2026-10-17T10:30:00Z,node_1005,59.4,15.2,6866.0,2976681.0,7805667.0
2026-10-17T10:35:00Z,node_1021,21.2,94.5,6382.0,5595877.0,7036896.0
2026-10-17T10:40:00Z,node_1007,18.0,50.9,2646.0,3559118.0,2187320.0
2026-10-17T10:45:00Z,node_1012,74.3,33.7,14566.0,9461109.0,7592222.0
2026-10-17T10:50:00Z,node_1042,25.2,57.4,8680.0,9735577.0,8959569.0
2026-10-17T10:55:00Z,node_1010,77.4,57.6,4231.0,8438069.0,2045244.0
2026-10-17T11:00:00Z,node_1041,5.5,35.7,616.0,11950.0,4141017.0
2026-10-17T11:05:00Z,node_1006,33.8,85.3,5512.0,2050145.0,8390968.0
2026-10-17T11:10:00Z,node_1009,37.7,36.7,9339.0,2536140.0,1273415.0
2026-10-17T11:15:00Z,node_1002,50.2,47.9,14419.0,1726228.0,4556857.0
2026-10-17T11:20:00Z,node_1015,70.0,87.5,9229.0,757841.0,3473692.0
2026-10-17T11:25:00Z,node_1004,80.9,56.3,6975.0,2131254.0,6816931.0
2026-10-17T11:30:00Z,node_1031,68.3,66.7,7596.0,218740.0,70698.0
2026-10-17T11:35:00Z,node_1002,57.5,37.0,5462.0,6233017.0,547801.0
2026-10-17T11:40:00Z,node_1007,9.6,57.8,3855.0,8849265.0,2493443.0
2026-10-17T11:45:00Z,node_1045,21.3,71.9,8900.0,2858976.0,6383676.0
2026-10-17T11:50:00Z,node_1043,52.9,51.7,11366.0,3282087.0,4203214.0
2026-10-17T11:55:00Z,node_1003,44.2,90.8,1669.0,6108419.0,1018860.0
2026-10-17T12:00:00Z,node_1048,97.6,15.0,12881.0,6023659.0,303162.0
2026-10-17T12:05:00Z,node_1028,50.8,30.0,14158.0,3031788.0,1779693.0
2026-10-17T12:10:00Z,node_1001,41.6,33.4,397.0,4490659.0,2627488.0
2026-10-17T12:15:00Z,node_1048,81.1,27.9,9474.0,1100348.0,7196977.0
2026-10-17T12:20:00Z,node_1015,31.9,65.1,10439.0,7952897.0,918461.0
2026-10-17T12:25:00Z,node_1017,5.7,85.0,3715.0,5013042.0,3221429.0
2026-10-17T12:30:00Z,node_1041,25.6,49.2,10263.0,8111210.0,7871926.0
2026-10-17T12:35:00Z,node_1014,24.0,37.6,6942.0,4482764.0,6737534.0
2026-10-17T12:40:00Z,node_1015,48.5,25.2,2916.0,7893318.0,8954508.0
2026-10-17T12:45:00Z,node_1042,59.0,39.2,8592.0,1749352.0,5940312.0
2026-10-17T12:50:00Z,node_1018,35.6,94.5,9968.0,6602766.0,9018954.0
2026-10-17T12:55:00Z,node_1016,84.2,58.9,9697.0,7263831.0,6194032.0
2026-10-17T13:00:00Z,node_1009,93.5,56.8,7801.0,8700621.0,7005950.0
2026-10-17T13:05:00Z,node_1034,40.3,70.4,8252.0,5469324.0,7019489.0
2026-10-17T13:10:00Z,node_1042,39.8,48.5,348.0,1786415.0,6707370.0
2026-10-17T13:15:00Z,node_1001,95.1,71.3,3402.0,7950110.0,2018488.0
2026-10-17T13:20:00Z,node_1032,71.2,30.6,14885.0,9845980.0,1915642.0
2026-10-17T13:25:00Z,node_1016,17.4,61.7,5807.0,7034836.0,5523593.0
2026-10-17T13:30:00Z,node_1006,15.0,57.1,5678.0,7600860.0,2733910.0
2026-10-17T13:35:00Z,node_1024,24.0,53.4,13313.0,3832598.0,5758792.0
2026-10-17T13:40:00Z,node_1020,57.2,17.1,1884.0,1573908.0,3032668.0
2026-10-17T13:45:00Z,node_1040,34.7,12.3,443.0,9997204.0,7853761.0
2026-10-17T13:50:00Z,node_1036,22.8,17.7,2285.0,8084411.0,60898.0
2026-10-17T13:55:00Z,node_1048,48.1,59.4,11154.0,1083894.0,6339275.0
2026-10-17T14:00:00Z,node_1023,12.8,52.7,9666.0,5856544.0,2058221.0
2026-10-17T14:05:00Z,node_1042,89.9,26.0,8271.0,9286778.0,4795337.0
2026-10-17T14:10:00Z,node_1041,9.8,89.9,6885.0,7863881.0,2325709.0
2026-10-17T14:15:00Z,node_1029,69.8,74.8,1037.0,1267354.0,1874503.0
2026-10-17T14:20:00Z,node_1015,36.0,19.2,8602.0,5881070.0,7465841.0
2026-10-17T14:25:00Z,node_1047,73.7,86.7,11722.0,908625.0,1648390.0
2026-10-17T14:30:00Z,node_1011,59.2,85.1,1664.0,8884554.0,4640550.0
2026-10-17T14:35:00Z,node_1032,52.3,35.4,6178.0,854837.0,753987.0
2026-10-17T14:40:00Z,node_1020,25.5,63.8,3350.0,9584143.0,2624464.0
2026-10-17T14:45:00Z,node_1022,21.8,22.4,13819.0,4358536.0,1391373.0
2026-10-17T14:50:00Z,node_1004,79.1,78.3,11323.0,4084570.0,4701678.0
2026-10-17T14:55:00Z,node_1026,56.4,74.1,6298.0,678116.0,980185.0
2026-10-17T15:00:00Z,node_1015,48.1,24.3,10139.0,707185.0,5038001.0
2026-10-17T15:05:00Z,node_1031,69.0,78.7,1340.0,2195772.0,8959980.0
2026-10-17T15:10:00Z,node_1041,47.8,90.5,258.0,3518195.0,816132.0
2026-10-17T15:15:00Z,node_1043,12.7,53.2,1697.0,1505778.0,6259365.0
2026-10-17T15:20:00Z,node_1036,23.5,46.6,12961.0,8249331.0,7830672.0
2026-10-17T15:25:00Z,node_1047,8.6,43.5,11484.0,3541394.0,8197143.0
2026-10-17T15:30:00Z,node_1048,57.2,31.5,7521.0,6236443.0,7044666.0
2026-10-17T15:35:00Z,node_1002,31.6,65.4,12140.0,2819981.0,9869862.0
2026-10-17T15:40:00Z,node_1038,81.2,39.5,4764.0,9978560.0,2891751.0
2026-10-17T15:45:00Z,node_1041,11.4,35.0,9613.0,4362998.0,6903265.0
2026-10-17T15:50:00Z,node_1011,61.4,15.9,3378.0,4976014.0,7452677.0
2026-10-17T15:55:00Z,node_1002,47.8,69.3,512.0,2863429.0,2981445.0
2026-10-17T16:00:00Z,node_1018,68.6,83.9,13603.0,3633804.0,1716487.0
2026-10-17T16:05:00Z,node_1028,18.0,17.7,2281.0,7290284.0,5009953.0
2026-10-17T16:10:00Z,node_1037,76.5,46.4,5237.0,1717345.0,5273722.0
2026-10-17T16:15:00Z,node_1041,32.5,58.0,10627.0,4407459.0,1867999.0
2026-10-17T16:20:00Z,node_1028,67.1,43.8,8730.0,1258810.0,8364017.0
2026-10-17T16:25:00Z,node_1004,32.5,15.9,13843.0,3276988.0,6614221.0
2026-10-17T16:30:00Z,node_1006,87.8,26.3,3290.0,2941365.0,9621991.0
2026-10-17T16:35:00Z,node_1034,71.0,35.7,1624.0,8821769.0,5113727.0
2026-10-17T16:40:00Z,node_1013,20.4,57.1,6187.0,9370732.0,3135885.0
2026-10-17T16:45:00Z,node_1002,52.1,35.0,9513.0,2835334.0,8806583.0
2026-10-17T16:50:00Z,node_1012,69.9,41.5,13402.0,5882737.0,7623796.0
2026-10-17T16:55:00Z,node_1009,33.4,71.0,1958.0,1618719.0,5174812.0
2026-10-17T17:00:00Z,node_1030,29.7,87.8,1063.0,6322310.0,4933869.0
2026-10-17T17:05:00Z,node_1045,26.1,45.4,12382.0,5225804.0,1302394.0
2026-10-17T17:10:00Z,node_1036,74.1,74.9,4102.0,5662650.0,2633072.0
2026-10-17T17:15:00Z,node_1028,21.1,29.3,4016.0,3761955.0,110566.0
2026-10-17T17:20:00Z,node_1025,34.9,33.5,6459.0,7760513.0,3425780.0
2026-10-17T17:25:00Z,node_1040,71.2,56.4,4414.0,5202436.0,6861897.0
2026-10-17T17:30:00Z,node_1034,40.7,47.2,6748.0,7423897.0,9589616.0
2026-10-17T17:35:00Z,node_1019,39.9,58.3,11679.0,1859463.0,1986844.0
2026-10-17T17:40:00Z,node_1017,77.8,56.1,12219.0,7215701.0,8092608.0
2026-10-17T17:45:00Z,node_1012,45.2,87.8,623.0,4658389.0,1063450.0
2026-10-17T17:50:00Z,node_1046,6.7,61.7,14884.0,2765301.0,2147883.0
2026-10-17T17:55:00Z,node_1011,56.7,11.5,9891.0,3154211.0,8247415.0
2026-10-17T18:00:00Z,node_1006,81.0,37.2,3639.0,1760426.0,363934.0
2026-10-17T18:05:00Z,node_1031,28.1,49.1,5971.0,2328245.0,256500.0
2026-10-17T18:10:00Z,node_1048,26.0,31.7,4705.0,1841556.0,8440108.0
2026-10-17T18:15:00Z,node_1010,19.6,55.4,4366.0,9427982.0,2790020.0
2026-10-17T18:20:00Z,node_1016,93.0,65.8,3175.0,463393.0,8428012.0
2026-10-17T18:25:00Z,node_1038,75.3,24.1,8876.0,1683441.0,3945000.0
2026-10-17T18:30:00Z,node_1012,9.5,66.8,746.0,5008997.0,1700903.0
2026-10-17T18:35:00Z,node_1014,28.9,49.5,1129.0,7067745.0,6072818.0
2026-10-17T18:40:00Z,node_1034,5.1,80.2,10506.0,339356.0,1820403.0
2026-10-17T18:45:00Z,node_1037,26.8,81.1,11668.0,2891372.0,8438468.0
2026-10-17T18:50:00Z,node_1003,40.3,53.3,8069.0,2284395.0,7246329.0
2026-10-17T18:55:00Z,node_1032,97.8,15.1,250.0,2896174.0,5314806.0
2026-10-17T19:00:00Z,node_1002,82.5,34.4,4446.0,3311487.0,1040083.0
2026-10-17T19:05:00Z,node_1005,64.1,13.3,7943.0,1381381.0,1490777.0
2026-10-17T19:10:00Z,node_1021,64.1,15.4,7743.0,188775.0,527791.0
2026-10-17T19:15:00Z,node_1005,87.9,46.7,675.0,7551369.0,6829799.0
2026-10-17T19:20:00Z,node_1048,60.0,56.2,5918.0,2102937.0,6156730.0
2026-10-17T19:25:00Z,node_1029,86.7,43.4,7762.0,669935.0,478514.0
2026-10-17T19:30:00Z,node_1001,92.6,21.0,352.0,4960524.0,753377.0
2026-10-17T19:35:00Z,node_1001,12.0,28.4,3852.0,590888.0,3886750.0
2026-10-17T19:40:00Z,node_1050,94.9,61.1,10917.0,8169838.0,2040324.0
2026-10-17T19:45:00Z,node_1027,52.0,18.4,320.0,7536515.0,2584360.0
2026-10-17T19:50:00Z,node_1015,97.0,67.3,110.0,8906549.0,2856767.0
2026-10-17T19:55:00Z,node_1042,45.0,94.0,8565.0,2282776.0,256228.0
2026-10-17T20:00:00Z,node_1032,85.7,26.7,1171.0,4848486.0,7039512.0
2026-10-17T20:05:00Z,node_1001,92.6,37.7,9438.0,6125448.0,2394763.0
2026-10-17T20:10:00Z,node_1047,40.7,82.3,343.0,8416922.0,8956013.0
2026-10-17T20:15:00Z,node_1003,50.7,75.9,10533.0,7863429.0,6908663.0
2026-10-17T20:20:00Z,node_1008,83.6,69.6,375.0,3010810.0,4781091.0
2026-10-17T20:25:00Z,node_1036,80.8,38.0,13535.0,4343850.0,7532343.0
2026-10-17T20:30:00Z,node_1013,14.8,18.5,14994.0,4872462.0,209471.0
2026-10-17T20:35:00Z,node_1030,55.3,30.1,12687.0,7080817.0,6396107.0
2026-10-17T20:40:00Z,node_1006,46.3,35.8,13783.0,575955.0,3845358.0
2026-10-17T20:45:00Z,node_1007,98.3,69.2,12217.0,1219692.0,681690.0
2026-10-17T20:50:00Z,node_1009,98.6,65.8,7253.0,6219026.0,483816.0
2026-10-17T20:55:00Z,node_1030,77.1,10.5,7433.0,9901947.0,5252110.0
2026-10-17T21:00:00Z,node_1007,23.5,30.9,14103.0,5334988.0,34054.0
2026-10-17T21:05:00Z,node_1006,80.3,67.8,8757.0,8265877.0,8272585.0
2026-10-17T21:10:00Z,node_1007,84.2,56.5,10113.0,4246669.0,30837.0
2026-10-17T21:15:00Z,node_1050,65.7,64.3,2422.0,4678536.0,3363152.0
2026-10-17T21:20:00Z,node_1024,48.7,51.2,1598.0,4775368.0,6527051.0
2026-10-17T21:25:00Z,node_1001,88.6,67.7,13013.0,2449815.0,6496679.0
2026-10-17T21:30:00Z,node_1007,24.5,93.8,8786.0,9256246.0,2653578.0
2026-10-17T21:35:00Z,node_1039,33.1,48.9,9948.0,1914298.0,4980956.0
2026-10-17T21:40:00Z,node_1007,61.6,93.9,2871.0,285629.0,6262866.0
2026-10-17T21:45:00Z,node_1025,14.9,20.9,12780.0,9525080.0,335131.0
2026-10-17T21:50:00Z,node_1046,44.1,45.7,3636.0,8663545.0,9645238.0
2026-10-17T21:55:00Z,node_1048,29.8,36.1,5374.0,6606317.0,7642104.0
2026-10-17T22:00:00Z,node_1041,26.9,41.8,11377.0,8647483.0,3009267.0
2026-10-17T22:05:00Z,node_1006,72.9,33.6,7535.0,4586370.0,7658164.0
2026-10-17T22:10:00Z,node_1016,42.8,76.8,2123.0,7679973.0,7814687.0
2026-10-17T22:15:00Z,node_1027,27.7,55.4,12267.0,814657.0,8091992.0
2026-10-17T22:20:00Z,node_1001,53.4,14.1,13442.0,586769.0,2314172.0
2026-10-17T22:25:00Z,node_1033,75.7,89.5,10447.0,2138174.0,5115622.0
2026-10-17T22:30:00Z,node_1034,57.8,62.3,9761.0,9582288.0,1967067.0
2026-10-17T22:35:00Z,node_1005,76.4,76.1,4816.0,6099999.0,6540717.0
2026-10-17T22:40:00Z,node_1050,74.3,44.5,9152.0,6797434.0,650701.0
2026-10-17T22:45:00Z,node_1026,14.7,24.2,11395.0,6017498.0,5674729.0
2026-10-17T22:50:00Z,node_1032,83.7,43.7,11042.0,1031759.0,9888801.0
2026-10-17T22:55:00Z,node_1011,48.7,65.2,1060.0,9838884.0,296729.0
2026-10-17T23:00:00Z,node_1023,77.4,14.5,2240.0,4189492.0,2809681.0
2026-10-17T23:05:00Z,node_1035,26.4,71.9,2101.0,4274906.0,3838392.0
2026-10-17T23:10:00Z,node_1006,47.8,15.9,9699.0,1876618.0,8438851.0
2026-10-17T23:15:00Z,node_1050,10.8,50.3,3659.0,5974494.0,6198154.0
2026-10-17T23:20:00Z,node_1033,12.3,38.7,9430.0,8695668.0,2378726.0
2026-10-17T23:25:00Z,node_1023,70.6,84.2,8502.0,4950894.0,2956932.0
2026-10-17T23:30:00Z,node_1016,12.0,23.5,2154.0,3162086.0,5643477.0
2026-10-17T23:35:00Z,node_1047,47.1,85.2,238.0,9573078.0,8957998.0
2026-10-17T23:40:00Z,node_1023,42.1,81.4,13842.0,1106204.0,628797.0
2026-10-17T23:45:00Z,node_1007,17.6,93.1,3045.0,7646042.0,8955292.0
2026-10-17T23:50:00Z,node_1027,42.7,18.7,8156.0,1135990.0,8991769.0
2026-10-17T23:55:00Z,node_1040,76.6,55.5,4546.0,3767968.0,3041689.0
2026-10-18T00:00:00Z,node_1038,40.7,66.5,7418.0,4745765.0,4585307.0
2026-10-18T00:05:00Z,node_1022,88.5,39.4,11506.0,4714010.0,9529530.0
2026-10-18T00:10:00Z,node_1023,70.7,70.2,4688.0,5478668.0,2016523.0
2026-10-18T00:15:00Z,node_1020,25.6,69.0,13894.0,3262802.0,1299526.0
2026-10-18T00:20:00Z,node_1047,41.3,40.3,13690.0,6390938.0,9728770.0
2026-10-18T00:25:00Z,node_1047,24.0,62.1,11159.0,1916751.0,5464460.0
2026-10-18T00:30:00Z,node_1036,25.8,41.2,9115.0,4647956.0,1488596.0
2026-10-18T00:35:00Z,node_1045,22.3,31.9,10225.0,7846586.0,7708067.0
2026-10-18T00:40:00Z,node_1028,72.0,16.3,5505.0,5267067.0,6349717.0
2026-10-18T00:45:00Z,node_1006,16.1,35.0,12394.0,4536518.0,7527009.0
2026-10-18T00:50:00Z,node_1023,24.0,57.7,7994.0,7134655.0,5788110.0
2026-10-18T00:55:00Z,node_1019,17.7,88.4,12360.0,1135462.0,1163729.0
2026-10-18T01:00:00Z,node_1007,96.5,55.8,12280.0,3503025.0,5140223.0
2026-10-18T01:05:00Z,node_1005,74.6,49.1,11500.0,2164229.0,8522632.0
2026-10-18T01:10:00Z,node_1044,11.1,56.1,11183.0,5936102.0,1763460.0
2026-10-18T01:15:00Z,node_1042,98.5,51.6,4760.0,7928444.0,5563407.0
2026-10-18T01:20:00Z,node_1047,93.3,71.4,1508.0,6987587.0,8260435.0
2026-10-18T01:25:00Z,node_1037,28.6,62.6,1570.0,9962474.0,7643237.0
2026-10-18T01:30:00Z,node_1036,23.4,13.1,8649.0,9672739.0,4283384.0
2026-10-18T01:35:00Z,node_1017,6.8,47.4,5263.0,1004920.0,7638481.0
2026-10-18T01:40:00Z,node_1014,10.3,76.0,2943.0,490560.0,4226111.0
2026-10-18T01:45:00Z,node_1025,6.9,36.8,7256.0,6692509.0,4957747.0
2026-10-18T01:50:00Z,node_1016,91.5,51.2,5758.0,3629976.0,1835241.0
2026-10-18T01:55:00Z,node_1031,41.7,14.1,10129.0,9080062.0,9379020.0
2026-10-18T02:00:00Z,node_1047,33.9,54.1,13095.0,9968160.0,7560281.0
2026-10-18T02:05:00Z,node_1017,14.3,11.8,11369.0,1465044.0,5839011.0
2026-10-18T02:10:00Z,node_1008,81.1,88.3,1468.0,5182619.0,3725368.0
2026-10-18T02:15:00Z,node_1004,90.3,61.9,9253.0,683363.0,7164453.0
2026-10-18T02:20:00Z,node_1007,37.7,72.1,12329.0,7768735.0,6858875.0
2026-10-18T02:25:00Z,node_1027,38.5,86.4,6017.0,825208.0,3648811.0
2026-10-18T02:30:00Z,node_1003,23.5,50.5,13309.0,8295462.0,6085295.0
2026-10-18T02:35:00Z,node_1013,43.5,93.8,9052.0,7673434.0,4045173.0
2026-10-18T02:40:00Z,node_1041,93.1,82.1,11396.0,9728856.0,9096250.0
2026-10-18T02:45:00Z,node_1032,11.0,26.7,10684.0,9875282.0,7459718.0
2026-10-18T02:50:00Z,node_1009,83.0,53.2,6069.0,1842226.0,4647561.0
2026-10-18T02:55:00Z,node_1046,79.8,35.9,3317.0,1606275.0,4901612.0
2026-10-18T03:00:00Z,node_1014,26.2,28.7,589.0,9877446.0,2290824.0
2026-10-18T03:05:00Z,node_1014,22.4,57.1,3820.0,8162784.0,9135701.0
2026-10-18T03:10:00Z,node_1009,91.1,30.3,7275.0,2761621.0,1464633.0
2026-10-18T03:15:00Z,node_1031,37.4,58.8,4513.0,7380060.0,8362646.0
2026-10-18T03:20:00Z,node_1011,10.1,73.6,2066.0,8033048.0,8144832.0
2026-10-18T03:25:00Z,node_1037,25.6,83.5,6276.0,5858561.0,3581900.0
2026-10-18T03:30:00Z,node_1008,95.5,63.0,8091.0,8180891.0,8537301.0
2026-10-18T03:35:00Z,node_1026,56.4,23.5,2868.0,5266612.0,5074640.0
2026-10-18T03:40:00Z,node_1048,31.0,78.3,5075.0,4318661.0,2340393.0
2026-10-18T03:45:00Z,node_1020,82.1,75.1,6224.0,7909246.0,7086441.0
2026-10-18T03:50:00Z,node_1023,50.7,28.0,7699.0,7491391.0,2057654.0
2026-10-18T03:55:00Z,node_1040,33.9,41.1,5127.0,9052934.0,7845168.0
2026-10-18T04:00:00Z,node_1007,44.5,51.1,12449.0,8727274.0,4650849.0
2026-10-18T04:05:00Z,node_1010,92.0,26.4,3030.0,5847326.0,9017810.0
2026-10-18T04:10:00Z,node_1027,18.3,78.4,10436.0,5602359.0,3580640.0
2026-10-18T04:15:00Z,node_1050,86.3,51.9,2858.0,2153371.0,5874382.0
2026-10-18T04:20:00Z,node_1034,26.8,13.3,10406.0,1239819.0,5197210.0
2026-10-18T04:25:00Z,node_1040,44.1,56.6,6068.0,7639154.0,3832697.0
2026-10-18T04:30:00Z,node_1016,65.9,87.5,1033.0,1290226.0,6372416.0
2026-10-18T04:35:00Z,node_1010,5.5,90.7,8035.0,4295662.0,6655433.0
2026-10-18T04:40:00Z,node_1007,34.9,71.6,11189.0,9339452.0,2651087.0
2026-10-18T04:45:00Z,node_1045,15.0,71.5,8368.0,7399509.0,8994057.0
2026-10-18T04:50:00Z,node_1038,46.2,20.2,7763.0,8908207.0,5118182.0
2026-10-18T04:55:00Z,node_1008,82.8,10.8,2573.0,3110840.0,5961043.0
2026-10-18T05:00:00Z,node_1023,74.6,67.6,9414.0,3003696.0,194290.0
2026-10-18T05:05:00Z,node_1041,97.8,18.9,6597.0,8274618.0,3439732.0
2026-10-18T05:10:00Z,node_1037,66.6,24.2,9135.0,7882098.0,9713855.0
2026-10-18T05:15:00Z,node_1024,84.5,75.0,7736.0,8634369.0,8451714.0
2026-10-18T05:20:00Z,node_1043,74.5,52.7,9584.0,9262896.0,570907.0
2026-10-18T05:25:00Z,node_1011,8.5,37.7,14204.0,7900073.0,219949.0
2026-10-18T05:30:00Z,node_1001,70.5,72.4,6710.0,8818225.0,3854967.0
2026-10-18T05:35:00Z,node_1020,67.2,76.7,672.0,7109894.0,2294479.0
2026-10-18T05:40:00Z,node_1045,42.4,12.7,9560.0,576025.0,1889506.0
2026-10-18T05:45:00Z,node_1004,90.3,44.7,11254.0,8264888.0,6140592.0
2026-10-18T05:50:00Z,node_1031,96.9,76.5,815.0,1884692.0,5806872.0
2026-10-18T05:55:00Z,node_1014,39.1,55.7,9664.0,4274804.0,5845387.0
2026-10-18T06:00:00Z,node_1037,73.8,50.1,9775.0,8545895.0,1444536.0
2026-10-18T06:05:00Z,node_1010,36.8,31.9,4684.0,8524858.0,3068975.0
2026-10-18T06:10:00Z,node_1037,40.8,70.9,7973.0,4351276.0,9204288.0
2026-10-18T06:15:00Z,node_1042,52.8,35.7,4754.0,2357958.0,4517526.0
2026-10-18T06:20:00Z,node_1040,46.4,44.6,4678.0,5101970.0,5000150.0
2026-10-18T06:25:00Z,node_1007,62.5,13.3,1104.0,1027665.0,6303702.0
2026-10-18T06:30:00Z,node_1010,22.0,93.2,8321.0,3149973.0,6096089.0
2026-10-18T06:35:00Z,node_1013,47.8,43.8,8941.0,9008740.0,8451719.0
2026-10-18T06:40:00Z,node_1050,82.3,84.9,3919.0,1556442.0,6701485.0
2026-10-18T06:45:00Z,node_1044,14.5,59.9,12392.0,9984793.0,3217987.0
2026-10-18T06:50:00Z,node_1005,37.5,53.1,3130.0,6760654.0,3808350.0
2026-10-18T06:55:00Z,node_1024,95.7,64.4,13692.0,9195632.0,9144762.0
2026-10-18T07:00:00Z,node_1040,27.4,53.2,9891.0,6373353.0,6142054.0
2026-10-18T07:05:00Z,node_1030,51.1,63.9,12423.0,25200.0,7280754.0
2026-10-18T07:10:00Z,node_1015,6.6,53.0,1365.0,6114612.0,8763399.0
2026-10-18T07:15:00Z,node_1025,37.4,88.4,12394.0,485288.0,7094831.0
2026-10-18T07:20:00Z,node_1023,90.2,55.1,13493.0,8039146.0,5869906.0
2026-10-18T07:25:00Z,node_1023,71.7,10.1,14610.0,9771541.0,7972785.0
2026-10-18T07:30:00Z,node_1050,47.4,27.1,13814.0,2425703.0,3312789.0
2026-10-18T07:35:00Z,node_1049,45.9,39.8,4667.0,787274.0,6889271.0
2026-10-18T07:40:00Z,node_1018,53.5,55.4,475.0,8106250.0,6484577.0
2026-10-18T07:45:00Z,node_1007,69.4,52.2,2575.0,4733945.0,9126151.0
2026-10-18T07:50:00Z,node_1030,82.1,62.4,8135.0,4868877.0,5235472.0
2026-10-18T07:55:00Z,node_1028,32.9,75.2,206.0,4945124.0,7895600.0
2026-10-18T08:00:00Z,node_1002,46.6,34.5,3642.0,9278793.0,9857365.0
2026-10-18T08:05:00Z,node_1003,83.3,55.8,14264.0,343815.0,836624.0
2026-10-18T08:10:00Z,node_1046,40.7,35.5,8038.0,9717042.0,6551349.0
2026-10-18T08:15:00Z,node_1039,64.2,30.4,9937.0,1484985.0,9301200.0
2026-10-18T08:20:00Z,node_1046,12.5,78.5,9916.0,7295157.0,1457952.0
2026-10-18T08:25:00Z,node_1035,97.9,39.7,7307.0,5990015.0,5479725.0
2026-10-18T08:30:00Z,node_1033,65.3,52.5,3316.0,995173.0,1483928.0
2026-10-18T08:35:00Z,node_1041,80.9,57.3,10178.0,9791234.0,8464933.0
2026-10-18T08:40:00Z,node_1003,94.3,93.9,10571.0,8250003.0,4843147.0
2026-10-18T08:45:00Z,node_1013,18.5,93.3,14158.0,5266837.0,2748270.0
2026-10-18T08:50:00Z,node_1023,21.7,33.5,9478.0,5367581.0,9638869.0
2026-10-18T08:55:00Z,node_1001,27.2,61.7,11729.0,7527927.0,100536.0
2026-10-18T09:00:00Z,node_1023,21.9,28.1,14396.0,5762430.0,1195240.0
2026-10-18T09:05:00Z,node_1007,8.2,19.2,12662.0,3560314.0,3936308.0
2026-10-18T09:10:00Z,node_1047,84.9,58.7,1978.0,8789900.0,1277038.0
2026-10-18T09:15:00Z,node_1018,71.4,74.7,9704.0,4220637.0,9198684.0
2026-10-18T09:20:00Z,node_1047,10.9,75.1,3869.0,509154.0,9798666.0
2026-10-18T09:25:00Z,node_1008,42.7,63.1,7493.0,3231499.0,1909483.0
2026-10-18T09:30:00Z,node_1027,38.5,92.5,2401.0,8043377.0,6380828.0
2026-10-18T09:35:00Z,node_1031,79.1,88.4,10936.0,2789350.0,1897689.0
2026-10-18T09:40:00Z,node_1041,61.7,34.8,4402.0,1398282.0,1014032.0
2026-10-18T09:45:00Z,node_1012,68.4,23.6,1934.0,9819945.0,7857924.0
2026-10-18T09:50:00Z,node_1022,70.7,49.3,5388.0,1229380.0,8384914.0
2026-10-18T09:55:00Z,node_1018,72.1,55.8,7045.0,2888167.0,9412496.0
2026-10-18T10:00:00Z,node_1001,6.9,59.8,2124.0,5640047.0,7653157.0
2026-10-18T10:05:00Z,node_1040,12.0,24.9,5198.0,4013098.0,8056364.0
2026-10-18T10:10:00Z,node_1005,27.8,15.2,14360.0,5144427.0,6980469.0
2026-10-18T10:15:00Z,node_1044,42.2,49.6,5536.0,9832342.0,910212.0
2026-10-18T10:20:00Z,node_1034,88.5,65.3,896.0,1188316.0,6123906.0
2026-10-18T10:25:00Z,node_1013,6.0,39.9,9425.0,895074.0,7503176.0
2026-10-18T10:30:00Z,node_1034,11.3,48.8,3681.0,7630781.0,2671985.0
2026-10-18T10:35:00Z,node_1046,35.5,50.1,9958.0,3338459.0,8702351.0
2026-10-18T10:40:00Z,node_1045,56.8,46.2,14762.0,1766321.0,9215099.0
2026-10-18T10:45:00Z,node_1007,72.8,47.4,5434.0,1687521.0,4634964.0
2026-10-18T10:50:00Z,node_1022,91.9,47.9,3827.0,4493686.0,2820219.0
2026-10-18T10:55:00Z,node_1010,60.2,82.0,4463.0,9671315.0,3989799.0
2026-10-18T11:00:00Z,node_1022,74.1,11.7,13625.0,9658418.0,7036119.0
2026-10-18T11:05:00Z,node_1049,40.8,71.4,9234.0,7958395.0,6866278.0
2026-10-18T11:10:00Z,node_1007,78.6,74.4,6589.0,5755572.0,3057556.0
2026-10-18T11:15:00Z,node_1048,79.1,51.9,4282.0,1182457.0,616759.0
2026-10-18T11:20:00Z,node_1022,93.0,69.4,2202.0,2716967.0,8762255.0
2026-10-18T11:25:00Z,node_1049,45.4,42.5,5680.0,9295066.0,6067069.0
2026-10-18T11:30:00Z,node_1029,47.8,22.9,7397.0,7551853.0,9393526.0
2026-10-18T11:35:00Z,node_1026,80.9,31.8,5396.0,3045761.0,5118350.0
2026-10-18T11:40:00Z,node_1040,48.5,73.0,8197.0,9967415.0,3965791.0
2026-10-18T11:45:00Z,node_1035,54.7,40.0,13402.0,6132596.0,6510895.0
2026-10-18T11:50:00Z,node_1050,92.3,26.3,2417.0,980883.0,6936981.0
2026-10-18T11:55:00Z,node_1036,45.3,64.4,7253.0,8817806.0,434934.0
2026-10-18T12:00:00Z,node_1022,27.0,74.7,3918.0,408210.0,5561975.0
2026-10-18T12:05:00Z,node_1035,52.5,81.8,13311.0,6382212.0,4336851.0
2026-10-18T12:10:00Z,node_1021,27.8,85.2,9980.0,8657451.0,2892253.0
2026-10-18T12:15:00Z,node_1003,90.7,59.6,13502.0,4708917.0,8780921.0
2026-10-18T12:20:00Z,node_1028,91.8,77.2,9277.0,6813981.0,8391336.0
2026-10-18T12:25:00Z,node_1028,93.6,33.6,6642.0,2649083.0,8160553.0
2026-10-18T12:30:00Z,node_1024,83.6,86.1,8553.0,4995263.0,2957216.0
2026-10-18T12:35:00Z,node_1031,53.7,44.5,12930.0,3575051.0,204640.0
2026-10-18T12:40:00Z,node_1018,35.5,83.8,11043.0,6979438.0,780797.0
2026-10-18T12:45:00Z,node_1003,94.4,12.1,14251.0,4002629.0,4942741.0
2026-10-18T12:50:00Z,node_1006,31.3,31.3,2640.0,8830003.0,2358049.0
2026-10-18T12:55:00Z,node_1049,66.3,65.0,8852.0,2176098.0,1857598.0
2026-10-18T13:00:00Z,node_1004,76.9,41.0,3835.0,4115605.0,8996137.0
2026-10-18T13:05:00Z,node_1041,24.6,38.5,6413.0,4079163.0,1400986.0
2026-10-18T13:10:00Z,node_1005,24.9,74.1,607.0,694261.0,6573206.0
2026-10-18T13:15:00Z,node_1049,81.7,72.7,8320.0,5434618.0,1849597.0
2026-10-18T13:20:00Z,node_1004,29.7,74.6,11749.0,7114762.0,3027624.0
2026-10-18T13:25:00Z,node_1002,55.6,45.6,6287.0,6362366.0,8993491.0
2026-10-18T13:30:00Z,node_1017,36.3,68.1,7759.0,9889865.0,8500791.0
2026-10-18T13:35:00Z,node_1015,87.4,60.7,11986.0,6248129.0,6692899.0
2026-10-18T13:40:00Z,node_1024,11.3,66.9,9947.0,2322436.0,7904424.0
2026-10-18T13:45:00Z,node_1044,34.6,85.9,6408.0,2198358.0,6121100.0
2026-10-18T13:50:00Z,node_1050,72.6,29.6,2591.0,5716031.0,3992774.0
2026-10-18T13:55:00Z,node_1050,76.4,54.0,8246.0,1408039.0,2473938.0
2026-10-18T14:00:00Z,node_1027,35.0,60.8,9015.0,5622371.0,156711.0
2026-10-18T14:05:00Z,node_1046,5.7,62.9,8681.0,705162.0,1613437.0
2026-10-18T14:10:00Z,node_1048,74.8,49.6,8517.0,9401477.0,3921971.0
2026-10-18T14:15:00Z,node_1009,97.1,73.0,12491.0,5619474.0,6293139.0
2026-10-18T14:20:00Z,node_1020,45.6,50.0,2968.0,5152058.0,6050383.0
2026-10-18T14:25:00Z,node_1019,81.1,27.3,14222.0,3234341.0,4014935.0
2026-10-18T14:30:00Z,node_1023,81.7,79.3,8699.0,7588696.0,2263660.0
2026-10-18T14:35:00Z,node_1017,29.2,88.2,4922.0,948957.0,6838582.0
2026-10-18T14:40:00Z,node_1011,42.4,59.0,14892.0,7747005.0,5856787.0
2026-10-18T14:45:00Z,node_1006,82.1,75.1,372.0,6635491.0,6461569.0
2026-10-18T14:50:00Z,node_1043,26.7,19.2,12829.0,1560693.0,617430.0
2026-10-18T14:55:00Z,node_1017,22.5,65.1,9619.0,6367531.0,9917774.0
2026-10-18T15:00:00Z,node_1016,65.1,52.7,13049.0,3579773.0,7042348.0
2026-10-18T15:05:00Z,node_1007,42.1,12.3,4305.0,1359381.0,3475821.0
2026-10-18T15:10:00Z,node_1034,48.0,48.0,12575.0,4798230.0,5089453.0
2026-10-18T15:15:00Z,node_1009,32.2,21.6,14821.0,6239791.0,4218122.0
2026-10-18T15:20:00Z,node_1003,85.5,58.9,9631.0,2295122.0,1120126.0
2026-10-18T15:25:00Z,node_1015,30.9,60.9,9536.0,4535058.0,285244.0
2026-10-18T15:30:00Z,node_1050,53.1,84.3,10117.0,4895668.0,5315338.0
2026-10-18T15:35:00Z,node_1026,57.2,76.7,3906.0,8998242.0,7993338.0
2026-10-18T15:40:00Z,node_1045,28.3,55.5,4381.0,6047827.0,6134773.0
2026-10-18T15:45:00Z,node_1049,51.3,94.1,7269.0,3444318.0,9118353.0
2026-10-18T15:50:00Z,node_1020,62.1,90.4,7351.0,8624517.0,6895763.0
2026-10-18T15:55:00Z,node_1008,18.4,57.8,12161.0,2464135.0,3590903.0
2026-10-18T16:00:00Z,node_1029,58.6,65.6,11613.0,9655663.0,3917864.0
2026-10-18T16:05:00Z,node_1036,48.5,54.6,9187.0,7893105.0,2722561.0
2026-10-18T16:10:00Z,node_1009,37.8,75.5,6894.0,7794067.0,6736591.0
2026-10-18T16:15:00Z,node_1034,44.6,67.0,4713.0,1894970.0,1430229.0
2026-10-18T16:20:00Z,node_1036,10.0,92.5,10819.0,4935491.0,8439627.0
2026-10-18T16:25:00Z,node_1045,73.5,38.1,12426.0,1815397.0,8028805.0
2026-10-18T16:30:00Z,node_1012,44.9,76.8,7746.0,8653244.0,658635.0
2026-10-18T16:35:00Z,node_1022,82.5,30.1,6793.0,1535030.0,4704092.0
2026-10-18T16:40:00Z,node_1003,78.5,76.2,8977.0,6316674.0,1634606.0
2026-10-18T16:45:00Z,node_1024,22.8,54.1,6711.0,3035692.0,9571544.0
2026-10-18T16:50:00Z,node_1033,92.4,93.2,4406.0,3967219.0,8122285.0
2026-10-18T16:55:00Z,node_1049,25.0,44.2,13864.0,8781504.0,997753.0
2026-10-18T17:00:00Z,node_1026,83.9,49.0,14078.0,8341087.0,6192723.0
2026-10-18T17:05:00Z,node_1002,93.7,87.1,10682.0,5492438.0,4472532.0
2026-10-18T17:10:00Z,node_1007,39.5,12.1,914.0,5635007.0,7133759.0
2026-10-18T17:15:00Z,node_1020,55.2,35.0,8412.0,2904081.0,8621937.0
2026-10-18T17:20:00Z,node_1050,65.4,64.8,10185.0,2151594.0,9000318.0
2026-10-18T17:25:00Z,node_1005,98.9,72.3,8312.0,8789762.0,5695481.0
2026-10-18T17:30:00Z,node_1020,14.2,65.5,9827.0,5047255.0,3571434.0
2026-10-18T17:35:00Z,node_1036,69.9,94.2,13368.0,317808.0,772596.0
2026-10-18T17:40:00Z,node_1032,46.5,86.3,8918.0,6851315.0,6761075.0
2026-10-18T17:45:00Z,node_1007,91.1,59.6,10038.0,9694948.0,8348624.0
2026-10-18T17:50:00Z,node_1048,44.6,80.5,8919.0,6238949.0,8027648.0
2026-10-18T17:55:00Z,node_1035,74.6,66.5,9712.0,3916975.0,7543424.0
2026-10-18T18:00:00Z,node_1025,38.3,81.0,1307.0,3987251.0,143468.0
2026-10-18T18:05:00Z,node_1030,9.0,31.3,13063.0,7730371.0,4162280.0
2026-10-18T18:10:00Z,node_1023,89.9,39.8,9806.0,63265.0,9206965.0
2026-10-18T18:15:00Z,node_1028,11.6,11.2,11644.0,3250377.0,3086935.0
2026-10-18T18:20:00Z,node_1040,58.2,41.1,950.0,3856815.0,233392.0
2026-10-18T18:25:00Z,node_1021,95.6,47.6,2798.0,1467999.0,49039.0
2026-10-18T18:30:00Z,node_1015,73.4,69.6,539.0,3835281.0,3259315.0
2026-10-18T18:35:00Z,node_1038,54.6,61.9,12169.0,266703.0,1430473.0
2026-10-18T18:40:00Z,node_1027,20.3,38.7,7507.0,2461565.0,2861887.0
2026-10-18T18:45:00Z,node_1047,72.2,55.3,1756.0,3138803.0,7288878.0
2026-10-18T18:50:00Z,node_1050,65.0,89.6,14264.0,9031194.0,7418140.0
2026-10-18T18:55:00Z,node_1037,33.4,21.7,13194.0,736117.0,1721673.0
2026-10-18T19:00:00Z,node_1010,69.3,55.8,4278.0,5228271.0,7928172.0
2026-10-18T19:05:00Z,node_1046,64.1,14.7,8280.0,7981378.0,5047852.0
2026-10-18T19:10:00Z,node_1027,48.0,65.0,1442.0,4433613.0,1579351.0
2026-10-18T19:15:00Z,node_1036,63.6,65.0,9761.0,943933.0,9071619.0
2026-10-18T19:20:00Z,node_1043,39.8,14.9,3371.0,539319.0,1608074.0
2026-10-18T19:25:00Z,node_1043,68.5,21.8,9897.0,9398232.0,1561398.0
2026-10-18T19:30:00Z,node_1034,54.4,68.2,12949.0,2050515.0,2276399.0
2026-10-18T19:35:00Z,node_1022,49.3,27.6,7004.0,9858321.0,8415620.0
2026-10-18T19:40:00Z,node_1039,53.5,14.8,12169.0,9134087.0,8263597.0
2026-10-18T19:45:00Z,node_1014,33.1,68.9,10334.0,2198444.0,2853953.0
2026-10-18T19:50:00Z,node_1015,76.6,78.3,7818.0,5561718.0,6288215.0
2026-10-18T19:55:00Z,node_1004,48.9,45.3,3396.0,7670226.0,6421864.0
2026-10-18T20:00:00Z,node_1040,58.4,72.5,5699.0,201169.0,5713032.0
2026-10-18T20:05:00Z,node_1024,13.5,84.6,5926.0,706751.0,5555694.0
2026-10-18T20:10:00Z,node_1011,32.8,68.7,6060.0,6010910.0,940236.0
2026-10-18T20:15:00Z,node_1023,76.3,12.8,9569.0,7042663.0,4766604.0
2026-10-18T20:20:00Z,node_1036,14.2,65.2,5400.0,5946701.0,1438821.0
2026-10-18T20:25:00Z,node_1015,75.2,80.0,667.0,9755998.0,4153931.0
2026-10-18T20:30:00Z,node_1001,94.1,64.8,5536.0,5080338.0,5523220.0
2026-10-18T20:35:00Z,node_1048,57.6,22.1,10413.0,4471609.0,5112102.0
2026-10-18T20:40:00Z,node_1031,97.8,63.6,1818.0,8185008.0,9352515.0
2026-10-18T20:45:00Z,node_1009,45.6,17.9,2474.0,787180.0,6609624.0
2026-10-18T20:50:00Z,node_1015,19.3,42.6,3562.0,2670708.0,7221421.0
2026-10-18T20:55:00Z,node_1029,64.4,64.6,2342.0,2232604.0,23192.0
2026-10-18T21:00:00Z,node_1023,44.5,23.4,9872.0,3036191.0,4748136.0
2026-10-18T21:05:00Z,node_1026,70.3,71.6,4062.0,1649286.0,7594590.0
2026-10-18T21:10:00Z,node_1035,81.0,70.7,226.0,9740147.0,7529230.0
2026-10-18T21:15:00Z,node_1005,55.7,73.5,5735.0,4105273.0,5297727.0
2026-10-18T21:20:00Z,node_1023,93.0,45.3,4823.0,7069655.0,5901560.0
2026-10-18T21:25:00Z,node_1019,80.4,88.3,13920.0,2259473.0,4496980.0
2026-10-18T21:30:00Z,node_1029,23.5,22.7,11900.0,3041529.0,6832096.0
2026-10-18T21:35:00Z,node_1027,10.6,72.2,9632.0,5860490.0,9560008.0
2026-10-18T21:40:00Z,node_1006,25.4,32.7,14770.0,3944050.0,5439985.0
2026-10-18T21:45:00Z,node_1023,88.5,90.8,1401.0,8619062.0,9985308.0
2026-10-18T21:50:00Z,node_1002,69.6,13.4,6693.0,3701725.0,4937124.0
2026-10-18T21:55:00Z,node_1031,24.6,53.7,905.0,6677792.0,3239389.0
2026-10-18T22:00:00Z,node_1043,89.0,46.0,445.0,5173020.0,5728723.0
2026-10-18T22:05:00Z,node_1007,9.5,17.9,252.0,3898979.0,536940.0
2026-10-18T22:10:00Z,node_1014,12.9,87.5,11479.0,8241117.0,1885528.0
2026-10-18T22:15:00Z,node_1032,24.3,59.1,6360.0,7021018.0,3891320.0
2026-10-18T22:20:00Z,node_1001,49.1,65.1,12448.0,7307793.0,6314567.0
2026-10-18T22:25:00Z,node_1047,61.9,69.5,6967.0,7324483.0,4748635.0
2026-10-18T22:30:00Z,node_1014,51.0,66.4,11279.0,9366981.0,1395115.0
2026-10-18T22:35:00Z,node_1050,71.2,42.9,5217.0,6784200.0,4816398.0
2026-10-18T22:40:00Z,node_1028,90.5,17.7,3424.0,9500113.0,4147960.0
2026-10-18T22:45:00Z,node_1047,59.6,44.1,3821.0,3489905.0,2918511.0
2026-10-18T22:50:00Z,node_1031,47.1,40.3,7826.0,4130619.0,6610962.0
2026-10-18T22:55:00Z,node_1025,57.5,94.4,8944.0,8286035.0,1229140.0
2026-10-18T23:00:00Z,node_1043,33.0,54.8,4567.0,9217127.0,6167804.0
2026-10-18T23:05:00Z,node_1013,57.3,11.6,5379.0,6359505.0,5414687.0
2026-10-18T23:10:00Z,node_1012,7.7,69.2,1615.0,221176.0,2707638.0
2026-10-18T23:15:00Z,node_1024,94.7,79.3,12136.0,8340616.0,3716062.0
2026-10-18T23:20:00Z,node_1007,42.4,39.8,7760.0,8785744.0,9937536.0
2026-10-18T23:25:00Z,node_1010,75.5,34.8,208.0,570161.0,6848745.0
2026-10-18T23:30:00Z,node_1033,96.6,71.2,6452.0,4794352.0,3868314.0
2026-10-18T23:35:00Z,node_1019,38.9,59.8,130.0,9709696.0,7416893.0
2026-10-18T23:40:00Z,node_1046,60.0,14.9,7053.0,729190.0,3315420.0
2026-10-18T23:45:00Z,node_1024,89.8,89.2,1996.0,9494030.0,337549.0
2026-10-18T23:50:00Z,node_1017,92.3,60.6,6970.0,5153397.0,7221556.0
2026-10-18T23:55:00Z,node_1027,65.3,79.3,877.0,1163812.0,3657849.0
2026-10-19T00:00:00Z,node_1046,43.0,63.3,113.0,5978975.0,3972970.0
2026-10-19T00:05:00Z,node_1011,98.2,62.0,9779.0,4667676.0,4967940.0
2026-10-19T00:10:00Z,node_1016,9.3,69.5,3784.0,6290051.0,5489158.0
2026-10-19T00:15:00Z,node_1047,56.4,13.2,9793.0,1547234.0,9367142.0
2026-10-19T00:20:00Z,node_1035,92.1,46.1,2854.0,4744269.0,8781962.0
2026-10-19T00:25:00Z,node_1019,13.2,58.2,6650.0,9872979.0,7496714.0
2026-10-19T00:30:00Z,node_1036,28.7,18.6,3096.0,6640668.0,5221835.0
2026-10-19T00:35:00Z,node_1034,82.4,67.2,6487.0,9634921.0,6278413.0
2026-10-19T00:40:00Z,node_1037,76.3,66.7,8122.0,9320213.0,2171438.0
2026-10-19T00:45:00Z,node_1004,66.1,41.5,6167.0,5239423.0,9878543.0
2026-10-19T00:50:00Z,node_1048,61.2,72.2,2769.0,5160834.0,6424183.0
2026-10-19T00:55:00Z,node_1011,89.4,89.8,11793.0,1258915.0,902626.0
2026-10-19T01:00:00Z,node_1050,48.1,52.8,4729.0,920055.0,242800.0
2026-10-19T01:05:00Z,node_1032,74.6,93.8,14712.0,7798370.0,8960777.0
2026-10-19T01:10:00Z,node_1019,62.0,73.7,11508.0,9000481.0,4606658.0
2026-10-19T01:15:00Z,node_1024,10.9,24.6,5787.0,4806411.0,6183619.0
2026-10-19T01:20:00Z,node_1040,37.4,46.1,1462.0,9572541.0,5399439.0
2026-10-19T01:25:00Z,node_1049,47.0,87.2,10012.0,4600203.0,9461516.0
2026-10-19T01:30:00Z,node_1014,97.9,89.2,6929.0,4809845.0,6728371.0
2026-10-19T01:35:00Z,node_1025,81.6,76.0,488.0,7945385.0,693287.0
2026-10-19T01:40:00Z,node_1006,34.6,51.6,11342.0,8821497.0,7309219.0
2026-10-19T01:45:00Z,node_1024,67.3,15.2,13210.0,885995.0,8931481.0
2026-10-19T01:50:00Z,node_1008,6.1,45.0,199.0,9377212.0,9356014.0
2026-10-19T01:55:00Z,node_1003,29.5,90.6,11321.0,9387326.0,6183080.0
2026-10-19T02:00:00Z,node_1033,66.9,14.1,12533.0,8376467.0,2872211.0
2026-10-19T02:05:00Z,node_1021,22.5,62.4,5276.0,158771.0,4549543.0
2026-10-19T02:10:00Z,node_1043,43.4,22.6,8053.0,2286519.0,3494367.0
2026-10-19T02:15:00Z,node_1037,96.9,65.4,9172.0,4710245.0,4170808.0
2026-10-19T02:20:00Z,node_1002,19.9,91.4,14326.0,8685936.0,2917569.0
2026-10-19T02:25:00Z,node_1016,74.6,73.8,374.0,6406573.0,1915454.0
2026-10-19T02:30:00Z,node_1035,28.8,71.1,7986.0,8194630.0,3009089.0
2026-10-19T02:35:00Z,node_1045,84.3,47.6,1020.0,5644081.0,5050464.0
2026-10-19T02:40:00Z,node_1016,23.3,38.8,6930.0,2841979.0,5910511.0
2026-10-19T02:45:00Z,node_1024,30.3,39.8,2488.0,5989253.0,6225006.0
2026-10-19T02:50:00Z,node_1030,63.3,92.5,3618.0,7846893.0,2273920.0
2026-10-19T02:55:00Z,node_1043,72.2,70.4,10865.0,6665117.0,9296176.0
2026-10-19T03:00:00Z,node_1037,17.3,68.2,4776.0,1034881.0,2768737.0
2026-10-19T03:05:00Z,node_1018,18.4,78.7,826.0,4724340.0,1444993.0
2026-10-19T03:10:00Z,node_1004,19.4,89.8,13991.0,3326620.0,6416852.0
2026-10-19T03:15:00Z,node_1029,65.0,66.4,6401.0,6078334.0,8281896.0
2026-10-19T03:20:00Z,node_1024,57.2,63.4,3992.0,4869338.0,5436099.0
2026-10-19T03:25:00Z,node_1019,55.1,77.9,8188.0,5361596.0,5331909.0
2026-10-19T03:30:00Z,node_1025,25.6,11.2,1778.0,3861.0,2650117.0
2026-10-19T03:35:00Z,node_1035,77.2,81.9,6755.0,6524797.0,6392977.0
2026-10-19T03:40:00Z,node_1011,51.0,53.7,3587.0,1226038.0,8261273.0
2026-10-19T03:45:00Z,node_1013,33.5,69.5,7761.0,8283629.0,7293252.0
2026-10-19T03:50:00Z,node_1020,97.8,80.2,14488.0,3003025.0,7524634.0
2026-10-19T03:55:00Z,node_1016,38.5,92.2,11674.0,2595819.0,9009259.0
2026-10-19T04:00:00Z,node_1033,6.9,25.0,6664.0,7287534.0,5562036.0
2026-10-19T04:05:00Z,node_1006,31.1,52.8,2582.0,6701168.0,9911633.0
2026-10-19T04:10:00Z,node_1050,91.6,42.1,12906.0,360248.0,3446336.0
2026-10-19T04:15:00Z,node_1043,75.2,43.7,14232.0,9640423.0,5881088.0
2026-10-19T04:20:00Z,node_1043,28.9,61.1,11114.0,6116066.0,6554925.0
2026-10-19T04:25:00Z,node_1048,74.8,88.1,11382.0,2536419.0,1379308.0
2026-10-19T04:30:00Z,node_1046,89.2,37.6,4821.0,271917.0,5580432.0
2026-10-19T04:35:00Z,node_1006,11.0,38.4,11937.0,6877960.0,9975404.0
2026-10-19T04:40:00Z,node_1038,38.8,65.2,14840.0,3882608.0,1682108.0
2026-10-19T04:45:00Z,node_1043,98.6,15.5,1611.0,7972322.0,4753990.0
2026-10-19T04:50:00Z,node_1018,93.0,17.6,222.0,75443.0,8504334.0
2026-10-19T04:55:00Z,node_1009,51.1,70.0,7782.0,6850167.0,5090687.0
2026-10-19T05:00:00Z,node_1047,85.9,79.5,426.0,6079531.0,7931484.0
2026-10-19T05:05:00Z,node_1013,42.0,81.3,6510.0,2015410.0,9536814.0
2026-10-19T05:10:00Z,node_1016,37.7,56.2,8955.0,2221555.0,6044938.0
2026-10-19T05:15:00Z,node_1020,30.5,43.2,14620.0,1688085.0,8713975.0
2026-10-19T05:20:00Z,node_1050,17.4,59.8,11436.0,641953.0,6412728.0
2026-10-19T05:25:00Z,node_1040,48.9,58.8,11138.0,7100972.0,4973775.0
2026-10-19T05:30:00Z,node_1010,45.2,74.7,2985.0,8340266.0,7323843.0
2026-10-19T05:35:00Z,node_1018,43.2,59.2,14282.0,8730731.0,6393455.0
2026-10-19T05:40:00Z,node_1022,58.9,82.6,264.0,8745891.0,7090804.0
2026-10-19T05:45:00Z,node_1044,58.0,15.6,7132.0,1065572.0,4582135.0
2026-10-19T05:50:00Z,node_1007,15.3,33.7,2030.0,8972406.0,3165912.0
2026-10-19T05:55:00Z,node_1034,40.5,67.9,8386.0,8845655.0,6014958.0
2026-10-19T06:00:00Z,node_1038,54.3,92.1,9681.0,2853909.0,6965357.0
2026-10-19T06:05:00Z,node_1026,90.3,71.1,2930.0,5666639.0,5276462.0
2026-10-19T06:10:00Z,node_1012,13.8,60.3,1167.0,3815384.0,5983573.0
2026-10-19T06:15:00Z,node_1031,6.6,29.1,1107.0,6248825.0,5920693.0
2026-10-19T06:20:00Z,node_1004,15.3,51.3,10782.0,704663.0,4185117.0
2026-10-19T06:25:00Z,node_1009,58.5,51.5,14970.0,3615426.0,7854577.0
2026-10-19T06:30:00Z,node_1017,58.7,61.5,2725.0,5931043.0,2535062.0
2026-10-19T06:35:00Z,node_1027,88.4,27.7,12646.0,6648742.0,3312392.0
2026-10-19T06:40:00Z,node_1001,6.2,79.3,14632.0,7475700.0,8727591.0
2026-10-19T06:45:00Z,node_1007,71.0,93.7,5849.0,5527670.0,2044715.0
2026-10-19T06:50:00Z,node_1002,27.1,79.2,1591.0,3451361.0,3684697.0
2026-10-19T06:55:00Z,node_1001,17.6,73.1,5558.0,6813431.0,1182006.0
2026-10-19T07:00:00Z,node_1018,82.6,31.1,5924.0,9212737.0,414388.0
2026-10-19T07:05:00Z,node_1006,96.4,79.1,6048.0,8593383.0,5794426.0
2026-10-19T07:10:00Z,node_1001,56.5,64.5,8600.0,4264214.0,1318855.0
2026-10-19T07:15:00Z,node_1011,95.9,36.3,10693.0,4272232.0,9268949.0
2026-10-19T07:20:00Z,node_1024,85.7,35.8,12028.0,9780993.0,7036603.0
2026-10-19T07:25:00Z,node_1041,28.0,23.5,6728.0,4982868.0,4346076.0
2026-10-19T07:30:00Z,node_1046,32.9,26.3,1911.0,5258509.0,4736558.0
2026-10-19T07:35:00Z,node_1036,86.5,74.2,10459.0,6305190.0,5786987.0
2026-10-19T07:40:00Z,node_1036,10.5,90.9,14069.0,1763252.0,2402440.0
2026-10-19T07:45:00Z,node_1029,28.7,49.4,9008.0,2612057.0,8717879.0
2026-10-19T07:50:00Z,node_1017,90.8,14.3,13658.0,5500535.0,193291.0
2026-10-19T07:55:00Z,node_1007,31.2,14.5,474.0,8100051.0,2304066.0
2026-10-19T08:00:00Z,node_1043,17.2,34.3,6951.0,3156580.0,1236218.0
2026-10-19T08:05:00Z,node_1011,68.3,22.7,2823.0,9851648.0,612798.0
2026-10-19T08:10:00Z,node_1028,7.0,37.7,11557.0,9520744.0,4037374.0
2026-10-19T08:15:00Z,node_1047,24.5,48.0,9255.0,8699817.0,8930763.0
2026-10-19T08:20:00Z,node_1033,84.8,73.0,5014.0,705743.0,8860434.0
2026-10-19T08:25:00Z,node_1033,67.7,26.6,13610.0,7292123.0,2678723.0
2026-10-19T08:30:00Z,node_1006,11.5,93.8,11168.0,1182109.0,1065481.0
2026-10-19T08:35:00Z,node_1025,81.5,48.2,5072.0,4220915.0,9722543.0
2026-10-19T08:40:00Z,node_1034,37.6,14.2,6564.0,1545392.0,2091682.0
2026-10-19T08:45:00Z,node_1033,83.9,57.8,2490.0,8586880.0,9090912.0
2026-10-19T08:50:00Z,node_1043,30.7,13.1,6316.0,5508908.0,6519022.0
2026-10-19T08:55:00Z,node_1014,66.7,76.0,12503.0,1853200.0,8814341.0
2026-10-19T09:00:00Z,node_1001,79.7,77.5,13818.0,6347440.0,7574747.0
2026-10-19T09:05:00Z,node_1041,56.3,80.1,6449.0,4591547.0,470738.0
2026-10-19T09:10:00Z,node_1021,46.9,63.5,4570.0,1511733.0,5677639.0
2026-10-19T09:15:00Z,node_1007,11.8,13.7,12477.0,4000668.0,385977.0
2026-10-19T09:20:00Z,node_1006,20.9,84.2,12461.0,4638719.0,725433.0
2026-10-19T09:25:00Z,node_1044,51.8,72.5,10508.0,7089146.0,1182258.0
2026-10-19T09:30:00Z,node_1022,62.3,73.1,8255.0,258316.0,1724629.0
2026-10-19T09:35:00Z,node_1006,90.2,81.8,6092.0,6478004.0,1114096.0
2026-10-19T09:40:00Z,node_1038,27.8,59.8,6288.0,2253619.0,3820129.0
2026-10-19T09:45:00Z,node_1004,59.3,56.5,11340.0,9494708.0,5543122.0
2026-10-19T09:50:00Z,node_1046,39.3,35.8,4634.0,5155977.0,8809112.0
2026-10-19T09:55:00Z,node_1034,86.9,33.1,204.0,8562848.0,3260094.0
2026-10-19T10:00:00Z,node_1013,68.4,54.1,10468.0,9659787.0,7183514.0
2026-10-19T10:05:00Z,node_1030,26.2,75.2,6387.0,5718914.0,3458247.0
2026-10-19T10:10:00Z,node_1032,66.8,65.2,10483.0,6312385.0,4547949.0
2026-10-19T10:15:00Z,node_1011,64.7,21.0,3386.0,6972052.0,856609.0
2026-10-19T10:20:00Z,node_1022,51.6,26.0,5925.0,4008040.0,7026120.0
2026-10-19T10:25:00Z,node_1017,89.5,71.9,2566.0,9251385.0,3058193.0
2026-10-19T10:30:00Z,node_1041,72.4,71.9,13007.0,7358182.0,4156546.0
2026-10-19T10:35:00Z,node_1018,18.5,68.8,3157.0,8104557.0,7994679.0
2026-10-19T10:40:00Z,node_1049,84.1,46.0,2770.0,947447.0,2294530.0
2026-10-19T10:45:00Z,node_1031,46.7,80.7,13490.0,4486716.0,5772363.0
2026-10-19T10:50:00Z,node_1033,73.5,65.2,3405.0,4975137.0,6760725.0
2026-10-19T10:55:00Z,node_1018,23.9,50.0,1770.0,1818002.0,9771687.0
2026-10-19T11:00:00Z,node_1002,42.5,29.9,8943.0,1577884.0,938423.0
2026-10-19T11:05:00Z,node_1018,81.7,61.5,3285.0,5938641.0,4004595.0
2026-10-19T11:10:00Z,node_1030,84.7,86.8,8514.0,9591007.0,3316207.0
2026-10-19T11:15:00Z,node_1028,76.3,41.0,9535.0,3063913.0,1794970.0
2026-10-19T11:20:00Z,node_1020,36.9,93.3,752.0,6019754.0,6030784.0
2026-10-19T11:25:00Z,node_1005,23.7,84.2,9086.0,1273511.0,8477536.0
2026-10-19T11:30:00Z,node_1030,75.9,85.8,4158.0,6513951.0,3999701.0
2026-10-19T11:35:00Z,node_1004,17.2,17.6,1592.0,6131946.0,2864396.0
2026-10-19T11:40:00Z,node_1016,32.3,48.8,10662.0,1419056.0,4126597.0
2026-10-19T11:45:00Z,node_1033,49.3,91.4,11821.0,313111.0,336470.0
2026-10-19T11:50:00Z,node_1021,77.6,80.3,9457.0,8749110.0,3785985.0
2026-10-19T11:55:00Z,node_1031,16.9,69.4,3290.0,2512777.0,5568619.0
2026-10-19T12:00:00Z,node_1032,61.8,74.9,14461.0,4587296.0,6447728.0
2026-10-19T12:05:00Z,node_1048,87.3,67.0,3702.0,951051.0,197732.0
2026-10-19T12:10:00Z,node_1032,37.4,22.8,2330.0,5133796.0,6572329.0
2026-10-19T12:15:00Z,node_1037,26.9,27.2,575.0,6520390.0,1417056.0
2026-10-19T12:20:00Z,node_1011,51.0,50.7,3981.0,6562402.0,3986513.0
2026-10-19T12:25:00Z,node_1035,34.9,34.9,770.0,1077817.0,4083823.0
2026-10-19T12:30:00Z,node_1023,96.3,66.1,10566.0,753088.0,7672459.0
2026-10-19T12:35:00Z,node_1007,70.3,81.1,13761.0,2232775.0,7455644.0
2026-10-19T12:40:00Z,node_1032,15.6,31.3,2342.0,266469.0,3042436.0
2026-10-19T12:45:00Z,node_1012,14.4,59.7,14078.0,2846722.0,2071800.0
2026-10-19T12:50:00Z,node_1011,84.4,21.9,11566.0,2529658.0,5612601.0
2026-10-19T12:55:00Z,node_1007,19.9,31.6,12171.0,3213871.0,9076201.0
2026-10-19T13:00:00Z,node_1050,60.9,75.1,8312.0,8124050.0,4823788.0
2026-10-19T13:05:00Z,node_1021,42.5,83.7,2974.0,6920483.0,6167006.0
2026-10-19T13:10:00Z,node_1030,28.2,28.0,14914.0,4372325.0,3540658.0
2026-10-19T13:15:00Z,node_1031,33.2,59.6,944.0,3521064.0,5564204.0
2026-10-19T13:20:00Z,node_1031,95.3,31.1,3179.0,9825646.0,7686070.0
2026-10-19T13:25:00Z,node_1028,45.7,50.0,9485.0,2137434.0,512749.0
2026-10-19T13:30:00Z,node_1026,22.8,42.0,13395.0,8455404.0,8147103.0
2026-10-19T13:35:00Z,node_1024,62.8,44.1,3128.0,7296185.0,1148225.0
2026-10-19T13:40:00Z,node_1033,67.9,55.9,4584.0,9565953.0,7704055.0
2026-10-19T13:45:00Z,node_1008,85.0,27.6,14492.0,886446.0,5099580.0
2026-10-19T13:50:00Z,node_1017,41.8,17.2,8743.0,2093297.0,9500856.0
2026-10-19T13:55:00Z,node_1049,74.3,74.6,14995.0,7916678.0,6196353.0
2026-10-19T14:00:00Z,node_1022,37.1,74.2,8503.0,7616840.0,6934899.0
2026-10-19T14:05:00Z,node_1029,89.7,22.3,9052.0,8709500.0,4534075.0
2026-10-19T14:10:00Z,node_1005,95.3,53.2,9886.0,3202952.0,4049104.0
2026-10-19T14:15:00Z,node_1002,78.6,62.0,3578.0,2052928.0,8375320.0
2026-10-19T14:20:00Z,node_1014,17.7,93.9,7667.0,4373441.0,8977740.0
2026-10-19T14:25:00Z,node_1045,78.3,60.8,11035.0,531581.0,6762391.0
2026-10-19T14:30:00Z,node_1003,67.6,18.0,7709.0,4920561.0,8497017.0
2026-10-19T14:35:00Z,node_1009,63.2,19.6,14131.0,4665938.0,2817449.0
2026-10-19T14:40:00Z,node_1003,20.3,41.4,126.0,4721814.0,7465277.0
2026-10-19T14:45:00Z,node_1005,69.3,64.6,11268.0,1899868.0,1401641.0
2026-10-19T14:50:00Z,node_1003,95.2,26.0,3522.0,9845837.0,7766417.0
2026-10-19T14:55:00Z,node_1046,35.4,76.9,4549.0,3899003.0,123188.0
2026-10-19T15:00:00Z,node_1041,40.9,18.4,9709.0,7299765.0,2761564.0
2026-10-19T15:05:00Z,node_1040,32.6,69.0,1250.0,3729472.0,2155891.0
2026-10-19T15:10:00Z,node_1022,53.8,64.4,11051.0,8077197.0,4190874.0
2026-10-19T15:15:00Z,node_1003,43.0,20.8,4447.0,6139342.0,8253125.0
2026-10-19T15:20:00Z,node_1036,8.1,15.8,5363.0,773058.0,2566903.0
2026-10-19T15:25:00Z,node_1011,52.2,46.5,1326.0,8656548.0,6817511.0
2026-10-19T15:30:00Z,node_1022,62.8,87.2,12964.0,8269939.0,8987271.0
2026-10-19T15:35:00Z,node_1011,38.4,56.5,6229.0,5455527.0,4773275.0
2026-10-19T15:40:00Z,node_1035,34.8,90.1,3360.0,2553900.0,1544365.0
2026-10-19T15:45:00Z,node_1038,23.5,91.7,6082.0,1910372.0,5450449.0
2026-10-19T15:50:00Z,node_1012,76.1,30.4,3392.0,7108308.0,1828466.0
2026-10-19T15:55:00Z,node_1015,46.1,75.5,13400.0,7545918.0,5134329.0
2026-10-19T16:00:00Z,node_1050,48.9,84.2,9445.0,7487035.0,6967170.0
2026-10-19T16:05:00Z,node_1008,5.6,47.1,2404.0,7641930.0,9281859.0
2026-10-19T16:10:00Z,node_1008,27.9,80.2,9458.0,7935644.0,3577187.0
2026-10-19T16:15:00Z,node_1009,72.2,26.4,254.0,1624358.0,5129366.0
2026-10-19T16:20:00Z,node_1034,93.1,49.0,8361.0,9328441.0,4032086.0
2026-10-19T16:25:00Z,node_1018,18.1,63.2,9252.0,1442089.0,5838067.0
2026-10-19T16:30:00Z,node_1043,18.6,18.2,12382.0,9648628.0,276390.0
2026-10-19T16:35:00Z,node_1001,57.8,83.2,14841.0,7055700.0,9723297.0
2026-10-19T16:40:00Z,node_1035,27.4,20.6,4087.0,745715.0,5850518.0
2026-10-19T16:45:00Z,node_1044,34.1,56.1,12999.0,4069336.0,7029557.0
2026-10-19T16:50:00Z,node_1026,41.8,82.5,9571.0,3549279.0,8288591.0
2026-10-19T16:55:00Z,node_1016,58.1,92.8,2414.0,4057495.0,7250204.0
2026-10-19T17:00:00Z,node_1030,41.5,54.2,6283.0,9678224.0,8327192.0
2026-10-19T17:05:00Z,node_1035,23.0,72.4,8885.0,5387031.0,5514940.0
2026-10-19T17:10:00Z,node_1022,98.5,34.0,11848.0,2438820.0,6765271.0
2026-10-19T17:15:00Z,node_1013,31.4,16.2,12702.0,2865485.0,524887.0
2026-10-19T17:20:00Z,node_1050,74.2,73.3,10615.0,3614538.0,9277859.0
2026-10-19T17:25:00Z,node_1011,92.1,38.0,1433.0,535074.0,1397105.0
2026-10-19T17:30:00Z,node_1003,29.0,67.4,4241.0,8165015.0,382127.0
2026-10-19T17:35:00Z,node_1031,42.0,81.4,14336.0,1101128.0,6660639.0
2026-10-19T17:40:00Z,node_1025,53.1,38.7,1174.0,6928742.0,1110194.0
2026-10-19T17:45:00Z,node_1006,15.1,46.8,6124.0,1251714.0,8956555.0
2026-10-19T17:50:00Z,node_1048,75.1,31.8,7290.0,6240603.0,5637483.0
2026-10-19T17:55:00Z,node_1048,57.4,74.5,118.0,8270795.0,4371397.0
2026-10-19T18:00:00Z,node_1050,88.2,28.9,9886.0,8595086.0,8858763.0
2026-10-19T18:05:00Z,node_1010,72.4,50.7,9688.0,771070.0,6569303.0
2026-10-19T18:10:00Z,node_1005,44.5,11.9,9723.0,4753936.0,3803642.0
2026-10-19T18:15:00Z,node_1030,26.8,18.2,5025.0,1980838.0,7045641.0
2026-10-19T18:20:00Z,node_1040,54.3,73.2,14822.0,7295508.0,9977403.0
2026-10-19T18:25:00Z,node_1037,11.9,55.4,249.0,1190773.0,822066.0
2026-10-19T18:30:00Z,node_1006,91.9,41.7,10665.0,3247195.0,2650654.0
2026-10-19T18:35:00Z,node_1032,18.7,29.2,653.0,7100951.0,2943133.0
2026-10-19T18:40:00Z,node_1003,82.6,38.8,11656.0,6989088.0,7680823.0
2026-10-19T18:45:00Z,node_1050,18.4,13.9,997.0,3150172.0,5555367.0
2026-10-19T18:50:00Z,node_1047,39.2,65.5,9449.0,962040.0,1047362.0
2026-10-19T18:55:00Z,node_1016,44.9,48.6,6641.0,2815034.0,2575721.0
2026-10-19T19:00:00Z,node_1002,86.0,70.6,11200.0,8615429.0,1509476.0
2026-10-19T19:05:00Z,node_1003,28.7,20.3,5880.0,4622425.0,568424.0
2026-10-19T19:10:00Z,node_1012,9.8,68.5,2163.0,6268265.0,2506623.0
2026-10-19T19:15:00Z,node_1029,27.2,56.0,7375.0,8421306.0,5081795.0
2026-10-19T19:20:00Z,node_1006,34.5,35.4,8752.0,387430.0,5329115.0
2026-10-19T19:25:00Z,node_1020,7.1,86.8,2012.0,1927905.0,9361906.0
2026-10-19T19:30:00Z,node_1021,97.5,81.0,4824.0,5777405.0,4038616.0
2026-10-19T19:35:00Z,node_1017,12.1,59.1,13700.0,9147688.0,8349451.0
2026-10-19T19:40:00Z,node_1039,42.3,74.7,6488.0,818927.0,4126246.0
2026-10-19T19:45:00Z,node_1019,34.1,46.1,309.0,4700208.0,2463917.0
2026-10-19T19:50:00Z,node_1012,64.0,46.4,248.0,9624713.0,4994581.0
2026-10-19T19:55:00Z,node_1039,30.5,26.6,6791.0,5071721.0,6782063.0
2026-10-19T20:00:00Z,node_1049,47.2,17.4,14771.0,9661937.0,8608413.0
2026-10-19T20:05:00Z,node_1047,51.4,35.7,5170.0,3620723.0,7671808.0
2026-10-19T20:10:00Z,node_1043,68.4,20.4,9106.0,1766836.0,232893.0
2026-10-19T20:15:00Z,node_1016,43.1,27.5,545.0,1732798.0,3889285.0
2026-10-19T20:20:00Z,node_1004,83.1,25.2,5872.0,8986101.0,8157599.0
2026-10-19T20:25:00Z,node_1032,32.0,43.1,8484.0,3460581.0,4314911.0
2026-10-19T20:30:00Z,node_1010,62.1,69.2,3067.0,1414758.0,8757318.0
2026-10-19T20:35:00Z,node_1010,76.7,14.1,13286.0,5493621.0,61362.0
2026-10-19T20:40:00Z,node_1019,40.0,39.3,1760.0,9467355.0,7635329.0
2026-10-19T20:45:00Z,node_1046,18.4,15.8,6509.0,5869763.0,7858664.0
2026-10-19T20:50:00Z,node_1005,52.0,10.2,7081.0,6355643.0,737939.0
2026-10-19T20:55:00Z,node_1022,62.2,18.6,7928.0,1523574.0,8274216.0
2026-10-19T21:00:00Z,node_1022,11.5,18.9,3083.0,9955516.0,4799795.0
2026-10-19T21:05:00Z,node_1031,32.2,63.0,1075.0,7469589.0,4499807.0
2026-10-19T21:10:00Z,node_1033,25.3,42.6,3280.0,1906828.0,5097142.0
2026-10-19T21:15:00Z,node_1046,97.2,19.9,9965.0,8587031.0,6588192.0
2026-10-19T21:20:00Z,node_1041,97.1,76.4,2614.0,6586753.0,5142157.0
2026-10-19T21:25:00Z,node_1013,43.9,90.9,5280.0,6625858.0,7117739.0
2026-10-19T21:30:00Z,node_1045,91.8,67.4,12140.0,2477824.0,9789746.0
2026-10-19T21:35:00Z,node_1026,70.6,67.4,4095.0,7306798.0,2137440.0
2026-10-19T21:40:00Z,node_1019,25.4,17.3,3798.0,599388.0,2999214.0
2026-10-19T21:45:00Z,node_1024,95.1,56.9,1347.0,3030508.0,6542432.0
2026-10-19T21:50:00Z,node_1037,25.5,68.7,8487.0,3280721.0,217807.0
2026-10-19T21:55:00Z,node_1034,16.0,19.9,14857.0,8429100.0,9471764.0
2026-10-19T22:00:00Z,node_1049,62.7,14.9,4138.0,7568834.0,4675651.0
2026-10-19T22:05:00Z,node_1040,23.7,37.0,13888.0,3874669.0,918171.0
2026-10-19T22:10:00Z,node_1032,6.0,17.1,2943.0,4616854.0,6174347.0
2026-10-19T22:15:00Z,node_1049,17.1,61.2,2939.0,6260509.0,5945055.0
2026-10-19T22:20:00Z,node_1023,92.7,59.8,2988.0,7948487.0,204681.0
2026-10-19T22:25:00Z,node_1015,67.8,44.1,971.0,8955866.0,4215203.0
2026-10-19T22:30:00Z,node_1041,47.2,21.1,459.0,1619974.0,3912928.0
2026-10-19T22:35:00Z,node_1044,77.6,87.4,7496.0,9594816.0,5736800.0
2026-10-19T22:40:00Z,node_1029,71.8,58.6,8686.0,2656178.0,8618915.0
2026-10-19T22:45:00Z,node_1002,79.0,71.8,7307.0,4435851.0,326822.0
2026-10-19T22:50:00Z,node_1004,70.1,82.7,4931.0,414459.0,8949473.0
2026-10-19T22:55:00Z,node_1032,36.0,34.5,12050.0,31107.0,6439438.0
2026-10-19T23:00:00Z,node_1028,87.9,60.0,167.0,3616213.0,9335530.0
2026-10-19T23:05:00Z,node_1001,72.2,78.5,3564.0,915850.0,1576256.0
2026-10-19T23:10:00Z,node_1030,25.8,62.3,5596.0,4478537.0,2556417.0
2026-10-19T23:15:00Z,node_1018,61.9,35.8,6911.0,8214095.0,1882615.0
2026-10-19T23:20:00Z,node_1037,52.3,53.9,5127.0,7051926.0,3856553.0
2026-10-19T23:25:00Z,node_1035,83.3,67.0,9883.0,2952000.0,1783420.0
2026-10-19T23:30:00Z,node_1001,42.7,69.9,6298.0,8733132.0,5546696.0
2026-10-19T23:35:00Z,node_1039,32.5,91.9,8144.0,8751384.0,847806.0
2026-10-19T23:40:00Z,node_1020,43.0,53.4,13576.0,7393721.0,3715358.0
2026-10-19T23:45:00Z,node_1002,8.3,23.0,393.0,1948703.0,9370167.0
2026-10-19T23:50:00Z,node_1010,11.3,87.7,5481.0,3720385.0,3126157.0
2026-10-19T23:55:00Z,node_1013,89.7,24.6,13888.0,1660372.0,9126929.0
2026-10-20T00:00:00Z,node_1009,51.2,12.5,14735.0,1180449.0,6736850.0
2026-10-20T00:05:00Z,node_1005,90.3,26.5,1462.0,8394503.0,5310999.0
2026-10-20T00:10:00Z,node_1017,65.2,52.2,10821.0,653154.0,2256295.0
2026-10-20T00:15:00Z,node_1046,35.5,43.6,1630.0,8197577.0,465438.0
2026-10-20T00:20:00Z,node_1034,50.8,71.4,270.0,6035283.0,4109936.0
2026-10-20T00:25:00Z,node_1022,85.5,28.7,5952.0,1821430.0,4902134.0
2026-10-20T00:30:00Z,node_1041,67.7,16.6,147.0,7184117.0,9006044.0
2026-10-20T00:35:00Z,node_1018,37.1,43.4,7602.0,9297515.0,5267649.0
2026-10-20T00:40:00Z,node_1034,40.1,66.7,3206.0,228683.0,9625675.0
2026-10-20T00:45:00Z,node_1007,66.1,21.4,633.0,7285885.0,1793355.0
2026-10-20T00:50:00Z,node_1025,44.2,15.8,10850.0,7603130.0,6675505.0
2026-10-20T00:55:00Z,node_1042,56.8,20.7,2624.0,5636146.0,345442.0
2026-10-20T01:00:00Z,node_1005,72.6,63.4,7454.0,6242207.0,1245653.0
2026-10-20T01:05:00Z,node_1035,95.8,15.0,4561.0,7069708.0,5041996.0
2026-10-20T01:10:00Z,node_1016,39.0,42.5,2248.0,5634522.0,8139641.0
2026-10-20T01:15:00Z,node_1030,72.8,76.0,11155.0,2858301.0,636588.0
2026-10-20T01:20:00Z,node_1016,27.7,11.8,8767.0,6194951.0,9517664.0
2026-10-20T01:25:00Z,node_1004,18.2,31.5,13851.0,182920.0,1534489.0
2026-10-20T01:30:00Z,node_1021,46.8,27.5,4839.0,2349889.0,534608.0
2026-10-20T01:35:00Z,node_1004,7.9,41.4,8321.0,6379268.0,9438780.0
2026-10-20T01:40:00Z,node_1037,13.3,68.5,13699.0,9768850.0,6686821.0
2026-10-20T01:45:00Z,node_1036,91.8,34.0,6026.0,9136968.0,9705210.0
2026-10-20T01:50:00Z,node_1050,69.8,55.7,10890.0,5356118.0,5759209.0
2026-10-20T01:55:00Z,node_1026,87.8,14.4,14143.0,5347423.0,4037759.0
2026-10-20T02:00:00Z,node_1047,64.5,76.4,5833.0,2013020.0,2452252.0
2026-10-20T02:05:00Z,node_1027,6.5,46.2,10443.0,2846549.0,2629506.0
2026-10-20T02:10:00Z,node_1024,60.7,60.4,13669.0,2936055.0,9268050.0
2026-10-20T02:15:00Z,node_1027,26.8,10.3,12413.0,7643582.0,5420277.0
2026-10-20T02:20:00Z,node_1049,96.6,59.2,2070.0,3890102.0,4547730.0
2026-10-20T02:25:00Z,node_1027,81.5,68.3,4885.0,9301255.0,7573151.0
2026-10-20T02:30:00Z,node_1002,39.4,69.2,1502.0,9353336.0,9119804.0
2026-10-20T02:35:00Z,node_1034,71.4,10.9,7934.0,9678527.0,8942181.0
2026-10-20T02:40:00Z,node_1005,97.2,33.2,4866.0,3558437.0,279880.0
2026-10-20T02:45:00Z,node_1024,62.9,71.3,9118.0,5601016.0,5154323.0
2026-10-20T02:50:00Z,node_1028,78.0,46.8,10218.0,6340573.0,9378833.0
2026-10-20T02:55:00Z,node_1033,12.5,11.6,11328.0,8028232.0,8826994.0
2026-10-20T03:00:00Z,node_1034,44.1,37.3,11581.0,7269482.0,8470273.0
2026-10-20T03:05:00Z,node_1031,30.1,71.5,5680.0,6252893.0,5917437.0
2026-10-20T03:10:00Z,node_1037,33.5,90.6,503.0,242428.0,9836911.0
2026-10-20T03:15:00Z,node_1011,12.8,58.8,10830.0,2005895.0,9938410.0
2026-10-20T03:20:00Z,node_1047,54.3,24.1,12473.0,6545882.0,1437584.0
2026-10-20T03:25:00Z,node_1032,91.2,68.9,10953.0,8782934.0,654073.0
2026-10-20T03:30:00Z,node_1038,67.2,23.6,2007.0,8466585.0,5275493.0
2026-10-20T03:35:00Z,node_1014,20.1,36.9,9312.0,6613272.0,5085619.0
2026-10-20T03:40:00Z,node_1013,74.8,61.5,3744.0,7237855.0,9609485.0
2026-10-20T03:45:00Z,node_1027,98.6,40.2,350.0,1887798.0,671378.0
2026-10-20T03:50:00Z,node_1046,35.3,37.5,13426.0,7538352.0,6182328.0
2026-10-20T03:55:00Z,node_1005,88.1,25.1,1025.0,6673889.0,6514840.0
2026-10-20T04:00:00Z,node_1023,51.7,51.5,243.0,5727489.0,4648285.0
2026-10-20T04:05:00Z,node_1028,85.0,53.8,12354.0,2061713.0,9618225.0
2026-10-20T04:10:00Z,node_1032,51.7,17.0,5491.0,8659657.0,4282299.0
2026-10-20T04:15:00Z,node_1048,72.9,63.0,14806.0,9456020.0,5647681.0
2026-10-20T04:20:00Z,node_1030,88.8,72.5,585.0,5143562.0,4206637.0
2026-10-20T04:25:00Z,node_1041,58.2,15.7,888.0,6966255.0,5880938.0
2026-10-20T04:30:00Z,node_1038,9.9,41.3,11899.0,7678893.0,5552656.0
2026-10-20T04:35:00Z,node_1047,39.8,60.6,14585.0,5307200.0,9309943.0
2026-10-20T04:40:00Z,node_1033,26.4,52.5,7816.0,7219204.0,4230637.0
2026-10-20T04:45:00Z,node_1004,89.3,75.9,12338.0,1025915.0,7125530.0
2026-10-20T04:50:00Z,node_1026,18.4,30.8,4866.0,3173275.0,5009786.0
2026-10-20T04:55:00Z,node_1028,7.2,79.7,6152.0,1572715.0,2864242.0
2026-10-20T05:00:00Z,node_1050,81.3,16.7,2734.0,7515270.0,665307.0
2026-10-20T05:05:00Z,node_1035,90.9,46.7,3306.0,2027440.0,5846742.0
2026-10-20T05:10:00Z,node_1024,54.4,73.7,14656.0,7395513.0,4616058.0
2026-10-20T05:15:00Z,node_1012,12.7,11.4,12757.0,7140435.0,3157484.0
2026-10-20T05:20:00Z,node_1005,15.0,94.2,3358.0,4786880.0,1056134.0
2026-10-20T05:25:00Z,node_1004,51.3,59.8,1933.0,8743277.0,7959536.0
2026-10-20T05:30:00Z,node_1038,18.8,54.1,3186.0,7993408.0,395070.0
2026-10-20T05:35:00Z,node_1011,8.7,47.8,13512.0,6837149.0,5972565.0
2026-10-20T05:40:00Z,node_1050,65.7,14.1,8636.0,3644192.0,4096367.0
2026-10-20T05:45:00Z,node_1003,34.9,93.6,2297.0,8121013.0,4688368.0
2026-10-20T05:50:00Z,node_1025,54.7,51.6,1693.0,9409363.0,3964664.0
2026-10-20T05:55:00Z,node_1039,72.7,75.2,4060.0,5970995.0,471591.0
2026-10-20T06:00:00Z,node_1047,44.0,90.9,7845.0,8206076.0,7604146.0
2026-10-20T06:05:00Z,node_1014,87.6,75.8,2203.0,8645369.0,6816128.0
2026-10-20T06:10:00Z,node_1007,45.5,54.6,572.0,7448695.0,9173394.0
2026-10-20T06:15:00Z,node_1005,26.3,70.9,7839.0,8245865.0,5282536.0
2026-10-20T06:20:00Z,node_1021,26.2,19.6,6376.0,1537960.0,7514232.0
2026-10-20T06:25:00Z,node_1022,96.0,69.7,11265.0,3348431.0,1335676.0
2026-10-20T06:30:00Z,node_1008,96.7,63.1,14167.0,3344153.0,7217170.0
2026-10-20T06:35:00Z,node_1041,6.9,10.4,2647.0,6875471.0,9272564.0
2026-10-20T06:40:00Z,node_1030,6.3,50.1,838.0,4693055.0,5116327.0
2026-10-20T06:45:00Z,node_1003,41.8,39.1,10583.0,4467634.0,6350700.0
2026-10-20T06:50:00Z,node_1027,12.2,14.5,14676.0,7524998.0,343110.0
2026-10-20T06:55:00Z,node_1037,28.8,76.2,12949.0,7628100.0,4483524.0
2026-10-20T07:00:00Z,node_1005,65.8,87.4,13957.0,8894842.0,3636698.0
2026-10-20T07:05:00Z,node_1033,43.7,22.7,8201.0,3947822.0,8407407.0
2026-10-20T07:10:00Z,node_1026,47.3,21.3,7591.0,7607472.0,9270176.0
2026-10-20T07:15:00Z,node_1036,13.0,55.6,2604.0,454902.0,8083819.0
2026-10-20T07:20:00Z,node_1024,5.5,54.5,14291.0,5357199.0,3853054.0
2026-10-20T07:25:00Z,node_1025,66.5,16.5,13405.0,1426822.0,2183798.0
2026-10-20T07:30:00Z,node_1049,12.9,39.4,8138.0,8021929.0,8702507.0
2026-10-20T07:35:00Z,node_1030,41.9,27.7,1021.0,2965740.0,6552948.0
2026-10-20T07:40:00Z,node_1033,94.3,66.0,998.0,6983179.0,8230559.0
2026-10-20T07:45:00Z,node_1015,70.6,49.4,13615.0,77220.0,6239347.0
2026-10-20T07:50:00Z,node_1038,15.7,74.6,2811.0,6513953.0,9977422.0
2026-10-20T07:55:00Z,node_1033,58.3,87.3,12153.0,3301772.0,9923154.0
2026-10-20T08:00:00Z,node_1009,42.3,74.2,7251.0,8782719.0,3398739.0
2026-10-20T08:05:00Z,node_1002,74.1,59.8,4852.0,7467316.0,7766149.0
2026-10-20T08:10:00Z,node_1021,91.1,79.5,3734.0,5432975.0,1260644.0
2026-10-20T08:15:00Z,node_1016,46.1,82.8,1792.0,8582159.0,4814779.0
2026-10-20T08:20:00Z,node_1045,76.1,63.8,10773.0,2974088.0,8450812.0
2026-10-20T08:25:00Z,node_1034,46.0,13.8,8763.0,4147488.0,2335560.0
2026-10-20T08:30:00Z,node_1035,41.4,32.0,446.0,6841277.0,1033692.0
2026-10-20T08:35:00Z,node_1030,95.0,64.8,6084.0,7597592.0,4926921.0
2026-10-20T08:40:00Z,node_1012,22.3,15.8,9193.0,5086408.0,9299240.0
2026-10-20T08:45:00Z,node_1022,36.3,65.2,12545.0,9297200.0,1586521.0
2026-10-20T08:50:00Z,node_1002,30.0,54.2,5057.0,7390655.0,5245300.0
2026-10-20T08:55:00Z,node_1002,90.7,89.9,7536.0,2063571.0,2016866.0
2026-10-20T09:00:00Z,node_1029,30.8,89.6,6800.0,136471.0,2431240.0
2026-10-20T09:05:00Z,node_1022,52.0,77.3,1545.0,5169609.0,3381162.0
2026-10-20T09:10:00Z,node_1037,69.5,81.0,1018.0,9421456.0,6524414.0
2026-10-20T09:15:00Z,node_1024,35.8,19.7,3466.0,134958.0,3636195.0
2026-10-20T09:20:00Z,node_1002,9.8,63.5,2708.0,3845091.0,3160608.0
2026-10-20T09:25:00Z,node_1031,87.3,91.1,11321.0,4443577.0,3365422.0
2026-10-20T09:30:00Z,node_1047,5.3,81.9,8928.0,5458696.0,8122190.0
2026-10-20T09:35:00Z,node_1018,89.3,73.5,6094.0,4095103.0,9513719.0
2026-10-20T09:40:00Z,node_1024,43.3,83.0,7686.0,1876622.0,6072481.0
2026-10-20T09:45:00Z,node_1009,12.9,75.3,7950.0,6703979.0,9439497.0
2026-10-20T09:50:00Z,node_1005,13.3,73.1,8614.0,8054195.0,607701.0
2026-10-20T09:55:00Z,node_1028,76.2,54.7,5443.0,8526465.0,6371970.0
2026-10-20T10:00:00Z,node_1009,32.1,69.8,2810.0,5707526.0,868458.0
2026-10-20T10:05:00Z,node_1005,61.9,16.5,12894.0,6500316.0,9741424.0
2026-10-20T10:10:00Z,node_1016,75.8,65.6,5513.0,1828472.0,2390220.0
2026-10-20T10:15:00Z,node_1039,82.8,15.5,13741.0,838634.0,8763131.0
2026-10-20T10:20:00Z,node_1018,92.7,59.5,6820.0,2791700.0,436742.0
2026-10-20T10:25:00Z,node_1032,67.5,41.9,11904.0,7877191.0,8369482.0
2026-10-20T10:30:00Z,node_1026,5.2,75.0,6976.0,1746188.0,845746.0
2026-10-20T10:35:00Z,node_1042,95.6,50.5,1020.0,7918622.0,711077.0
2026-10-20T10:40:00Z,node_1015,34.9,20.5,8967.0,2162661.0,2992416.0
2026-10-20T10:45:00Z,node_1036,54.5,67.9,3569.0,3757174.0,3508883.0
2026-10-20T10:50:00Z,node_1019,97.4,41.7,10701.0,8585387.0,5726509.0
2026-10-20T10:55:00Z,node_1048,88.3,60.4,13800.0,9906086.0,2081380.0
2026-10-20T11:00:00Z,node_1031,80.4,20.5,1734.0,9125041.0,7347506.0
2026-10-20T11:05:00Z,node_1024,56.2,14.1,11947.0,7341970.0,11705.0
2026-10-20T11:10:00Z,node_1022,46.6,34.9,6263.0,3716345.0,1824530.0
2026-10-20T11:15:00Z,node_1038,18.9,85.4,11253.0,5868313.0,3054491.0
2026-10-20T11:20:00Z,node_1032,85.9,72.3,2503.0,8384957.0,4743832.0
2026-10-20T11:25:00Z,node_1037,59.1,11.7,10973.0,1669725.0,3257072.0
2026-10-20T11:30:00Z,node_1009,80.8,34.8,10515.0,9062680.0,4786254.0
2026-10-20T11:35:00Z,node_1002,98.3,17.8,2898.0,7132658.0,6437023.0
2026-10-20T11:40:00Z,node_1040,23.8,44.2,7078.0,4433200.0,2145147.0
2026-10-20T11:45:00Z,node_1009,17.6,37.3,5635.0,4769664.0,8974738.0
2026-10-20T11:50:00Z,node_1026,66.8,46.5,13788.0,2411643.0,8361996.0
2026-10-20T11:55:00Z,node_1001,32.5,64.8,900.0,2423280.0,1745995.0
2026-10-20T12:00:00Z,node_1049,68.3,37.1,3424.0,1586527.0,4278949.0
2026-10-20T12:05:00Z,node_1048,13.6,83.1,14134.0,2417157.0,7620895.0
2026-10-20T12:10:00Z,node_1039,33.4,46.0,4992.0,8930121.0,8159055.0
2026-10-20T12:15:00Z,node_1016,30.1,43.7,4212.0,4555557.0,1482986.0
2026-10-20T12:20:00Z,node_1026,13.5,62.5,3534.0,3360431.0,5776779.0
2026-10-20T12:25:00Z,node_1046,54.5,53.4,12842.0,6810665.0,7969484.0
2026-10-20T12:30:00Z,node_1025,27.5,75.2,105.0,7640112.0,9805267.0
2026-10-20T12:35:00Z,node_1045,75.4,32.1,635.0,1224915.0,3584160.0
2026-10-20T12:40:00Z,node_1030,68.7,65.3,11999.0,1775936.0,209052.0
2026-10-20T12:45:00Z,node_1002,42.8,40.3,14948.0,5672549.0,5025126.0
2026-10-20T12:50:00Z,node_1011,19.9,60.7,9398.0,9073105.0,2650585.0
2026-10-20T12:55:00Z,node_1040,67.1,15.8,10471.0,2691007.0,7156580.0
2026-10-20T13:00:00Z,node_1015,46.6,17.0,7972.0,9507158.0,2935174.0
2026-10-20T13:05:00Z,node_1017,7.0,18.5,5709.0,3539656.0,821691.0
2026-10-20T13:10:00Z,node_1003,52.8,86.5,8360.0,5591887.0,6813131.0
2026-10-20T13:15:00Z,node_1019,24.9,22.4,5120.0,6658880.0,7308212.0
2026-10-20T13:20:00Z,node_1035,75.5,40.1,471.0,7226988.0,6075317.0
2026-10-20T13:25:00Z,node_1003,78.1,51.7,12784.0,7964851.0,9368601.0
2026-10-20T13:30:00Z,node_1026,11.8,87.5,2119.0,9305717.0,2737472.0
2026-10-20T13:35:00Z,node_1018,28.8,66.3,3755.0,7303677.0,1083722.0
2026-10-20T13:40:00Z,node_1015,73.1,29.4,13184.0,5361184.0,3307705.0
2026-10-20T13:45:00Z,node_1038,96.9,29.7,11431.0,4314787.0,2345889.0
2026-10-20T13:50:00Z,node_1036,13.3,51.5,11591.0,6001884.0,1997919.0
2026-10-20T13:55:00Z,node_1019,92.7,48.8,7501.0,8929449.0,647471.0
2026-10-20T14:00:00Z,node_1031,54.3,87.4,9591.0,1484646.0,8563174.0
2026-10-20T14:05:00Z,node_1037,49.9,83.0,8938.0,2219533.0,987920.0
2026-10-20T14:10:00Z,node_1023,68.8,60.9,317.0,2720259.0,5547778.0
2026-10-20T14:15:00Z,node_1021,82.6,37.4,14717.0,424904.0,500950.0
2026-10-20T14:20:00Z,node_1016,46.4,51.5,14965.0,3730505.0,1480465.0
2026-10-20T14:25:00Z,node_1029,33.6,62.6,1140.0,1809252.0,5933135.0
2026-10-20T14:30:00Z,node_1026,58.3,58.5,1315.0,4962553.0,3975999.0
2026-10-20T14:35:00Z,node_1010,43.3,50.0,2590.0,9774105.0,5540850.0
2026-10-20T14:40:00Z,node_1046,89.5,81.4,14084.0,1967464.0,4597614.0
2026-10-20T14:45:00Z,node_1001,24.1,54.0,10497.0,5422815.0,1940819.0
2026-10-20T14:50:00Z,node_1030,79.7,64.7,12733.0,8103276.0,8857517.0
2026-10-20T14:55:00Z,node_1023,36.2,17.1,8828.0,8268753.0,1312434.0
2026-10-20T15:00:00Z,node_1031,33.1,90.5,10549.0,9026902.0,9355025.0
2026-10-20T15:05:00Z,node_1019,96.7,81.0,4331.0,6606099.0,8437886.0
2026-10-20T15:10:00Z,node_1045,17.7,27.1,8075.0,7884265.0,8967909.0
2026-10-20T15:15:00Z,node_1008,64.4,23.4,8569.0,7609728.0,3468156.0
2026-10-20T15:20:00Z,node_1043,44.3,62.4,14701.0,4965447.0,4865298.0
2026-10-20T15:25:00Z,node_1024,21.1,62.3,8941.0,4799908.0,5190105.0
2026-10-20T15:30:00Z,node_1024,18.9,73.2,10080.0,8127897.0,9170465.0
2026-10-20T15:35:00Z,node_1028,24.5,78.5,10741.0,9121520.0,2710459.0
2026-10-20T15:40:00Z,node_1012,97.2,84.6,439.0,4167785.0,6346478.0
2026-10-20T15:45:00Z,node_1004,92.6,71.4,6910.0,3952020.0,9089881.0
2026-10-20T15:50:00Z,node_1024,74.7,30.1,13800.0,7942407.0,7999695.0
2026-10-20T15:55:00Z,node_1039,79.2,66.3,14141.0,6099930.0,8978787.0
2026-10-20T16:00:00Z,node_1034,84.4,13.3,6421.0,1917263.0,66029.0
2026-10-20T16:05:00Z,node_1042,27.3,86.2,11226.0,9154205.0,8232186.0
2026-10-20T16:10:00Z,node_1002,25.6,35.4,8358.0,8653214.0,4691186.0
2026-10-20T16:15:00Z,node_1003,21.0,61.9,13259.0,1980384.0,3172770.0
2026-10-20T16:20:00Z,node_1028,94.1,40.4,14298.0,6888159.0,8179139.0
2026-10-20T16:25:00Z,node_1048,37.3,38.8,3346.0,311635.0,2673625.0
2026-10-20T16:30:00Z,node_1041,32.8,51.8,11406.0,7557302.0,8679924.0
2026-10-20T16:35:00Z,node_1039,56.4,94.2,1595.0,7574304.0,4511617.0
2026-10-20T16:40:00Z,node_1016,8.9,73.4,12185.0,7657741.0,9869114.0
2026-10-20T16:45:00Z,node_1045,94.2,17.4,13112.0,4306854.0,1605253.0
2026-10-20T16:50:00Z,node_1050,80.2,44.6,3962.0,9703932.0,8647013.0
2026-10-20T16:55:00Z,node_1020,7.1,88.9,12657.0,6543586.0,7492789.0
2026-10-20T17:00:00Z,node_1019,70.0,36.8,12533.0,949060.0,1456814.0
2026-10-20T17:05:00Z,node_1008,62.2,51.7,3048.0,1107699.0,3554098.0
2026-10-20T17:10:00Z,node_1037,42.8,21.3,3095.0,9388228.0,6764284.0
2026-10-20T17:15:00Z,node_1007,14.3,17.5,8252.0,3242093.0,4320739.0
2026-10-20T17:20:00Z,node_1003,35.7,64.3,1667.0,663134.0,7992264.0
2026-10-20T17:25:00Z,node_1025,84.9,72.5,14400.0,621481.0,2498197.0
2026-10-20T17:30:00Z,node_1006,10.4,34.4,13268.0,6587668.0,2472183.0
2026-10-20T17:35:00Z,node_1047,52.7,25.9,9577.0,4684391.0,7126732.0
2026-10-20T17:40:00Z,node_1038,86.9,16.5,12726.0,7330243.0,3759811.0
2026-10-20T17:45:00Z,node_1033,12.8,94.8,1362.0,9384087.0,9777185.0
2026-10-20T17:50:00Z,node_1029,41.3,21.1,2083.0,3128055.0,7409119.0
2026-10-20T17:55:00Z,node_1045,9.1,37.6,7054.0,5930699.0,7996470.0
2026-10-20T18:00:00Z,node_1039,74.1,44.2,6123.0,6903846.0,5330453.0
2026-10-20T18:05:00Z,node_1006,24.0,19.1,2780.0,2246847.0,3594052.0
2026-10-20T18:10:00Z,node_1044,77.6,94.3,8318.0,3809282.0,4388619.0
2026-10-20T18:15:00Z,node_1007,60.7,40.4,2941.0,1445515.0,9339775.0
2026-10-20T18:20:00Z,node_1033,12.6,62.0,8316.0,2027629.0,111558.0
2026-10-20T18:25:00Z,node_1026,26.4,67.4,2796.0,3340508.0,2681735.0
2026-10-20T18:30:00Z,node_1007,28.1,50.6,10842.0,8427828.0,2609433.0
2026-10-20T18:35:00Z,node_1040,44.5,72.9,3009.0,8485876.0,2778295.0
2026-10-20T18:40:00Z,node_1004,81.4,73.6,6416.0,5360084.0,2120609.0
2026-10-20T18:45:00Z,node_1047,69.6,53.4,147.0,7244677.0,7701027.0
2026-10-20T18:50:00Z,node_1004,65.1,90.2,7072.0,5450743.0,1713566.0
2026-10-20T18:55:00Z,node_1045,40.9,93.9,242.0,7817589.0,8307517.0
2026-10-20T19:00:00Z,node_1006,39.9,79.6,8000.0,5609837.0,1195138.0
2026-10-20T19:05:00Z,node_1007,72.7,43.1,11961.0,7778692.0,8216700.0
2026-10-20T19:10:00Z,node_1024,14.2,72.7,9045.0,5316732.0,3042168.0
2026-10-20T19:15:00Z,node_1001,41.2,77.1,7553.0,8785159.0,1879543.0
2026-10-20T19:20:00Z,node_1026,11.8,48.9,8601.0,7123529.0,8770410.0
2026-10-20T19:25:00Z,node_1049,78.6,84.2,5774.0,2404222.0,9336847.0
2026-10-20T19:30:00Z,node_1005,11.6,24.4,3346.0,2520096.0,4838469.0
2026-10-20T19:35:00Z,node_1040,93.0,21.3,13331.0,432016.0,6149221.0
2026-10-20T19:40:00Z,node_1048,44.0,92.7,4020.0,8757588.0,8474804.0
2026-10-20T19:45:00Z,node_1018,82.1,42.5,1707.0,5111979.0,4588608.0
2026-10-20T19:50:00Z,node_1044,36.9,87.5,12127.0,2612832.0,7064571.0
2026-10-20T19:55:00Z,node_1017,23.5,47.6,10055.0,7012213.0,9551762.0
2026-10-20T20:00:00Z,node_1037,78.3,73.3,5268.0,2152343.0,9718385.0
2026-10-20T20:05:00Z,node_1012,66.4,87.8,7441.0,3557181.0,8824184.0
2026-10-20T20:10:00Z,node_1031,85.6,24.7,12966.0,5575130.0,784714.0
2026-10-20T20:15:00Z,node_1025,7.7,89.1,8170.0,2090340.0,6816128.0
2026-10-20T20:20:00Z,node_1042,83.2,11.6,6173.0,6288096.0,8488248.0
2026-10-20T20:25:00Z,node_1009,27.6,79.2,11703.0,7529311.0,9337626.0
2026-10-20T20:30:00Z,node_1042,22.3,93.9,10024.0,4915293.0,5857221.0
2026-10-20T20:35:00Z,node_1041,49.9,47.3,7432.0,9577182.0,7883012.0
2026-10-20T20:40:00Z,node_1007,59.0,85.2,5446.0,9031136.0,7442995.0
2026-10-20T20:45:00Z,node_1038,93.1,82.2,8421.0,9254410.0,7629170.0
2026-10-20T20:50:00Z,node_1040,81.1,91.0,6230.0,5789601.0,9129636.0
2026-10-20T20:55:00Z,node_1047,42.7,34.2,8350.0,9190246.0,4116790.0
2026-10-20T21:00:00Z,node_1031,46.3,19.4,415.0,1180368.0,6402965.0
2026-10-20T21:05:00Z,node_1035,81.0,51.4,3560.0,7774765.0,7135919.0
2026-10-20T21:10:00Z,node_1032,13.7,43.5,7846.0,999470.0,7095607.0
2026-10-20T21:15:00Z,node_1014,45.2,34.1,7733.0,7219777.0,436896.0
2026-10-20T21:20:00Z,node_1024,41.4,68.5,4828.0,1613856.0,6134015.0
2026-10-20T21:25:00Z,node_1016,17.7,23.2,3919.0,9359594.0,4792665.0
2026-10-20T21:30:00Z,node_1005,38.6,49.5,5365.0,4147281.0,399703.0
2026-10-20T21:35:00Z,node_1016,80.3,30.9,3067.0,8674576.0,5428887.0
2026-10-20T21:40:00Z,node_1005,56.9,35.5,163.0,8479043.0,8460615.0
2026-10-20T21:45:00Z,node_1043,5.5,53.0,2579.0,7443303.0,8659663.0
2026-10-20T21:50:00Z,node_1021,46.1,41.2,1187.0,7307946.0,1614528.0
2026-10-20T21:55:00Z,node_1015,94.9,38.2,7812.0,5077815.0,8805755.0
2026-10-20T22:00:00Z,node_1046,6.3,49.9,5876.0,9448346.0,1871046.0
2026-10-20T22:05:00Z,node_1008,57.8,93.4,248.0,8545162.0,2719953.0
2026-10-20T22:10:00Z,node_1031,51.2,83.5,2925.0,8674670.0,393214.0
2026-10-20T22:15:00Z,node_1013,48.8,33.7,11478.0,6753716.0,8110779.0
2026-10-20T22:20:00Z,node_1007,40.1,74.7,14489.0,7407755.0,2558411.0
2026-10-20T22:25:00Z,node_1015,62.5,42.6,10634.0,6071188.0,639403.0
2026-10-20T22:30:00Z,node_1030,11.3,38.1,6547.0,823678.0,9071330.0
2026-10-20T22:35:00Z,node_1042,66.8,69.0,14745.0,8426207.0,4708747.0
2026-10-20T22:40:00Z,node_1007,77.8,29.7,11558.0,5192690.0,9029663.0
2026-10-20T22:45:00Z,node_1025,22.9,86.5,11631.0,5839676.0,8716145.0
2026-10-20T22:50:00Z,node_1042,52.9,27.6,979.0,2047861.0,4443382.0
2026-10-20T22:55:00Z,node_1046,24.8,41.6,2165.0,1890194.0,6133221.0
2026-10-20T23:00:00Z,node_1049,11.5,61.6,9017.0,1648299.0,6846333.0
2026-10-20T23:05:00Z,node_1029,30.4,78.3,13070.0,4366341.0,570091.0
2026-10-20T23:10:00Z,node_1002,19.6,52.0,14494.0,252340.0,9782708.0
2026-10-20T23:15:00Z,node_1046,40.1,45.7,11615.0,5603638.0,527715.0
2026-10-20T23:20:00Z,node_1011,5.4,62.0,11261.0,871114.0,145662.0
2026-10-20T23:25:00Z,node_1034,39.2,41.7,1630.0,2253253.0,155595.0
2026-10-20T23:30:00Z,node_1044,76.5,44.3,6716.0,6751221.0,6735602.0
2026-10-20T23:35:00Z,node_1026,71.7,51.6,4144.0,743530.0,7520183.0
2026-10-20T23:40:00Z,node_1046,58.8,50.8,4921.0,2515402.0,3039397.0
2026-10-20T23:45:00Z,node_1040,73.0,49.6,13814.0,9411983.0,5222216.0
2026-10-20T23:50:00Z,node_1036,8.5,58.6,11882.0,8259108.0,826520.0
2026-10-20T23:55:00Z,node_1039,41.8,61.3,1117.0,3422669.0,2799335.0
2026-10-21T00:00:00Z,node_1042,68.6,31.1,14234.0,4456804.0,3976907.0
2026-10-21T00:05:00Z,node_1029,17.5,49.2,646.0,1080085.0,9480775.0
2026-10-21T00:10:00Z,node_1021,18.7,62.3,733.0,3062252.0,158565.0
2026-10-21T00:15:00Z,node_1030,15.6,68.2,12165.0,2302069.0,8863074.0
2026-10-21T00:20:00Z,node_1048,57.0,22.3,12541.0,4413917.0,3890293.0
2026-10-21T00:25:00Z,node_1028,69.0,10.0,6757.0,4172177.0,3865091.0
2026-10-21T00:30:00Z,node_1043,47.8,10.7,925.0,1955888.0,3766948.0
2026-10-21T00:35:00Z,node_1029,9.1,56.4,9811.0,2756039.0,40305.0
2026-10-21T00:40:00Z,node_1045,47.9,64.2,5661.0,7439669.0,9402611.0
2026-10-21T00:45:00Z,node_1008,90.3,42.7,547.0,4229104.0,4180208.0
2026-10-21T00:50:00Z,node_1041,90.3,40.5,13807.0,4888839.0,8766769.0
2026-10-21T00:55:00Z,node_1048,5.6,18.3,7394.0,9384985.0,2232091.0
2026-10-21T01:00:00Z,node_1021,55.2,69.3,10981.0,5905101.0,3671418.0
2026-10-21T01:05:00Z,node_1033,98.5,55.2,1811.0,2509918.0,3217791.0
2026-10-21T01:10:00Z,node_1001,7.6,20.3,7918.0,8304099.0,410932.0
2026-10-21T01:15:00Z,node_1049,14.9,87.3,10781.0,6998318.0,6063338.0
2026-10-21T01:20:00Z,node_1004,58.7,76.1,4701.0,6172470.0,3466254.0
2026-10-21T01:25:00Z,node_1034,84.2,88.1,7425.0,2841793.0,2487251.0
2026-10-21T01:30:00Z,node_1046,21.9,29.5,3436.0,7829597.0,8159201.0
2026-10-21T01:35:00Z,node_1036,65.3,60.8,11570.0,3666410.0,1537218.0
2026-10-21T01:40:00Z,node_1009,88.7,43.2,11398.0,4248309.0,5680459.0
2026-10-21T01:45:00Z,node_1011,39.1,90.6,6766.0,5587833.0,1884998.0
2026-10-21T01:50:00Z,node_1013,17.9,83.7,2877.0,8931366.0,3782868.0
2026-10-21T01:55:00Z,node_1027,21.2,36.3,771.0,9961556.0,6786663.0
2026-10-21T02:00:00Z,node_1040,70.9,54.2,4385.0,9091578.0,8218364.0
2026-10-21T02:05:00Z,node_1032,7.3,16.4,13162.0,8835294.0,4518707.0
2026-10-21T02:10:00Z,node_1042,58.9,32.0,3172.0,4846142.0,4774508.0
2026-10-21T02:15:00Z,node_1029,84.5,65.5,4069.0,1637575.0,1206356.0
2026-10-21T02:20:00Z,node_1038,59.4,66.9,11021.0,1770525.0,6774467.0
2026-10-21T02:25:00Z,node_1046,84.0,41.2,4351.0,3273498.0,1777461.0
2026-10-21T02:30:00Z,node_1005,55.5,35.9,9009.0,9777852.0,8097328.0
2026-10-21T02:35:00Z,node_1013,66.5,85.8,2245.0,6630569.0,7725275.0
2026-10-21T02:40:00Z,node_1011,56.2,86.6,11336.0,30848.0,7162558.0
2026-10-21T02:45:00Z,node_1008,43.7,63.7,12765.0,5516721.0,3907037.0
2026-10-21T02:50:00Z,node_1020,29.2,47.0,12661.0,1626641.0,4531693.0
2026-10-21T02:55:00Z,node_1003,15.3,85.6,1231.0,885856.0,639310.0
2026-10-21T03:00:00Z,node_1033,26.8,93.4,2406.0,8505468.0,2484220.0
2026-10-21T03:05:00Z,node_1032,10.6,73.6,14711.0,9452594.0,9486095.0
2026-10-21T03:10:00Z,node_1048,50.1,23.0,3786.0,5837220.0,5646650.0
2026-10-21T03:15:00Z,node_1005,90.2,74.2,9866.0,4615133.0,6140275.0
2026-10-21T03:20:00Z,node_1026,27.0,65.1,658.0,2614604.0,2498059.0
2026-10-21T03:25:00Z,node_1028,7.8,77.2,10527.0,4444821.0,6770725.0
2026-10-21T03:30:00Z,node_1049,83.5,89.2,3648.0,5355190.0,8407989.0
2026-10-21T03:35:00Z,node_1024,14.3,26.1,5967.0,5731461.0,8416546.0
2026-10-21T03:40:00Z,node_1005,65.2,31.2,6835.0,5537786.0,6116222.0
2026-10-21T03:45:00Z,node_1035,26.1,34.9,11161.0,7579020.0,3709819.0
2026-10-21T03:50:00Z,node_1022,53.0,90.6,3039.0,4808004.0,5528775.0
2026-10-21T03:55:00Z,node_1004,35.4,54.7,10969.0,7540624.0,9952105.0
2026-10-21T04:00:00Z,node_1028,21.7,52.0,11849.0,6371075.0,1203928.0
2026-10-21T04:05:00Z,node_1015,69.4,73.5,11097.0,4545424.0,1617989.0
2026-10-21T04:10:00Z,node_1048,89.0,19.5,10354.0,8289264.0,4351953.0
2026-10-21T04:15:00Z,node_1003,64.1,51.7,3849.0,8699194.0,4322672.0
2026-10-21T04:20:00Z,node_1044,60.4,13.1,1198.0,4473130.0,6274886.0
2026-10-21T04:25:00Z,node_1021,78.4,16.1,5575.0,2878182.0,8537116.0
2026-10-21T04:30:00Z,node_1007,83.5,79.6,3810.0,9901185.0,5003532.0
2026-10-21T04:35:00Z,node_1029,79.4,92.8,4893.0,7566672.0,6337895.0
2026-10-21T04:40:00Z,node_1002,80.0,68.8,11508.0,5421504.0,6927879.0
2026-10-21T04:45:00Z,node_1046,9.5,90.0,11989.0,3235289.0,1631734.0
2026-10-21T04:50:00Z,node_1043,30.8,32.4,14820.0,9534576.0,1732127.0
2026-10-21T04:55:00Z,node_1040,68.2,64.7,2096.0,4316128.0,1015300.0
2026-10-21T05:00:00Z,node_1022,69.3,31.9,10667.0,8034638.0,1046105.0
2026-10-21T05:05:00Z,node_1020,81.5,50.5,2709.0,5727650.0,7319889.0
2026-10-21T05:10:00Z,node_1024,83.1,93.9,2028.0,2821693.0,9996753.0
2026-10-21T05:15:00Z,node_1023,38.3,84.3,5418.0,5516974.0,1223735.0
2026-10-21T05:20:00Z,node_1026,51.0,56.8,1519.0,1907896.0,978080.0
2026-10-21T05:25:00Z,node_1036,23.3,38.9,5662.0,4998179.0,8104602.0
2026-10-21T05:30:00Z,node_1045,56.6,22.4,7815.0,2095211.0,723172.0
2026-10-21T05:35:00Z,node_1006,24.5,58.9,191.0,2951616.0,5330824.0
2026-10-21T05:40:00Z,node_1023,31.5,40.4,6460.0,1775233.0,3400393.0
2026-10-21T05:45:00Z,node_1006,62.2,22.0,14854.0,9999890.0,3395185.0
2026-10-21T05:50:00Z,node_1036,15.3,18.2,4544.0,7148958.0,9021902.0
2026-10-21T05:55:00Z,node_1030,26.2,43.3,6145.0,9064307.0,4022677.0
2026-10-21T06:00:00Z,node_1023,96.8,47.9,11156.0,6500214.0,8809094.0
2026-10-21T06:05:00Z,node_1042,96.4,50.9,14238.0,9223525.0,261142.0
2026-10-21T06:10:00Z,node_1016,30.0,50.9,2273.0,9174619.0,5709891.0
2026-10-21T06:15:00Z,node_1045,31.8,34.7,10607.0,8140767.0,389832.0
2026-10-21T06:20:00Z,node_1050,30.1,64.7,5121.0,7324576.0,7560693.0
2026-10-21T06:25:00Z,node_1038,94.3,72.7,4169.0,6326489.0,9936967.0
2026-10-21T06:30:00Z,node_1029,29.5,72.1,1723.0,4030924.0,2664705.0
2026-10-21T06:35:00Z,node_1018,78.5,15.7,1090.0,5164085.0,4836512.0
2026-10-21T06:40:00Z,node_1032,61.5,81.3,6693.0,6968773.0,5478732.0
2026-10-21T06:45:00Z,node_1002,23.1,32.9,14457.0,9211676.0,8184289.0
2026-10-21T06:50:00Z,node_1027,34.0,66.2,5378.0,1294361.0,3623297.0
2026-10-21T06:55:00Z,node_1023,58.3,31.4,12859.0,8610845.0,2219678.0
2026-10-21T07:00:00Z,node_1012,33.7,16.2,8829.0,8125554.0,8159273.0
2026-10-21T07:05:00Z,node_1026,81.2,84.4,8602.0,2583380.0,3534233.0
2026-10-21T07:10:00Z,node_1042,26.0,24.1,1509.0,1350633.0,4681636.0
2026-10-21T07:15:00Z,node_1023,28.2,39.6,2492.0,4129943.0,6973789.0
2026-10-21T07:20:00Z,node_1048,26.5,14.8,11653.0,9472859.0,4664848.0
2026-10-21T07:25:00Z,node_1015,22.1,30.1,13515.0,7110903.0,6016001.0
2026-10-21T07:30:00Z,node_1028,55.1,48.3,10550.0,7454568.0,5613297.0
2026-10-21T07:35:00Z,node_1046,69.5,70.5,7650.0,1953273.0,9514293.0
2026-10-21T07:40:00Z,node_1018,82.5,62.8,2328.0,450713.0,9997501.0
2026-10-21T07:45:00Z,node_1038,35.8,74.1,3114.0,5512266.0,4357269.0
2026-10-21T07:50:00Z,node_1047,6.1,20.0,7930.0,8439802.0,9870500.0
2026-10-21T07:55:00Z,node_1024,38.6,32.7,3357.0,8842980.0,8305189.0
2026-10-21T08:00:00Z,node_1036,98.9,54.0,12308.0,962545.0,6156518.0
2026-10-21T08:05:00Z,node_1001,13.8,88.1,13663.0,7976541.0,6541189.0
2026-10-21T08:10:00Z,node_1001,45.8,22.4,6842.0,4577459.0,632822.0
2026-10-21T08:15:00Z,node_1040,80.2,18.4,8284.0,4241272.0,217165.0
2026-10-21T08:20:00Z,node_1004,83.0,46.5,12246.0,510911.0,2066996.0
2026-10-21T08:25:00Z,node_1033,86.0,40.3,2765.0,1227813.0,5956859.0
2026-10-21T08:30:00Z,node_1004,49.8,91.8,8990.0,144527.0,7954785.0
2026-10-21T08:35:00Z,node_1046,30.0,80.4,1205.0,4856341.0,5982338.0
2026-10-21T08:40:00Z,node_1009,11.1,76.3,10828.0,5572562.0,50831.0
2026-10-21T08:45:00Z,node_1023,11.5,63.4,7742.0,3238689.0,9573877.0
2026-10-21T08:50:00Z,node_1018,79.8,46.0,1263.0,6394330.0,2649474.0
2026-10-21T08:55:00Z,node_1046,67.1,66.0,5007.0,2446165.0,3748556.0
2026-10-21T09:00:00Z,node_1026,15.7,17.7,606.0,5644513.0,1268801.0
2026-10-21T09:05:00Z,node_1022,8.2,80.5,11320.0,3696469.0,5221330.0
2026-10-21T09:10:00Z,node_1013,98.5,39.5,4832.0,8443009.0,8935381.0
2026-10-21T09:15:00Z,node_1019,68.3,53.5,3896.0,8716933.0,1930484.0
2026-10-21T09:20:00Z,node_1047,32.0,71.8,4085.0,7877341.0,822489.0
2026-10-21T09:25:00Z,node_1032,94.6,30.4,5222.0,6338620.0,7276127.0
2026-10-21T09:30:00Z,node_1037,64.5,69.0,6732.0,9394673.0,8020175.0
2026-10-21T09:35:00Z,node_1008,97.4,81.7,2484.0,8722469.0,1623792.0
2026-10-21T09:40:00Z,node_1041,72.7,94.5,6598.0,1859978.0,8043716.0
2026-10-21T09:45:00Z,node_1044,84.1,24.8,224.0,4591782.0,5908672.0
2026-10-21T09:50:00Z,node_1028,62.6,38.3,7479.0,3088505.0,6031865.0
2026-10-21T09:55:00Z,node_1006,73.6,78.8,11048.0,5831228.0,6496385.0
2026-10-21T10:00:00Z,node_1020,79.9,75.7,4927.0,7657656.0,6563686.0
2026-10-21T10:05:00Z,node_1015,44.6,70.6,6405.0,6400409.0,8156932.0
2026-10-21T10:10:00Z,node_1045,37.7,53.1,11795.0,8487779.0,9431076.0
2026-10-21T10:15:00Z,node_1002,8.6,42.2,14945.0,7740600.0,63003.0
2026-10-21T10:20:00Z,node_1032,22.9,27.5,10088.0,8648770.0,5100932.0
2026-10-21T10:25:00Z,node_1030,94.2,24.5,5362.0,2393809.0,2719463.0
2026-10-21T10:30:00Z,node_1006,21.2,61.7,7302.0,7310008.0,5817658.0
2026-10-21T10:35:00Z,node_1045,94.6,37.4,9859.0,7033233.0,9489231.0
2026-10-21T10:40:00Z,node_1023,19.7,10.5,610.0,3269525.0,9211274.0
2026-10-21T10:45:00Z,node_1001,74.3,24.4,10345.0,2589623.0,248951.0
2026-10-21T10:50:00Z,node_1018,46.2,78.8,6713.0,9957080.0,1633843.0
2026-10-21T10:55:00Z,node_1020,49.2,59.1,14967.0,6353731.0,1902110.0
2026-10-21T11:00:00Z,node_1043,28.8,37.0,14755.0,8737037.0,5407517.0
2026-10-21T11:05:00Z,node_1026,10.4,44.0,9577.0,2524579.0,7139692.0
2026-10-21T11:10:00Z,node_1027,57.9,40.9,6896.0,3499282.0,5406418.0
2026-10-21T11:15:00Z,node_1032,8.6,46.4,3675.0,5832494.0,6796953.0
2026-10-21T11:20:00Z,node_1034,36.8,41.8,6863.0,729389.0,9424154.0
2026-10-21T11:25:00Z,node_1024,82.3,42.9,11054.0,9741912.0,4049982.0
2026-10-21T11:30:00Z,node_1002,23.6,59.0,11062.0,9212502.0,9250773.0
2026-10-21T11:35:00Z,node_1043,95.7,90.4,7787.0,4814593.0,2749454.0
2026-10-21T11:40:00Z,node_1019,89.2,31.9,14416.0,2450587.0,6196834.0
2026-10-21T11:45:00Z,node_1049,70.6,81.9,5491.0,2204089.0,3255092.0
2026-10-21T11:50:00Z,node_1002,25.9,46.9,11411.0,5196720.0,8262657.0
2026-10-21T11:55:00Z,node_1017,63.6,24.6,5689.0,2061527.0,9016865.0
2026-10-21T12:00:00Z,node_1012,37.6,20.6,3958.0,5962880.0,7990466.0
2026-10-21T12:05:00Z,node_1008,73.6,86.4,14367.0,7969951.0,18840.0
2026-10-21T12:10:00Z,node_1033,65.6,63.5,9685.0,7302089.0,7209678.0
2026-10-21T12:15:00Z,node_1042,19.7,45.3,11246.0,5990118.0,5590394.0
2026-10-21T12:20:00Z,node_1005,51.6,57.8,5258.0,9071993.0,8574445.0
2026-10-21T12:25:00Z,node_1011,36.7,64.0,6612.0,7926040.0,118644.0
2026-10-21T12:30:00Z,node_1038,47.6,57.7,12735.0,5386914.0,1697720.0
2026-10-21T12:35:00Z,node_1005,66.0,17.5,6445.0,5381370.0,6475477.0
2026-10-21T12:40:00Z,node_1045,52.0,75.8,9411.0,1538920.0,7068950.0
2026-10-21T12:45:00Z,node_1049,78.3,17.9,12138.0,9063542.0,173404.0
2026-10-21T12:50:00Z,node_1011,75.7,63.5,14243.0,5716233.0,5566087.0
2026-10-21T12:55:00Z,node_1011,54.6,33.5,11227.0,8979984.0,7161737.0
2026-10-21T13:00:00Z,node_1001,15.0,47.4,1031.0,1450146.0,6800150.0
2026-10-21T13:05:00Z,node_1032,97.7,63.4,866.0,7960272.0,9321236.0
2026-10-21T13:10:00Z,node_1049,84.3,13.4,13345.0,2513731.0,1249913.0
2026-10-21T13:15:00Z,node_1032,70.1,76.9,11555.0,9597219.0,1123684.0
2026-10-21T13:20:00Z,node_1019,35.9,84.2,12270.0,3187581.0,3407887.0
2026-10-21T13:25:00Z,node_1009,71.6,29.0,7701.0,2567903.0,3429655.0
2026-10-21T13:30:00Z,node_1044,92.1,53.3,9425.0,710764.0,6489158.0
2026-10-21T13:35:00Z,node_1024,28.1,73.1,8445.0,5197710.0,4302811.0
2026-10-21T13:40:00Z,node_1041,53.4,13.3,11967.0,304796.0,2539362.0
2026-10-21T13:45:00Z,node_1007,85.1,57.1,10605.0,9479056.0,6320179.0
2026-10-21T13:50:00Z,node_1020,69.7,73.5,3241.0,4076147.0,39278.0
2026-10-21T13:55:00Z,node_1033,71.4,64.8,14254.0,291692.0,6346077.0
2026-10-21T14:00:00Z,node_1004,84.9,30.2,858.0,2250667.0,9759905.0
2026-10-21T14:05:00Z,node_1007,85.6,73.5,10521.0,2260196.0,231215.0
2026-10-21T14:10:00Z,node_1032,91.6,71.2,4384.0,8320724.0,289651.0
2026-10-21T14:15:00Z,node_1015,85.2,92.2,716.0,1586544.0,2526521.0
2026-10-21T14:20:00Z,node_1050,25.1,26.0,288.0,2168209.0,7714383.0
2026-10-21T14:25:00Z,node_1019,56.1,73.1,551.0,3867970.0,4808950.0
2026-10-21T14:30:00Z,node_1011,79.6,54.2,10412.0,9521197.0,7701345.0
2026-10-21T14:35:00Z,node_1006,69.9,62.1,5432.0,611679.0,8665352.0
2026-10-21T14:40:00Z,node_1006,29.3,93.3,3201.0,1905004.0,9214204.0
2026-10-21T14:45:00Z,node_1037,25.5,91.2,12572.0,4012233.0,9766611.0
2026-10-21T14:50:00Z,node_1012,68.0,78.1,11157.0,9475670.0,6695310.0
2026-10-21T14:55:00Z,node_1041,21.5,28.3,5101.0,2966474.0,4018811.0
2026-10-21T15:00:00Z,node_1041,22.0,43.5,8260.0,7248121.0,7130674.0
2026-10-21T15:05:00Z,node_1014,77.5,61.6,1924.0,7083900.0,8913476.0
2026-10-21T15:10:00Z,node_1004,62.2,19.1,13149.0,4918561.0,8500377.0
2026-10-21T15:15:00Z,node_1024,12.2,17.5,9807.0,6742286.0,4490544.0
2026-10-21T15:20:00Z,node_1007,96.1,28.6,4602.0,4184714.0,8994023.0
2026-10-21T15:25:00Z,node_1024,53.0,59.5,13078.0,9187668.0,326774.0
2026-10-21T15:30:00Z,node_1019,8.9,21.0,7481.0,4924121.0,4812361.0
2026-10-21T15:35:00Z,node_1019,19.5,15.3,8436.0,4959177.0,9962642.0
2026-10-21T15:40:00Z,node_1038,77.2,53.6,11615.0,8824623.0,6106608.0
2026-10-21T15:45:00Z,node_1047,15.9,65.8,1566.0,1533519.0,7205533.0
2026-10-21T15:50:00Z,node_1016,47.4,89.8,9636.0,6986032.0,7053790.0
2026-10-21T15:55:00Z,node_1024,61.3,90.2,8627.0,1362198.0,6287628.0
2026-10-21T16:00:00Z,node_1015,27.1,94.8,2999.0,3997913.0,6427234.0
2026-10-21T16:05:00Z,node_1025,78.8,53.4,13458.0,2585645.0,4486708.0
2026-10-21T16:10:00Z,node_1045,16.6,32.3,13224.0,1536120.0,3737224.0
2026-10-21T16:15:00Z,node_1045,32.3,45.2,6329.0,3200836.0,4709055.0
2026-10-21T16:20:00Z,node_1002,85.3,19.4,3130.0,4613043.0,2531830.0
2026-10-21T16:25:00Z,node_1047,98.9,17.0,7854.0,3795688.0,6458502.0
2026-10-21T16:30:00Z,node_1037,50.6,17.5,10091.0,6242520.0,7447672.0
2026-10-21T16:35:00Z,node_1027,14.9,23.5,1467.0,7714392.0,3323788.0
2026-10-21T16:40:00Z,node_1037,82.6,76.1,1903.0,9122682.0,2407692.0
2026-10-21T16:45:00Z,node_1043,53.2,87.4,12397.0,9117507.0,6253582.0
2026-10-21T16:50:00Z,node_1009,81.4,29.5,13257.0,1195437.0,5254735.0
2026-10-21T16:55:00Z,node_1008,42.4,74.4,12584.0,8903859.0,7416032.0
2026-10-21T17:00:00Z,node_1017,94.3,57.4,11897.0,9324845.0,6044204.0
2026-10-21T17:05:00Z,node_1010,44.1,83.5,4601.0,4390633.0,9362396.0
2026-10-21T17:10:00Z,node_1023,66.3,75.1,2818.0,7689397.0,3801857.0
2026-10-21T17:15:00Z,node_1034,24.8,32.4,5112.0,6906099.0,3813468.0
2026-10-21T17:20:00Z,node_1048,10.9,46.8,14436.0,4895820.0,1892477.0
2026-10-21T17:25:00Z,node_1004,6.2,13.0,4895.0,5579738.0,6687783.0
2026-10-21T17:30:00Z,node_1050,35.4,46.1,4170.0,7562493.0,5960947.0
2026-10-21T17:35:00Z,node_1018,54.5,21.2,6537.0,4869908.0,634963.0
2026-10-21T17:40:00Z,node_1023,44.4,68.3,9080.0,6658386.0,2624679.0
2026-10-21T17:45:00Z,node_1028,54.2,27.6,12980.0,1046860.0,5351820.0
2026-10-21T17:50:00Z,node_1032,84.7,10.6,12502.0,6765217.0,8201144.0
2026-10-21T17:55:00Z,node_1002,46.4,58.5,11334.0,1462897.0,7476374.0
2026-10-21T18:00:00Z,node_1041,14.2,29.6,8214.0,7992849.0,685408.0
2026-10-21T18:05:00Z,node_1019,29.1,35.3,7457.0,2397866.0,161941.0
2026-10-21T18:10:00Z,node_1046,84.4,60.3,9463.0,4352347.0,286957.0
2026-10-21T18:15:00Z,node_1041,74.8,54.2,6030.0,9168673.0,9482939.0
2026-10-21T18:20:00Z,node_1020,42.8,47.9,9261.0,1107108.0,1330529.0
2026-10-21T18:25:00Z,node_1003,12.5,47.2,7831.0,6967170.0,9348104.0
2026-10-21T18:30:00Z,node_1004,59.3,37.8,2639.0,6403726.0,3723582.0
2026-10-21T18:35:00Z,node_1023,70.5,90.4,6192.0,9707370.0,5385714.0
2026-10-21T18:40:00Z,node_1004,94.9,48.2,2762.0,7209615.0,1372568.0
2026-10-21T18:45:00Z,node_1012,66.8,35.0,6564.0,7707880.0,719260.0
2026-10-21T18:50:00Z,node_1023,89.5,46.8,7914.0,2428887.0,4069083.0
2026-10-21T18:55:00Z,node_1038,53.3,37.4,3707.0,3902499.0,5803782.0
2026-10-21T19:00:00Z,node_1044,67.4,24.1,10035.0,8642747.0,18038.0
2026-10-21T19:05:00Z,node_1026,72.4,46.2,1834.0,4368238.0,4583377.0
2026-10-21T19:10:00Z,node_1050,55.5,79.8,13100.0,8688790.0,8537036.0
2026-10-21T19:15:00Z,node_1046,40.5,71.7,925.0,4696558.0,3825839.0
2026-10-21T19:20:00Z,node_1022,55.2,90.7,2768.0,1542617.0,502241.0
2026-10-21T19:25:00Z,node_1003,38.3,62.6,11926.0,8036271.0,6488700.0
2026-10-21T19:30:00Z,node_1050,84.9,51.6,8729.0,3018659.0,7009362.0
2026-10-21T19:35:00Z,node_1022,10.7,82.8,12168.0,8890542.0,7523291.0
2026-10-21T19:40:00Z,node_1036,28.5,73.4,8717.0,5556331.0,8663360.0
2026-10-21T19:45:00Z,node_1039,95.4,54.0,12547.0,7027675.0,4069988.0
2026-10-21T19:50:00Z,node_1020,90.8,62.7,3371.0,7697797.0,9362575.0
2026-10-21T19:55:00Z,node_1011,89.1,43.0,13904.0,7467797.0,2310666.0
2026-10-21T20:00:00Z,node_1003,91.1,58.0,1973.0,1200910.0,1306725.0
2026-10-21T20:05:00Z,node_1020,94.2,75.7,1817.0,2920880.0,5800143.0
2026-10-21T20:10:00Z,node_1042,8.6,29.9,14793.0,7606903.0,1685984.0
2026-10-21T20:15:00Z,node_1028,38.9,47.7,10079.0,1332341.0,8222305.0
2026-10-21T20:20:00Z,node_1038,61.2,34.8,14804.0,2350495.0,6453523.0
2026-10-21T20:25:00Z,node_1014,75.0,71.6,14417.0,3262185.0,8726042.0
2026-10-21T20:30:00Z,node_1036,88.1,84.9,686.0,3056505.0,6025483.0
2026-10-21T20:35:00Z,node_1049,77.3,26.4,3423.0,7212758.0,3542345.0
2026-10-21T20:40:00Z,node_1038,42.9,35.8,10364.0,3810138.0,3598546.0
2026-10-21T20:45:00Z,node_1026,62.7,88.7,13705.0,4057496.0,5429439.0
2026-10-21T20:50:00Z,node_1037,34.0,93.5,7654.0,284904.0,7126715.0
2026-10-21T20:55:00Z,node_1009,43.0,67.0,3252.0,9191050.0,9855979.0
2026-10-21T21:00:00Z,node_1038,38.3,37.2,14389.0,6054577.0,2979574.0
2026-10-21T21:05:00Z,node_1015,17.8,84.5,954.0,6131235.0,4763595.0
2026-10-21T21:10:00Z,node_1024,71.0,63.1,7071.0,8277177.0,270312.0
2026-10-21T21:15:00Z,node_1010,93.6,47.2,4872.0,5705234.0,6360226.0
2026-10-21T21:20:00Z,node_1047,26.9,18.0,4789.0,1346215.0,4635954.0
2026-10-21T21:25:00Z,node_1007,46.0,49.7,2771.0,585430.0,8271767.0
2026-10-21T21:30:00Z,node_1045,66.6,92.6,7178.0,5439236.0,9534814.0
2026-10-21T21:35:00Z,node_1005,42.6,20.8,2758.0,6986196.0,4321517.0
2026-10-21T21:40:00Z,node_1013,91.3,82.1,2386.0,5381791.0,4368709.0
2026-10-21T21:45:00Z,node_1024,85.9,33.2,8346.0,8147435.0,6496648.0
2026-10-21T21:50:00Z,node_1033,38.7,33.5,6105.0,5291.0,2762622.0
2026-10-21T21:55:00Z,node_1007,6.3,17.3,12453.0,3538604.0,6087312.0
2026-10-21T22:00:00Z,node_1043,97.8,64.1,5512.0,4661382.0,8675444.0
2026-10-21T22:05:00Z,node_1006,69.5,88.7,10108.0,1629919.0,2616750.0
2026-10-21T22:10:00Z,node_1038,63.6,36.0,11079.0,4937249.0,9856665.0
2026-10-21T22:15:00Z,node_1038,55.1,31.3,5769.0,1972773.0,4567156.0
2026-10-21T22:20:00Z,node_1007,97.5,42.9,4899.0,6684860.0,7852085.0
2026-10-21T22:25:00Z,node_1050,90.0,52.4,2142.0,554943.0,5048485.0
2026-10-21T22:30:00Z,node_1008,86.1,80.7,4156.0,6334271.0,1649887.0
2026-10-21T22:35:00Z,node_1006,23.8,32.5,13163.0,8545107.0,9475411.0
2026-10-21T22:40:00Z,node_1028,62.4,91.3,14936.0,6887641.0,6930077.0
2026-10-21T22:45:00Z,node_1027,59.8,90.4,10633.0,1233282.0,6232825.0
2026-10-21T22:50:00Z,node_1016,10.1,35.8,11693.0,2593586.0,3778259.0
2026-10-21T22:55:00Z,node_1011,82.9,84.1,8380.0,2171057.0,2900234.0
2026-10-21T23:00:00Z,node_1040,97.5,54.9,7123.0,5765424.0,1390221.0
2026-10-21T23:05:00Z,node_1039,68.8,33.1,10995.0,745080.0,4155362.0
2026-10-21T23:10:00Z,node_1005,74.9,50.6,2031.0,9327110.0,7052873.0
2026-10-21T23:15:00Z,node_1034,56.6,79.4,12874.0,7210169.0,9373297.0
2026-10-21T23:20:00Z,node_1042,28.7,66.5,457.0,3055848.0,8945115.0
2026-10-21T23:25:00Z,node_1021,14.1,28.7,8182.0,7392416.0,9761644.0
2026-10-21T23:30:00Z,node_1040,47.7,25.7,6397.0,2457718.0,731170.0
2026-10-21T23:35:00Z,node_1008,63.2,18.7,2383.0,8611752.0,8607037.0
2026-10-21T23:40:00Z,node_1046,53.4,84.0,4701.0,1796780.0,3755064.0
2026-10-21T23:45:00Z,node_1013,93.0,44.4,9093.0,4411860.0,2931524.0
2026-10-21T23:50:00Z,node_1046,45.7,70.3,9485.0,1828127.0,2033438.0
2026-10-21T23:55:00Z,node_1041,80.7,39.1,9208.0,7179143.0,6169711.0
2026-10-22T00:00:00Z,node_1014,83.9,10.9,6642.0,2525070.0,8670086.0
2026-10-22T00:05:00Z,node_1006,69.0,74.9,7105.0,4604258.0,8940388.0
2026-10-22T00:10:00Z,node_1042,33.8,26.7,3474.0,8917070.0,4730652.0
2026-10-22T00:15:00Z,node_1007,21.6,43.5,3632.0,6034534.0,4087904.0
2026-10-22T00:20:00Z,node_1046,5.7,86.8,139.0,6704772.0,4333818.0
2026-10-22T00:25:00Z,node_1031,22.0,80.0,2776.0,5327324.0,3650806.0
2026-10-22T00:30:00Z,node_1028,84.4,35.0,7335.0,4298614.0,2741590.0
2026-10-22T00:35:00Z,node_1021,32.4,39.7,1084.0,2497755.0,4733717.0
2026-10-22T00:40:00Z,node_1012,44.9,38.6,10494.0,9933839.0,4009259.0
2026-10-22T00:45:00Z,node_1041,78.3,65.8,13797.0,2743956.0,1454207.0
2026-10-22T00:50:00Z,node_1020,59.6,37.8,8932.0,6483653.0,6076829.0
2026-10-22T00:55:00Z,node_1006,64.6,36.4,7195.0,8591148.0,5246488.0
2026-10-22T01:00:00Z,node_1002,7.2,53.8,6690.0,2655951.0,177575.0
2026-10-22T01:05:00Z,node_1013,8.4,33.8,8595.0,1722316.0,4522434.0
2026-10-22T01:10:00Z,node_1043,78.5,69.4,8741.0,2691906.0,2325372.0
2026-10-22T01:15:00Z,node_1011,15.6,11.1,12428.0,7597160.0,772138.0
2026-10-22T01:20:00Z,node_1026,46.8,19.0,8529.0,8806452.0,2837367.0
2026-10-22T01:25:00Z,node_1045,97.9,51.1,8676.0,6564869.0,8863998.0
2026-10-22T01:30:00Z,node_1046,58.8,82.4,12413.0,7995502.0,9942824.0
2026-10-22T01:35:00Z,node_1034,45.7,44.5,2348.0,1512689.0,5056445.0
2026-10-22T01:40:00Z,node_1040,13.9,74.9,13452.0,1338203.0,8529550.0
2026-10-22T01:45:00Z,node_1023,57.6,20.3,8688.0,8926675.0,6152269.0
2026-10-22T01:50:00Z,node_1020,65.6,48.3,14400.0,1602967.0,6163447.0
2026-10-22T01:55:00Z,node_1042,57.8,67.9,10729.0,3572553.0,726436.0
2026-10-22T02:00:00Z,node_1023,62.6,39.6,4854.0,4351695.0,3399374.0
2026-10-22T02:05:00Z,node_1023,63.2,82.9,5378.0,808263.0,6635513.0
2026-10-22T02:10:00Z,node_1029,77.4,76.0,9438.0,5962403.0,1235285.0
2026-10-22T02:15:00Z,node_1034,12.9,36.6,8776.0,4121784.0,3970369.0
2026-10-22T02:20:00Z,node_1003,60.7,70.3,7810.0,5210490.0,9975104.0
2026-10-22T02:25:00Z,node_1047,65.0,74.5,11198.0,7528496.0,4147032.0
2026-10-22T02:30:00Z,node_1024,54.0,87.5,2252.0,6252647.0,5932285.0
2026-10-22T02:35:00Z,node_1011,18.3,53.5,4902.0,6549245.0,4295423.0
2026-10-22T02:40:00Z,node_1011,48.6,71.0,4961.0,7572892.0,3492155.0
2026-10-22T02:45:00Z,node_1003,6.9,78.2,3282.0,9464509.0,4938975.0
2026-10-22T02:50:00Z,node_1005,90.8,47.4,9853.0,1077640.0,1295580.0
2026-10-22T02:55:00Z,node_1013,69.5,54.5,12577.0,408632.0,4604277.0
2026-10-22T03:00:00Z,node_1046,84.6,32.9,4885.0,9584288.0,5507302.0
2026-10-22T03:05:00Z,node_1001,17.1,25.2,4857.0,1279542.0,5692603.0
2026-10-22T03:10:00Z,node_1035,88.0,38.4,7681.0,270727.0,1018791.0
2026-10-22T03:15:00Z,node_1029,71.7,82.3,8166.0,9119077.0,827974.0
2026-10-22T03:20:00Z,node_1026,17.7,18.5,13206.0,2918246.0,4177311.0
2026-10-22T03:25:00Z,node_1022,97.7,49.1,14360.0,4177669.0,8063504.0
2026-10-22T03:30:00Z,node_1038,66.3,48.1,9382.0,3007112.0,2811575.0
2026-10-22T03:35:00Z,node_1004,54.0,25.8,10634.0,1710708.0,4771353.0
2026-10-22T03:40:00Z,node_1011,21.4,81.5,6379.0,9641915.0,2838001.0
2026-10-22T03:45:00Z,node_1015,89.9,50.2,14036.0,9898019.0,3558586.0
2026-10-22T03:50:00Z,node_1005,76.5,87.6,1931.0,6535996.0,57821.0
2026-10-22T03:55:00Z,node_1033,79.2,44.7,12177.0,6600608.0,649420.0
2026-10-22T04:00:00Z,node_1025,29.6,58.4,2885.0,9176942.0,3230711.0
2026-10-22T04:05:00Z,node_1015,89.4,23.4,3506.0,4839349.0,3983639.0
2026-10-22T04:10:00Z,node_1004,21.2,51.4,5441.0,9033752.0,5961944.0
2026-10-22T04:15:00Z,node_1019,80.2,39.7,3624.0,9636038.0,4761823.0
2026-10-22T04:20:00Z,node_1018,58.6,48.0,6479.0,7145861.0,8901431.0
2026-10-22T04:25:00Z,node_1022,17.8,35.5,3900.0,6080112.0,7660410.0
2026-10-22T04:30:00Z,node_1012,24.6,31.0,4952.0,5781007.0,705651.0
2026-10-22T04:35:00Z,node_1007,70.3,68.3,979.0,7402677.0,7490624.0
2026-10-22T04:40:00Z,node_1042,9.3,42.9,444.0,7678839.0,8867405.0
2026-10-22T04:45:00Z,node_1013,45.3,25.6,6454.0,4130611.0,4605858.0
2026-10-22T04:50:00Z,node_1039,7.5,65.7,9054.0,3237196.0,853161.0
2026-10-22T04:55:00Z,node_1004,22.1,37.9,3946.0,4745899.0,8342264.0
2026-10-22T05:00:00Z,node_1038,86.1,14.3,3845.0,4392056.0,9693226.0
2026-10-22T05:05:00Z,node_1015,89.2,33.0,9687.0,1315802.0,2518261.0
2026-10-22T05:10:00Z,node_1008,73.3,33.2,3609.0,5574916.0,686723.0
2026-10-22T05:15:00Z,node_1006,75.2,43.2,4837.0,8957870.0,1507097.0
2026-10-22T05:20:00Z,node_1047,59.7,55.2,1136.0,9590699.0,4410078.0
2026-10-22T05:25:00Z,node_1006,21.1,51.8,13843.0,490904.0,8768298.0
2026-10-22T05:30:00Z,node_1002,21.1,88.9,12598.0,8802301.0,3460741.0
2026-10-22T05:35:00Z,node_1026,21.3,21.2,991.0,5605243.0,4116259.0
2026-10-22T05:40:00Z,node_1001,69.1,76.0,9105.0,9227400.0,3589328.0
2026-10-22T05:45:00Z,node_1017,87.2,30.2,9477.0,9665931.0,5797384.0
2026-10-22T05:50:00Z,node_1035,28.3,92.9,12530.0,9697693.0,8887210.0
2026-10-22T05:55:00Z,node_1035,70.9,63.1,1723.0,8583937.0,813625.0
2026-10-22T06:00:00Z,node_1032,25.8,20.8,11798.0,8164221.0,5769414.0
2026-10-22T06:05:00Z,node_1002,75.6,87.2,2938.0,3162021.0,9693450.0
2026-10-22T06:10:00Z,node_1046,27.1,13.4,7219.0,5347178.0,5854390.0
2026-10-22T06:15:00Z,node_1046,38.8,50.5,14814.0,6138532.0,6140744.0
2026-10-22T06:20:00Z,node_1013,32.3,89.5,5890.0,1593025.0,6643787.0
2026-10-22T06:25:00Z,node_1032,32.4,19.6,9735.0,8548328.0,7014404.0
2026-10-22T06:30:00Z,node_1017,5.5,23.5,425.0,10159.0,6808938.0
2026-10-22T06:35:00Z,node_1003,9.6,26.1,4844.0,41207.0,8051461.0
2026-10-22T06:40:00Z,node_1030,48.4,77.0,2844.0,6416798.0,6796567.0
2026-10-22T06:45:00Z,node_1032,47.1,65.0,10027.0,4894867.0,1011186.0
2026-10-22T06:50:00Z,node_1047,61.2,53.6,9259.0,7363530.0,9430298.0
2026-10-22T06:55:00Z,node_1050,95.0,13.9,13993.0,9159336.0,722348.0
2026-10-22T07:00:00Z,node_1011,5.1,42.9,325.0,9163085.0,7627552.0
2026-10-22T07:05:00Z,node_1031,73.8,83.9,3776.0,7983475.0,5314810.0
2026-10-22T07:10:00Z,node_1034,5.6,30.3,4141.0,8846203.0,5872538.0
2026-10-22T07:15:00Z,node_1016,81.3,68.2,3110.0,3129543.0,5988391.0
2026-10-22T07:20:00Z,node_1010,26.1,14.6,9128.0,5953730.0,8591049.0
2026-10-22T07:25:00Z,node_1047,55.2,33.3,4380.0,777293.0,2494310.0
2026-10-22T07:30:00Z,node_1006,74.8,77.0,6347.0,3113168.0,6279427.0
2026-10-22T07:35:00Z,node_1033,7.2,47.6,14704.0,5659324.0,1809060.0
2026-10-22T07:40:00Z,node_1025,74.8,15.2,7786.0,5966651.0,9148596.0
2026-10-22T07:45:00Z,node_1026,10.9,17.2,3599.0,3189338.0,9480894.0
2026-10-22T07:50:00Z,node_1004,43.7,60.0,13820.0,2035987.0,1015094.0
2026-10-22T07:55:00Z,node_1008,8.2,34.7,14607.0,3985357.0,6839157.0
2026-10-22T08:00:00Z,node_1026,90.3,69.7,14447.0,3761092.0,1144724.0
2026-10-22T08:05:00Z,node_1013,79.3,89.8,10534.0,5997421.0,8239617.0
2026-10-22T08:10:00Z,node_1003,61.4,21.7,6933.0,2329969.0,2495515.0
2026-10-22T08:15:00Z,node_1050,33.9,12.2,1158.0,6248087.0,2208463.0
2026-10-22T08:20:00Z,node_1018,7.9,70.4,7042.0,5175328.0,2974689.0
2026-10-22T08:25:00Z,node_1007,13.4,72.9,13487.0,9136410.0,1273801.0
2026-10-22T08:30:00Z,node_1036,94.7,79.7,5353.0,3321113.0,6347455.0
2026-10-22T08:35:00Z,node_1017,83.4,35.1,12073.0,6197686.0,561236.0
2026-10-22T08:40:00Z,node_1035,91.5,48.4,5269.0,6933946.0,7159714.0
2026-10-22T08:45:00Z,node_1001,58.0,10.4,4444.0,4826768.0,7361644.0
2026-10-22T08:50:00Z,node_1022,42.4,30.0,5279.0,138613.0,329136.0
2026-10-22T08:55:00Z,node_1011,50.6,15.5,14177.0,6099258.0,7660592.0
2026-10-22T09:00:00Z,node_1009,93.2,78.5,6492.0,6362150.0,9087063.0
2026-10-22T09:05:00Z,node_1038,84.1,17.7,3168.0,2949140.0,4062469.0
2026-10-22T09:10:00Z,node_1012,62.8,22.2,4530.0,5545221.0,1699250.0
2026-10-22T09:15:00Z,node_1010,64.0,65.2,4909.0,4787857.0,8517115.0
2026-10-22T09:20:00Z,node_1046,47.3,12.6,11238.0,4476693.0,7758173.0
2026-10-22T09:25:00Z,node_1035,19.5,84.4,10334.0,1971941.0,3520785.0
2026-10-22T09:30:00Z,node_1020,78.6,55.9,1068.0,184200.0,3060868.0
2026-10-22T09:35:00Z,node_1006,26.6,66.6,3100.0,5552195.0,9750244.0
2026-10-22T09:40:00Z,node_1022,69.5,16.3,8786.0,9149598.0,2245108.0
2026-10-22T09:45:00Z,node_1044,13.7,53.1,6296.0,8881325.0,4265025.0
2026-10-22T09:50:00Z,node_1036,84.3,83.3,2203.0,3968971.0,3943593.0
2026-10-22T09:55:00Z,node_1023,21.8,88.9,5534.0,263785.0,4618839.0
2026-10-22T10:00:00Z,node_1046,8.9,43.4,12420.0,122777.0,8449109.0
2026-10-22T10:05:00Z,node_1016,73.0,36.9,2897.0,388478.0,5364310.0
2026-10-22T10:10:00Z,node_1013,69.4,24.0,11592.0,4258611.0,6007723.0
2026-10-22T10:15:00Z,node_1010,61.7,87.7,11635.0,9858604.0,4608059.0
2026-10-22T10:20:00Z,node_1027,97.3,69.9,10237.0,6749940.0,8400758.0
2026-10-22T10:25:00Z,node_1015,18.5,34.2,14280.0,6315098.0,427218.0
2026-10-22T10:30:00Z,node_1016,62.4,76.8,10876.0,4858256.0,335095.0
2026-10-22T10:35:00Z,node_1037,60.3,59.2,11021.0,9627956.0,9621737.0
2026-10-22T10:40:00Z,node_1036,33.4,21.3,14420.0,2529305.0,9732476.0
2026-10-22T10:45:00Z,node_1006,62.2,56.2,14339.0,978741.0,835625.0
2026-10-22T10:50:00Z,node_1028,52.8,56.0,14445.0,3044615.0,3542355.0
2026-10-22T10:55:00Z,node_1003,78.3,59.9,8821.0,2943070.0,2647478.0
2026-10-22T11:00:00Z,node_1047,77.9,16.9,6810.0,8160566.0,4486248.0
2026-10-22T11:05:00Z,node_1035,14.7,11.7,9986.0,5879571.0,9292134.0
2026-10-22T11:10:00Z,node_1035,69.5,11.9,9826.0,678473.0,8416384.0
2026-10-22T11:15:00Z,node_1023,16.1,66.9,11497.0,9384856.0,2609944.0
2026-10-22T11:20:00Z,node_1001,34.8,64.5,3149.0,6600753.0,6057481.0
2026-10-22T11:25:00Z,node_1011,86.8,22.7,12518.0,4763444.0,5207552.0
2026-10-22T11:30:00Z,node_1032,32.6,51.0,4878.0,5222122.0,6021952.0
2026-10-22T11:35:00Z,node_1015,19.7,90.1,7495.0,8988845.0,1290864.0
2026-10-22T11:40:00Z,node_1008,56.1,47.0,8155.0,8184195.0,6275291.0
2026-10-22T11:45:00Z,node_1013,81.0,70.1,9855.0,6909567.0,8480032.0
2026-10-22T11:50:00Z,node_1047,36.9,36.5,6550.0,2152623.0,2550965.0
2026-10-22T11:55:00Z,node_1023,10.4,66.4,10281.0,6950175.0,8870502.0
2026-10-22T12:00:00Z,node_1025,46.6,16.8,7822.0,8295285.0,6580868.0
2026-10-22T12:05:00Z,node_1007,78.6,10.5,11469.0,5517877.0,2373140.0
2026-10-22T12:10:00Z,node_1016,7.4,75.6,10662.0,2921921.0,8589459.0
2026-10-22T12:15:00Z,node_1005,7.9,24.8,12570.0,8735837.0,7195369.0
2026-10-22T12:20:00Z,node_1045,14.1,46.6,3199.0,4308875.0,4790473.0
2026-10-22T12:25:00Z,node_1049,78.2,19.7,5648.0,5201555.0,961287.0
2026-10-22T12:30:00Z,node_1020,14.4,84.2,13397.0,8284910.0,1691916.0
2026-10-22T12:35:00Z,node_1038,22.5,94.7,6997.0,1982737.0,9252374.0
2026-10-22T12:40:00Z,node_1048,10.1,72.5,3316.0,2869897.0,7419883.0
2026-10-22T12:45:00Z,node_1029,41.4,73.7,6883.0,5954938.0,5322509.0
2026-10-22T12:50:00Z,node_1026,20.7,67.2,8446.0,2229472.0,8636454.0
2026-10-22T12:55:00Z,node_1004,77.2,46.3,3398.0,5992139.0,4557424.0
2026-10-22T13:00:00Z,node_1006,40.7,59.5,1348.0,910385.0,6331179.0
2026-10-22T13:05:00Z,node_1044,38.8,90.9,13376.0,48443.0,4285696.0
2026-10-22T13:10:00Z,node_1050,40.7,38.1,13168.0,8462496.0,8117319.0
2026-10-22T13:15:00Z,node_1002,74.2,94.7,12352.0,8338313.0,191972.0
2026-10-22T13:20:00Z,node_1011,56.9,61.3,13552.0,4526458.0,6795285.0
2026-10-22T13:25:00Z,node_1013,53.9,50.4,14278.0,3647879.0,4276250.0
2026-10-22T13:30:00Z,node_1017,18.7,93.8,14665.0,2330982.0,2827361.0
2026-10-22T13:35:00Z,node_1035,23.4,73.6,11117.0,5264259.0,806885.0
2026-10-22T13:40:00Z,node_1027,14.4,85.5,13015.0,1283572.0,4834350.0
2026-10-22T13:45:00Z,node_1050,28.6,33.6,8977.0,8379678.0,8492517.0
2026-10-22T13:50:00Z,node_1003,81.4,15.0,14651.0,4978951.0,7927333.0
2026-10-22T13:55:00Z,node_1014,86.1,36.2,11296.0,9718887.0,9784276.0
2026-10-22T14:00:00Z,node_1019,64.7,51.0,6124.0,8510106.0,4956420.0
2026-10-22T14:05:00Z,node_1015,68.0,71.2,8727.0,6716228.0,5152085.0
2026-10-22T14:10:00Z,node_1043,81.0,46.2,12641.0,9587426.0,7459750.0
2026-10-22T14:15:00Z,node_1018,85.4,86.5,1292.0,8053950.0,6083283.0
2026-10-22T14:20:00Z,node_1003,44.5,17.7,452.0,5608119.0,5544717.0
2026-10-22T14:25:00Z,node_1004,70.3,31.0,6108.0,4113400.0,5563865.0
2026-10-22T14:30:00Z,node_1040,40.2,23.7,223.0,9152528.0,58322.0
2026-10-22T14:35:00Z,node_1009,41.9,77.9,8764.0,6005509.0,1966238.0
2026-10-22T14:40:00Z,node_1001,92.3,49.8,1054.0,2058647.0,1591156.0
2026-10-22T14:45:00Z,node_1003,88.1,39.9,13262.0,372844.0,1874236.0
2026-10-22T14:50:00Z,node_1009,51.2,32.7,13855.0,9732713.0,9293680.0
2026-10-22T14:55:00Z,node_1040,7.7,87.0,8968.0,7478898.0,7294774.0
2026-10-22T15:00:00Z,node_1036,66.7,76.4,14431.0,1143921.0,895860.0
2026-10-22T15:05:00Z,node_1028,84.8,47.2,12718.0,6984773.0,4092765.0
2026-10-22T15:10:00Z,node_1035,91.0,65.5,14431.0,5307120.0,4425248.0
2026-10-22T15:15:00Z,node_1046,45.2,84.4,125.0,3157146.0,1277884.0
2026-10-22T15:20:00Z,node_1039,10.9,10.0,1144.0,5422496.0,3933714.0
2026-10-22T15:25:00Z,node_1046,81.3,33.6,8056.0,1884402.0,7891153.0
2026-10-22T15:30:00Z,node_1027,63.1,24.1,7200.0,7302991.0,3555867.0
2026-10-22T15:35:00Z,node_1004,61.1,80.0,9624.0,7507902.0,4830329.0
2026-10-22T15:40:00Z,node_1035,24.4,74.4,110.0,3539490.0,2747843.0
2026-10-22T15:45:00Z,node_1003,88.0,26.6,10801.0,4011096.0,3057866.0
2026-10-22T15:50:00Z,node_1037,36.0,53.4,2760.0,3712082.0,6743084.0
2026-10-22T15:55:00Z,node_1032,18.8,10.7,809.0,780233.0,1617.0
2026-10-22T16:00:00Z,node_1042,36.5,80.5,12438.0,2532805.0,9832726.0
2026-10-22T16:05:00Z,node_1028,86.8,27.5,5276.0,2095489.0,1195666.0
2026-10-22T16:10:00Z,node_1014,60.9,52.3,6263.0,2850942.0,1913156.0
2026-10-22T16:15:00Z,node_1026,78.0,84.9,4606.0,3000314.0,4365840.0
2026-10-22T16:20:00Z,node_1038,69.3,55.4,9005.0,8603750.0,5255810.0
2026-10-22T16:25:00Z,node_1039,68.7,79.1,11790.0,46089.0,9692011.0
2026-10-22T16:30:00Z,node_1038,21.9,35.8,12177.0,2464245.0,6151673.0
2026-10-22T16:35:00Z,node_1037,50.1,51.7,6796.0,9382422.0,6034736.0
2026-10-22T16:40:00Z,node_1028,44.8,80.8,7247.0,8789985.0,3613462.0
2026-10-22T16:45:00Z,node_1047,38.8,76.7,7867.0,5056976.0,9809068.0
2026-10-22T16:50:00Z,node_1038,22.8,56.9,7982.0,8144512.0,5438061.0
2026-10-22T16:55:00Z,node_1017,72.9,26.5,9174.0,8563466.0,6400074.0
2026-10-22T17:00:00Z,node_1002,35.0,92.6,2261.0,1056130.0,6528960.0
2026-10-22T17:05:00Z,node_1049,88.8,77.5,394.0,5616519.0,6098178.0
2026-10-22T17:10:00Z,node_1043,9.7,75.9,5704.0,4186835.0,1948850.0
2026-10-22T17:15:00Z,node_1003,20.0,64.0,2692.0,9513837.0,6491744.0
2026-10-22T17:20:00Z,node_1021,24.8,52.8,9725.0,8566180.0,6368862.0
2026-10-22T17:25:00Z,node_1002,6.0,12.0,7464.0,1406325.0,7645087.0
2026-10-22T17:30:00Z,node_1047,96.3,59.4,5967.0,5698275.0,5271468.0
2026-10-22T17:35:00Z,node_1035,59.9,36.1,6084.0,7200694.0,5201295.0
2026-10-22T17:40:00Z,node_1032,84.0,77.1,1738.0,4142359.0,6803684.0
2026-10-22T17:45:00Z,node_1045,33.6,79.1,102.0,6596379.0,114405.0
2026-10-22T17:50:00Z,node_1035,88.1,56.3,8243.0,9666808.0,6362036.0
2026-10-22T17:55:00Z,node_1027,75.8,50.4,4669.0,1648244.0,182210.0
2026-10-22T18:00:00Z,node_1047,42.5,22.0,3249.0,1047708.0,7926103.0
2026-10-22T18:05:00Z,node_1004,80.3,51.8,3177.0,3086580.0,2726254.0
2026-10-22T18:10:00Z,node_1045,34.5,78.2,11447.0,4583070.0,8547390.0
2026-10-22T18:15:00Z,node_1046,53.9,19.4,3664.0,744652.0,9408215.0
2026-10-22T18:20:00Z,node_1007,26.0,92.2,12471.0,9534195.0,8695847.0
2026-10-22T18:25:00Z,node_1019,45.9,71.6,4256.0,637404.0,6508597.0
2026-10-22T18:30:00Z,node_1017,87.4,24.4,9878.0,8757914.0,5470661.0
2026-10-22T18:35:00Z,node_1048,47.0,73.5,12213.0,1754952.0,885930.0
2026-10-22T18:40:00Z,node_1036,16.0,19.9,8837.0,3003662.0,9042127.0
2026-10-22T18:45:00Z,node_1019,74.7,46.0,13558.0,7485422.0,3701542.0
2026-10-22T18:50:00Z,node_1022,95.8,75.3,3829.0,5712543.0,1904009.0
2026-10-22T18:55:00Z,node_1028,56.2,19.6,1561.0,856378.0,2764079.0
2026-10-22T19:00:00Z,node_1013,46.8,45.2,1059.0,1338066.0,3013541.0
2026-10-22T19:05:00Z,node_1008,18.3,94.4,4966.0,981669.0,8074198.0
2026-10-22T19:10:00Z,node_1027,85.1,40.6,14355.0,4454106.0,8315409.0
2026-10-22T19:15:00Z,node_1011,26.0,81.7,397.0,4994700.0,605933.0
2026-10-22T19:20:00Z,node_1006,47.0,16.1,3233.0,9738590.0,4478867.0
2026-10-22T19:25:00Z,node_1049,15.2,36.5,8919.0,5465868.0,1845467.0
2026-10-22T19:30:00Z,node_1027,61.3,17.4,179.0,3955844.0,750190.0
2026-10-22T19:35:00Z,node_1035,47.7,31.1,3968.0,4714559.0,9816884.0
2026-10-22T19:40:00Z,node_1017,55.6,16.9,1323.0,4129101.0,4841210.0
2026-10-22T19:45:00Z,node_1013,78.8,74.5,10264.0,9459878.0,6221286.0
2026-10-22T19:50:00Z,node_1011,37.9,54.3,11931.0,7466978.0,9274131.0
2026-10-22T19:55:00Z,node_1039,59.4,53.0,8107.0,9325636.0,7323942.0
2026-10-22T20:00:00Z,node_1009,48.9,89.0,13977.0,3316223.0,9074020.0
2026-10-22T20:05:00Z,node_1031,66.8,68.7,8629.0,4148144.0,6721551.0
2026-10-22T20:10:00Z,node_1029,53.7,64.0,4638.0,3622970.0,8337496.0
2026-10-22T20:15:00Z,node_1037,39.7,75.6,14663.0,6568277.0,8324357.0
2026-10-22T20:20:00Z,node_1033,81.1,75.4,8887.0,8272168.0,3368783.0
2026-10-22T20:25:00Z,node_1038,38.9,46.1,2594.0,8448346.0,9603207.0
2026-10-22T20:30:00Z,node_1033,25.0,61.0,1626.0,1945792.0,4081335.0
2026-10-22T20:35:00Z,node_1018,72.8,69.8,8793.0,757596.0,1623342.0
2026-10-22T20:40:00Z,node_1011,96.5,61.1,9464.0,2881820.0,1664548.0
2026-10-22T20:45:00Z,node_1045,43.3,10.2,8038.0,6864278.0,9891071.0
2026-10-22T20:50:00Z,node_1019,21.6,94.0,3641.0,7437669.0,4415115.0
2026-10-22T20:55:00Z,node_1047,22.0,34.8,2493.0,1091891.0,1931373.0
2026-10-22T21:00:00Z,node_1036,23.0,74.9,6037.0,5528397.0,1515358.0
2026-10-22T21:05:00Z,node_1017,15.6,90.1,3881.0,9064675.0,5252232.0
2026-10-22T21:10:00Z,node_1019,62.3,61.5,10682.0,9001589.0,1288568.0
2026-10-22T21:15:00Z,node_1048,10.3,88.8,4602.0,6185505.0,8597983.0
2026-10-22T21:20:00Z,node_1011,58.1,16.8,12566.0,3409944.0,8060320.0
2026-10-22T21:25:00Z,node_1022,87.6,74.4,2145.0,3284473.0,8066749.0
2026-10-22T21:30:00Z,node_1034,8.3,17.6,3347.0,6342701.0,3705740.0
2026-10-22T21:35:00Z,node_1033,64.1,47.9,6904.0,7706396.0,1359684.0
2026-10-22T21:40:00Z,node_1018,91.9,21.2,13284.0,9945058.0,3306514.0
2026-10-22T21:45:00Z,node_1003,82.6,54.2,11607.0,3244937.0,5501445.0
2026-10-22T21:50:00Z,node_1002,57.4,88.0,10186.0,4484769.0,8956760.0
2026-10-22T21:55:00Z,node_1028,82.9,84.9,940.0,8166395.0,636198.0
2026-10-22T22:00:00Z,node_1028,86.8,23.7,14147.0,7022834.0,7204026.0
2026-10-22T22:05:00Z,node_1032,84.1,61.9,4137.0,5695644.0,2084219.0
2026-10-22T22:10:00Z,node_1041,21.3,74.9,1118.0,1631637.0,2270603.0
2026-10-22T22:15:00Z,node_1016,52.1,86.1,4223.0,5666459.0,9953979.0
2026-10-22T22:20:00Z,node_1028,26.8,17.2,9022.0,4640127.0,6003768.0
2026-10-22T22:25:00Z,node_1011,18.7,57.1,8911.0,8166736.0,9263999.0
2026-10-22T22:30:00Z,node_1025,68.8,74.1,6875.0,965666.0,4328915.0
2026-10-22T22:35:00Z,node_1011,57.3,82.3,3554.0,4747932.0,5104744.0
2026-10-22T22:40:00Z,node_1014,33.9,51.9,5456.0,3454081.0,8992933.0
2026-10-22T22:45:00Z,node_1006,70.9,34.1,6210.0,3791934.0,5967284.0
2026-10-22T22:50:00Z,node_1002,54.6,70.6,11091.0,5330304.0,7001617.0
2026-10-22T22:55:00Z,node_1032,9.2,12.6,8890.0,2478758.0,1405807.0
2026-10-22T23:00:00Z,node_1004,10.8,12.7,12989.0,515474.0,1980226.0
2026-10-22T23:05:00Z,node_1003,83.9,27.4,9958.0,4365043.0,8254149.0
2026-10-22T23:10:00Z,node_1025,85.1,32.6,8572.0,4953199.0,7876498.0
2026-10-22T23:15:00Z,node_1009,76.0,16.6,1766.0,938363.0,188920.0
2026-10-22T23:20:00Z,node_1009,38.1,87.2,11044.0,680639.0,6764189.0
2026-10-22T23:25:00Z,node_1037,43.6,36.9,12602.0,2641835.0,8901360.0
2026-10-22T23:30:00Z,node_1002,41.6,10.4,3427.0,2550902.0,8511820.0
2026-10-22T23:35:00Z,node_1024,70.7,23.5,14860.0,4847919.0,8818805.0
2026-10-22T23:40:00Z,node_1046,25.8,49.8,576.0,2489860.0,5241906.0
2026-10-22T23:45:00Z,node_1031,44.1,76.6,14434.0,2976773.0,3328233.0
2026-10-22T23:50:00Z,node_1002,88.9,64.0,6565.0,2807698.0,1546313.0
2026-10-22T23:55:00Z,node_1024,42.6,24.0,752.0,704598.0,1730040.0
2026-10-23T00:00:00Z,node_1040,53.4,47.9,9065.0,5602414.0,4137554.0
2026-10-23T00:05:00Z,node_1035,62.8,29.7,13498.0,7521371.0,3290064.0
2026-10-23T00:10:00Z,node_1031,46.8,38.5,12072.0,4577348.0,6896541.0
2026-10-23T00:15:00Z,node_1041,55.5,27.6,2525.0,8273633.0,5138664.0
2026-10-23T00:20:00Z,node_1041,58.2,65.6,13250.0,6524019.0,4320413.0
2026-10-23T00:25:00Z,node_1039,76.9,29.9,8920.0,7588788.0,481307.0
2026-10-23T00:30:00Z,node_1029,19.6,35.0,8329.0,2000149.0,8075259.0
2026-10-23T00:35:00Z,node_1007,41.5,21.9,13707.0,4758128.0,6904600.0
2026-10-23T00:40:00Z,node_1047,61.0,47.1,12594.0,2100591.0,6354712.0
2026-10-23T00:45:00Z,node_1023,19.0,63.1,1978.0,2617802.0,2866506.0
2026-10-23T00:50:00Z,node_1032,19.2,16.0,6975.0,3037094.0,1235615.0
2026-10-23T00:55:00Z,node_1020,80.2,94.7,12880.0,4103169.0,4659927.0
2026-10-23T01:00:00Z,node_1009,74.6,55.1,112.0,1244013.0,8431088.0
2026-10-23T01:05:00Z,node_1004,45.4,68.9,3677.0,1983078.0,9590596.0
2026-10-23T01:10:00Z,node_1001,98.7,94.9,2587.0,6711119.0,5661753.0
2026-10-23T01:15:00Z,node_1034,26.6,49.4,497.0,4146099.0,1814773.0
2026-10-23T01:20:00Z,node_1041,43.2,71.1,10347.0,2728126.0,5144499.0
2026-10-23T01:25:00Z,node_1045,62.8,50.3,2034.0,429454.0,9850935.0
2026-10-23T01:30:00Z,node_1030,38.3,71.0,5759.0,5360743.0,852467.0
2026-10-23T01:35:00Z,node_1026,44.6,50.7,12550.0,9941710.0,5457706.0
2026-10-23T01:40:00Z,node_1009,46.0,66.4,9592.0,8099874.0,4374676.0
2026-10-23T01:45:00Z,node_1006,55.2,42.7,1139.0,4270752.0,6754511.0
2026-10-23T01:50:00Z,node_1005,56.9,71.1,9838.0,4362192.0,735708.0
2026-10-23T01:55:00Z,node_1033,90.8,72.9,1597.0,5253066.0,4058067.0
2026-10-23T02:00:00Z,node_1002,18.9,52.1,13682.0,9909589.0,9352666.0
2026-10-23T02:05:00Z,node_1005,22.5,54.7,13148.0,9826509.0,6223955.0
2026-10-23T02:10:00Z,node_1033,83.0,89.7,3335.0,255875.0,5841971.0
2026-10-23T02:15:00Z,node_1039,29.4,51.8,4427.0,6796165.0,139678.0
2026-10-23T02:20:00Z,node_1041,97.2,57.2,7664.0,2933744.0,216731.0
2026-10-23T02:25:00Z,node_1027,35.2,55.1,5040.0,5800864.0,3777028.0
2026-10-23T02:30:00Z,node_1041,57.0,85.2,3674.0,1916063.0,1047655.0
2026-10-23T02:35:00Z,node_1032,13.4,53.4,7350.0,218328.0,9997330.0
2026-10-23T02:40:00Z,node_1034,50.5,64.0,12617.0,9598423.0,9434665.0
2026-10-23T02:45:00Z,node_1015,32.5,29.9,11490.0,7984562.0,2251147.0
2026-10-23T02:50:00Z,node_1035,91.3,53.1,3788.0,2738336.0,5821098.0
2026-10-23T02:55:00Z,node_1009,78.3,90.4,11848.0,592760.0,1090543.0
2026-10-23T03:00:00Z,node_1042,16.1,91.9,13521.0,7336800.0,4196633.0
2026-10-23T03:05:00Z,node_1026,13.3,16.9,10208.0,9770443.0,8168384.0
2026-10-23T03:10:00Z,node_1034,84.2,55.2,7704.0,8911361.0,3750215.0
2026-10-23T03:15:00Z,node_1009,60.7,80.1,989.0,226580.0,2835272.0
2026-10-23T03:20:00Z,node_1024,87.2,91.2,5856.0,8230221.0,9530185.0
2026-10-23T03:25:00Z,node_1003,28.0,65.7,4236.0,7153967.0,2984448.0
2026-10-23T03:30:00Z,node_1024,16.4,68.7,6387.0,8722878.0,6003881.0
2026-10-23T03:35:00Z,node_1038,24.0,65.6,13284.0,7648645.0,549568.0
2026-10-23T03:40:00Z,node_1022,68.9,50.1,11485.0,7206074.0,3647029.0
2026-10-23T03:45:00Z,node_1023,65.7,15.1,2263.0,2889447.0,3489346.0
2026-10-23T03:50:00Z,node_1040,84.3,59.2,734.0,8886004.0,9021109.0
2026-10-23T03:55:00Z,node_1041,57.1,23.1,1712.0,6923070.0,7063511.0
2026-10-23T04:00:00Z,node_1006,6.7,71.4,8354.0,8539526.0,4379.0
2026-10-23T04:05:00Z,node_1028,78.3,53.4,13580.0,8082862.0,4548479.0
2026-10-23T04:10:00Z,node_1047,6.2,56.4,8030.0,4406270.0,2889253.0
2026-10-23T04:15:00Z,node_1015,68.2,17.4,12996.0,7811027.0,8450202.0
2026-10-23T04:20:00Z,node_1011,51.2,79.6,5382.0,9557111.0,1659687.0
2026-10-23T04:25:00Z,node_1034,51.7,48.7,6958.0,1404446.0,1218729.0
2026-10-23T04:30:00Z,node_1021,91.7,11.3,4314.0,8218642.0,4837215.0
2026-10-23T04:35:00Z,node_1037,5.4,83.8,10262.0,5529708.0,8841797.0
2026-10-23T04:40:00Z,node_1017,36.5,88.6,14685.0,8654855.0,2656168.0
2026-10-23T04:45:00Z,node_1016,85.6,10.4,9622.0,8723629.0,9218702.0
2026-10-23T04:50:00Z,node_1037,29.3,79.4,13157.0,6741662.0,5406874.0
2026-10-23T04:55:00Z,node_1003,19.0,74.8,10281.0,2001687.0,9298257.0
2026-10-23T05:00:00Z,node_1035,93.8,34.8,8688.0,8131797.0,5401996.0
2026-10-23T05:05:00Z,node_1042,28.1,24.1,5785.0,546390.0,171107.0
2026-10-23T05:10:00Z,node_1039,43.4,59.1,12792.0,7383974.0,6424164.0
2026-10-23T05:15:00Z,node_1023,86.0,61.6,12840.0,72257.0,2017265.0
2026-10-23T05:20:00Z,node_1033,83.2,42.2,13542.0,7994369.0,489342.0
2026-10-23T05:25:00Z,node_1050,43.0,29.5,7140.0,3861077.0,7506174.0
2026-10-23T05:30:00Z,node_1014,97.8,62.5,13654.0,7905303.0,9801206.0
2026-10-23T05:35:00Z,node_1006,37.9,61.6,12309.0,145728.0,9852753.0
2026-10-23T05:40:00Z,node_1019,67.0,31.0,2033.0,5141987.0,5007245.0
2026-10-23T05:45:00Z,node_1021,78.6,34.3,3569.0,5290084.0,8578405.0
2026-10-23T05:50:00Z,node_1014,26.1,52.0,4093.0,9823342.0,7053297.0
2026-10-23T05:55:00Z,node_1046,59.4,48.1,1499.0,4860023.0,9557983.0
2026-10-23T06:00:00Z,node_1005,51.4,33.6,440.0,1483486.0,2291.0
2026-10-23T06:05:00Z,node_1023,53.9,91.7,11577.0,9820765.0,2945290.0
2026-10-23T06:10:00Z,node_1042,48.8,11.5,11696.0,2381791.0,2654377.0
2026-10-23T06:15:00Z,node_1047,12.7,55.7,12130.0,4828640.0,2410187.0
2026-10-23T06:20:00Z,node_1029,24.9,41.7,14563.0,2875627.0,1395258.0
2026-10-23T06:25:00Z,node_1016,91.9,24.5,11816.0,6510016.0,2006172.0
2026-10-23T06:30:00Z,node_1038,48.9,52.4,9720.0,5408130.0,2502015.0
2026-10-23T06:35:00Z,node_1021,8.1,38.4,6512.0,7750129.0,3573154.0
2026-10-23T06:40:00Z,node_1047,84.4,46.0,9891.0,9738110.0,1271172.0
2026-10-23T06:45:00Z,node_1028,32.9,88.9,11329.0,9870667.0,7656493.0
2026-10-23T06:50:00Z,node_1014,49.2,81.6,3349.0,4175294.0,4952127.0
2026-10-23T06:55:00Z,node_1033,59.1,44.8,10324.0,6024203.0,1739186.0
2026-10-23T07:00:00Z,node_1017,40.0,59.9,2967.0,3824521.0,8116080.0
2026-10-23T07:05:00Z,node_1046,92.4,56.7,8345.0,3709560.0,9119761.0
2026-10-23T07:10:00Z,node_1050,47.4,90.9,8452.0,9074644.0,9981244.0
2026-10-23T07:15:00Z,node_1016,52.9,87.9,7804.0,9859684.0,4234365.0
2026-10-23T07:20:00Z,node_1027,67.4,79.7,14132.0,1001444.0,4803630.0
2026-10-23T07:25:00Z,node_1009,56.0,19.7,3374.0,590614.0,3410408.0
2026-10-23T07:30:00Z,node_1008,43.6,49.7,12219.0,2917278.0,8277030.0
2026-10-23T07:35:00Z,node_1003,29.7,79.9,6145.0,7454143.0,7658610.0
2026-10-23T07:40:00Z,node_1033,82.0,60.9,13846.0,3687594.0,4895535.0
2026-10-23T07:45:00Z,node_1032,20.0,83.1,3328.0,9941037.0,8224794.0
2026-10-23T07:50:00Z,node_1018,7.9,27.2,9914.0,4667304.0,3683724.0
2026-10-23T07:55:00Z,node_1022,16.6,22.1,3069.0,7702006.0,5993097.0
2026-10-23T08:00:00Z,node_1017,17.7,17.4,360.0,9568480.0,169497.0
2026-10-23T08:05:00Z,node_1045,40.8,85.3,13177.0,2703410.0,5571073.0
2026-10-23T08:10:00Z,node_1016,57.3,93.8,5532.0,7358734.0,7391114.0
2026-10-23T08:15:00Z,node_1049,62.6,53.7,1843.0,999741.0,4926662.0
2026-10-23T08:20:00Z,node_1025,80.5,27.8,12233.0,8803576.0,4971313.0
2026-10-23T08:25:00Z,node_1016,62.5,56.0,11973.0,6640280.0,5459384.0
2026-10-23T08:30:00Z,node_1040,51.4,35.9,10620.0,6736554.0,274248.0
2026-10-23T08:35:00Z,node_1036,53.8,38.7,11470.0,3211251.0,449644.0
2026-10-23T08:40:00Z,node_1019,7.2,91.4,8566.0,808365.0,2090129.0
2026-10-23T08:45:00Z,node_1040,57.4,67.3,12696.0,428683.0,1172236.0
2026-10-23T08:50:00Z,node_1014,19.1,53.1,167.0,5753521.0,971649.0
2026-10-23T08:55:00Z,node_1042,13.8,55.8,13117.0,653885.0,2263523.0
2026-10-23T09:00:00Z,node_1050,20.2,89.4,8423.0,1347398.0,7406062.0
2026-10-23T09:05:00Z,node_1047,76.2,11.0,4408.0,1656863.0,8430951.0
2026-10-23T09:10:00Z,node_1012,87.3,29.1,2808.0,4757333.0,1007294.0
2026-10-23T09:15:00Z,node_1014,32.2,44.1,4258.0,6040195.0,4335591.0
2026-10-23T09:20:00Z,node_1049,96.7,21.1,1518.0,9154438.0,9140184.0
2026-10-23T09:25:00Z,node_1024,19.3,20.4,160.0,8117125.0,9783448.0
2026-10-23T09:30:00Z,node_1017,13.6,87.0,6595.0,4134433.0,7894143.0
2026-10-23T09:35:00Z,node_1040,52.3,37.6,11126.0,7853324.0,151146.0
2026-10-23T09:40:00Z,node_1022,43.4,38.6,2743.0,5446567.0,7135640.0
2026-10-23T09:45:00Z,node_1049,70.7,28.4,9319.0,8341172.0,1923642.0
2026-10-23T09:50:00Z,node_1004,84.2,79.2,14013.0,6965422.0,2588113.0
2026-10-23T09:55:00Z,node_1018,7.5,19.0,10604.0,9930876.0,2377257.0
2026-10-23T10:00:00Z,node_1012,42.3,23.1,8673.0,2071503.0,2892659.0
2026-10-23T10:05:00Z,node_1007,26.5,47.7,3128.0,4148278.0,4984053.0
2026-10-23T10:10:00Z,node_1043,67.7,45.6,6201.0,5729749.0,6485264.0
2026-10-23T10:15:00Z,node_1026,55.5,35.6,2904.0,3516117.0,6108938.0
2026-10-23T10:20:00Z,node_1037,75.2,19.2,9179.0,4868262.0,5197938.0
2026-10-23T10:25:00Z,node_1010,85.4,35.9,14140.0,4889705.0,9539315.0
2026-10-23T10:30:00Z,node_1041,9.9,56.8,4967.0,9769732.0,7894412.0
2026-10-23T10:35:00Z,node_1002,96.7,32.8,2629.0,9268350.0,7905015.0
2026-10-23T10:40:00Z,node_1011,75.1,52.8,6707.0,9784821.0,3351609.0
2026-10-23T10:45:00Z,node_1003,27.3,94.3,7406.0,5961374.0,264519.0
2026-10-23T10:50:00Z,node_1008,94.4,66.8,2468.0,1556881.0,5897324.0
2026-10-23T10:55:00Z,node_1032,13.7,29.3,2353.0,5707832.0,928510.0
2026-10-23T11:00:00Z,node_1035,79.4,36.7,11208.0,6854355.0,3760542.0
2026-10-23T11:05:00Z,node_1010,51.7,84.2,9817.0,4812254.0,2001416.0
2026-10-23T11:10:00Z,node_1012,60.0,85.1,11534.0,3908953.0,7162538.0
2026-10-23T11:15:00Z,node_1048,73.9,76.0,7418.0,7717660.0,2466061.0
2026-10-23T11:20:00Z,node_1021,12.3,18.0,3275.0,2394008.0,6061122.0
2026-10-23T11:25:00Z,node_1038,7.7,31.7,14418.0,5919251.0,2725587.0
2026-10-23T11:30:00Z,node_1001,86.5,73.9,3436.0,6553714.0,2220930.0
2026-10-23T11:35:00Z,node_1018,76.7,13.3,8573.0,6679686.0,465388.0
2026-10-23T11:40:00Z,node_1023,18.9,49.7,635.0,3204003.0,1822776.0
2026-10-23T11:45:00Z,node_1019,33.6,76.3,3226.0,9266791.0,6992967.0
2026-10-23T11:50:00Z,node_1034,92.0,40.4,5080.0,6977244.0,878222.0
2026-10-23T11:55:00Z,node_1024,83.4,58.7,1727.0,9123290.0,1681980.0
2026-10-23T12:00:00Z,node_1049,56.3,54.8,14416.0,6982380.0,9618408.0
2026-10-23T12:05:00Z,node_1035,42.3,13.7,6924.0,2367557.0,5270356.0
2026-10-23T12:10:00Z,node_1012,73.1,94.1,13131.0,5379329.0,3223123.0
2026-10-23T12:15:00Z,node_1014,60.6,52.4,10177.0,3957175.0,38627.0
2026-10-23T12:20:00Z,node_1001,94.5,51.5,13970.0,4656213.0,9690536.0
2026-10-23T12:25:00Z,node_1020,64.2,64.1,11635.0,9789881.0,1460060.0
2026-10-23T12:30:00Z,node_1018,91.7,40.0,12620.0,4459517.0,8868758.0
2026-10-23T12:35:00Z,node_1011,51.3,32.3,782.0,5464414.0,442576.0
2026-10-23T12:40:00Z,node_1024,11.1,15.8,13902.0,1058056.0,7492400.0
2026-10-23T12:45:00Z,node_1044,33.5,67.1,10724.0,3840696.0,4295395.0
2026-10-23T12:50:00Z,node_1011,16.4,67.6,14361.0,4451827.0,5123722.0
2026-10-23T12:55:00Z,node_1040,79.9,58.1,9589.0,2821412.0,6061376.0
2026-10-23T13:00:00Z,node_1007,12.2,63.2,9095.0,4414139.0,9635526.0
2026-10-23T13:05:00Z,node_1033,29.5,11.6,5244.0,7085608.0,8933876.0
2026-10-23T13:10:00Z,node_1027,75.9,51.8,9191.0,9883566.0,5315779.0
2026-10-23T13:15:00Z,node_1035,78.6,60.0,13930.0,2487622.0,6877907.0
2026-10-23T13:20:00Z,node_1021,89.4,26.3,5467.0,8053380.0,8252873.0
2026-10-23T13:25:00Z,node_1018,39.0,14.6,10316.0,8704891.0,6042275.0
2026-10-23T13:30:00Z,node_1016,51.3,18.5,8212.0,1775936.0,8816164.0
2026-10-23T13:35:00Z,node_1038,89.3,18.3,14552.0,9523434.0,2858391.0
2026-10-23T13:40:00Z,node_1002,34.0,17.6,14115.0,2437561.0,6452559.0
2026-10-23T13:45:00Z,node_1008,23.9,71.2,14764.0,4449979.0,9914080.0
2026-10-23T13:50:00Z,node_1028,56.5,43.0,12700.0,595505.0,6283730.0
2026-10-23T13:55:00Z,node_1006,12.0,73.1,1629.0,3433420.0,2424915.0
2026-10-23T14:00:00Z,node_1050,26.4,17.5,5304.0,6531012.0,993220.0
2026-10-23T14:05:00Z,node_1014,54.2,92.4,11108.0,2434710.0,1417369.0
2026-10-23T14:10:00Z,node_1008,57.8,26.0,3958.0,7937503.0,8463252.0
2026-10-23T14:15:00Z,node_1038,7.7,79.4,13534.0,4440021.0,7609858.0
2026-10-23T14:20:00Z,node_1032,60.7,68.4,14834.0,9126379.0,1552032.0
2026-10-23T14:25:00Z,node_1015,62.6,92.0,456.0,8925590.0,4373656.0
2026-10-23T14:30:00Z,node_1011,70.5,17.6,8400.0,1559181.0,7538115.0
2026-10-23T14:35:00Z,node_1013,64.6,94.6,2739.0,9106247.0,1578028.0
2026-10-23T14:40:00Z,node_1027,58.0,26.4,12280.0,4226839.0,2452847.0
2026-10-23T14:45:00Z,node_1046,94.0,28.2,3515.0,73246.0,8774185.0
2026-10-23T14:50:00Z,node_1020,14.2,89.7,11167.0,3939784.0,1317060.0
2026-10-23T14:55:00Z,node_1049,77.5,85.0,14371.0,1040712.0,3087713.0
2026-10-23T15:00:00Z,node_1050,75.8,31.2,5005.0,3699431.0,5789762.0
2026-10-23T15:05:00Z,node_1036,57.1,66.3,12827.0,1938707.0,5595615.0
2026-10-23T15:10:00Z,node_1028,56.2,62.8,9000.0,4203249.0,5805543.0
2026-10-23T15:15:00Z,node_1011,25.7,37.2,13972.0,9348588.0,5581137.0
2026-10-23T15:20:00Z,node_1048,81.2,21.0,737.0,5021604.0,4722450.0
2026-10-23T15:25:00Z,node_1004,73.5,51.6,8705.0,8280911.0,8578565.0
2026-10-23T15:30:00Z,node_1010,5.4,87.8,4929.0,9846275.0,1361095.0
2026-10-23T15:35:00Z,node_1050,93.2,60.1,961.0,392828.0,6138087.0
2026-10-23T15:40:00Z,node_1045,88.5,48.8,533.0,8408813.0,940659.0
2026-10-23T15:45:00Z,node_1003,70.8,14.5,10964.0,8011742.0,3114576.0
2026-10-23T15:50:00Z,node_1029,42.6,23.9,2611.0,4927541.0,7566515.0
2026-10-23T15:55:00Z,node_1011,54.4,15.6,5677.0,3288218.0,8367671.0
2026-10-23T16:00:00Z,node_1035,11.8,50.9,7335.0,2361646.0,7666425.0
2026-10-23T16:05:00Z,node_1031,14.5,58.4,14599.0,5382951.0,5159624.0
2026-10-23T16:10:00Z,node_1007,74.9,91.9,4529.0,6470196.0,1615004.0
2026-10-23T16:15:00Z,node_1042,75.2,69.4,3757.0,3892868.0,9969104.0
2026-10-23T16:20:00Z,node_1043,26.2,13.4,122.0,6517715.0,9075837.0
2026-10-23T16:25:00Z,node_1024,56.7,33.6,861.0,5848361.0,9900007.0
2026-10-23T16:30:00Z,node_1045,54.7,39.7,13825.0,9030525.0,8146865.0
2026-10-23T16:35:00Z,node_1026,52.6,20.8,11710.0,5166724.0,8695309.0
2026-10-23T16:40:00Z,node_1024,48.7,21.0,14321.0,6797205.0,3637552.0
2026-10-23T16:45:00Z,node_1003,41.2,50.7,4087.0,1176406.0,5679178.0
2026-10-23T16:50:00Z,node_1047,46.0,18.4,9615.0,8094788.0,3587607.0
2026-10-23T16:55:00Z,node_1043,33.4,56.0,1552.0,1766620.0,6010870.0
2026-10-23T17:00:00Z,node_1015,55.7,55.5,13128.0,4719847.0,2409412.0
2026-10-23T17:05:00Z,node_1029,14.0,78.7,12489.0,6834712.0,2685813.0
2026-10-23T17:10:00Z,node_1012,40.1,24.8,3443.0,9628527.0,628942.0
2026-10-23T17:15:00Z,node_1042,34.6,90.7,9129.0,2645818.0,7547143.0
2026-10-23T17:20:00Z,node_1039,65.1,52.8,3940.0,909657.0,9631867.0
2026-10-23T17:25:00Z,node_1021,58.1,17.1,2505.0,8287436.0,4692457.0
2026-10-23T17:30:00Z,node_1010,87.0,88.4,6670.0,5607929.0,263007.0
2026-10-23T17:35:00Z,node_1040,37.0,36.3,206.0,2603509.0,5683067.0
2026-10-23T17:40:00Z,node_1023,82.3,59.5,3617.0,5840195.0,2878144.0
2026-10-23T17:45:00Z,node_1048,69.1,44.4,11668.0,3622999.0,564658.0
2026-10-23T17:50:00Z,node_1031,8.1,23.1,11899.0,839886.0,3366965.0
2026-10-23T17:55:00Z,node_1026,93.4,61.2,13221.0,3045931.0,740081.0
2026-10-23T18:00:00Z,node_1017,84.3,46.1,5083.0,4266093.0,5097538.0
2026-10-23T18:05:00Z,node_1004,6.0,71.3,293.0,7759706.0,4372562.0
2026-10-23T18:10:00Z,node_1008,98.6,57.4,8025.0,2751660.0,1365233.0
2026-10-23T18:15:00Z,node_1002,90.2,15.1,9260.0,3805677.0,2132270.0
2026-10-23T18:20:00Z,node_1015,42.6,87.6,740.0,4642909.0,1984384.0
2026-10-23T18:25:00Z,node_1033,11.1,72.3,4136.0,4485371.0,7334442.0
2026-10-23T18:30:00Z,node_1002,24.5,49.5,14775.0,1985655.0,7749253.0
2026-10-23T18:35:00Z,node_1008,88.9,16.4,783.0,1512410.0,7896887.0
2026-10-23T18:40:00Z,node_1048,94.3,72.5,4059.0,4599143.0,912020.0
2026-10-23T18:45:00Z,node_1018,61.3,87.5,11641.0,2733948.0,6432184.0
2026-10-23T18:50:00Z,node_1047,6.2,82.9,6737.0,412214.0,1828209.0
2026-10-23T18:55:00Z,node_1018,55.3,68.2,3423.0,6386417.0,5130686.0
2026-10-23T19:00:00Z,node_1030,80.0,70.8,4237.0,3398372.0,1538256.0
2026-10-23T19:05:00Z,node_1049,54.3,84.7,13063.0,6759328.0,7355688.0
2026-10-23T19:10:00Z,node_1024,33.6,39.6,788.0,6958345.0,93629.0
2026-10-23T19:15:00Z,node_1037,18.8,80.8,464.0,9179943.0,4303081.0
2026-10-23T19:20:00Z,node_1027,50.1,22.7,4546.0,1338961.0,91173.0
2026-10-23T19:25:00Z,node_1008,89.5,87.3,12374.0,4165990.0,5834186.0
2026-10-23T19:30:00Z,node_1014,78.7,76.8,6998.0,4396898.0,4538519.0
2026-10-23T19:35:00Z,node_1021,35.3,13.3,6905.0,9739607.0,9424733.0
2026-10-23T19:40:00Z,node_1047,26.3,43.3,1463.0,3079054.0,3640546.0
2026-10-23T19:45:00Z,node_1007,27.8,54.1,8264.0,4896973.0,452703.0
2026-10-23T19:50:00Z,node_1044,57.5,56.8,2798.0,9298808.0,7360501.0
2026-10-23T19:55:00Z,node_1006,23.1,54.8,5956.0,6865090.0,5965981.0
2026-10-23T20:00:00Z,node_1003,28.9,47.8,14455.0,848304.0,3607208.0
2026-10-23T20:05:00Z,node_1034,62.3,24.6,11857.0,5575813.0,4800909.0
2026-10-23T20:10:00Z,node_1016,39.8,70.8,12795.0,8510206.0,2416767.0
2026-10-23T20:15:00Z,node_1016,29.3,19.3,13278.0,7716729.0,1297721.0
2026-10-23T20:20:00Z,node_1025,44.7,50.5,13788.0,6929583.0,2436241.0
2026-10-23T20:25:00Z,node_1019,65.7,30.1,14505.0,7735414.0,8849102.0
2026-10-23T20:30:00Z,node_1026,30.4,73.3,12404.0,1791512.0,4641022.0
2026-10-23T20:35:00Z,node_1049,40.4,52.7,11276.0,1248424.0,1518218.0
2026-10-23T20:40:00Z,node_1032,82.1,88.6,12835.0,6097743.0,6539388.0
2026-10-23T20:45:00Z,node_1006,92.6,81.1,14297.0,5861097.0,5478242.0
2026-10-23T20:50:00Z,node_1038,25.4,89.7,10955.0,4465241.0,8057225.0
2026-10-23T20:55:00Z,node_1050,47.4,15.4,8858.0,986210.0,9070101.0
2026-10-23T21:00:00Z,node_1044,59.5,38.1,3254.0,653577.0,4613785.0
2026-10-23T21:05:00Z,node_1018,10.6,92.5,1290.0,3628044.0,7895422.0
2026-10-23T21:10:00Z,node_1036,97.1,48.5,11651.0,5663087.0,3227367.0
2026-10-23T21:15:00Z,node_1034,49.6,61.6,8215.0,4401339.0,9762291.0
2026-10-23T21:20:00Z,node_1004,83.3,54.9,2790.0,2191294.0,7857621.0
2026-10-23T21:25:00Z,node_1011,42.5,76.9,13593.0,9371961.0,7069655.0
2026-10-23T21:30:00Z,node_1015,78.1,51.4,4588.0,6197465.0,7683953.0
2026-10-23T21:35:00Z,node_1016,63.5,21.7,4757.0,1108364.0,6500675.0
2026-10-23T21:40:00Z,node_1025,55.8,82.4,12622.0,2430668.0,2864403.0
2026-10-23T21:45:00Z,node_1023,78.7,63.2,359.0,4224104.0,1121017.0
2026-10-23T21:50:00Z,node_1035,36.5,52.8,5794.0,2056815.0,179898.0
2026-10-23T21:55:00Z,node_1002,45.5,90.5,5897.0,3109790.0,6804107.0
2026-10-23T22:00:00Z,node_1040,28.1,55.1,10859.0,1306613.0,1063070.0
2026-10-23T22:05:00Z,node_1023,16.5,31.2,8194.0,2970432.0,5137833.0
2026-10-23T22:10:00Z,node_1020,12.5,80.8,13500.0,63464.0,5992877.0
2026-10-23T22:15:00Z,node_1042,31.4,12.8,1557.0,8117808.0,1657718.0
2026-10-23T22:20:00Z,node_1042,27.1,24.8,8136.0,5331999.0,9683808.0
2026-10-23T22:25:00Z,node_1020,59.8,16.4,7727.0,5752993.0,5777477.0
2026-10-23T22:30:00Z,node_1021,61.2,56.8,7631.0,1189010.0,3930995.0
2026-10-23T22:35:00Z,node_1038,92.9,37.3,11979.0,8002832.0,3483048.0
2026-10-23T22:40:00Z,node_1016,31.9,92.9,1654.0,7440887.0,5658037.0
2026-10-23T22:45:00Z,node_1002,83.9,83.1,7260.0,1427128.0,3592511.0
2026-10-23T22:50:00Z,node_1040,57.6,66.7,9679.0,1231462.0,148359.0
2026-10-23T22:55:00Z,node_1014,26.5,68.3,11340.0,699543.0,110099.0
2026-10-23T23:00:00Z,node_1042,24.8,38.9,11044.0,9813558.0,9761632.0
2026-10-23T23:05:00Z,node_1008,28.5,44.5,5788.0,1144873.0,1944741.0
2026-10-23T23:10:00Z,node_1036,75.0,59.1,10982.0,1719402.0,7089671.0
2026-10-23T23:15:00Z,node_1046,45.5,61.2,13170.0,1035225.0,4602267.0
2026-10-23T23:20:00Z,node_1018,29.4,38.0,887.0,7170975.0,3964104.0
2026-10-23T23:25:00Z,node_1050,9.6,25.7,4624.0,5849153.0,2319164.0
2026-10-23T23:30:00Z,node_1040,13.5,27.8,2606.0,3579248.0,8189787.0
2026-10-23T23:35:00Z,node_1002,46.3,49.1,13461.0,3887513.0,516298.0
2026-10-23T23:40:00Z,node_1024,66.6,72.8,591.0,2529728.0,6142638.0
2026-10-23T23:45:00Z,node_1012,38.4,87.3,12054.0,942594.0,1079198.0
2026-10-23T23:50:00Z,node_1050,91.3,21.9,7239.0,3528275.0,2491329.0
2026-10-23T23:55:00Z,node_1020,94.1,62.1,8124.0,4165729.0,3548543.0
2026-10-24T00:00:00Z,node_1024,42.4,48.6,3809.0,3561692.0,667421.0
2026-10-24T00:05:00Z,node_1016,95.2,60.2,3721.0,7234643.0,3601895.0
2026-10-24T00:10:00Z,node_1031,84.2,25.8,12047.0,8381532.0,1821950.0
2026-10-24T00:15:00Z,node_1007,32.2,44.4,14637.0,5658766.0,1116387.0
2026-10-24T00:20:00Z,node_1044,21.5,59.0,6291.0,4394286.0,7255845.0
2026-10-24T00:25:00Z,node_1045,66.9,58.5,4777.0,5802838.0,1482028.0
2026-10-24T00:30:00Z,node_1044,36.1,84.1,6489.0,7901593.0,7728499.0
2026-10-24T00:35:00Z,node_1001,62.7,30.0,8734.0,4695392.0,7118540.0
2026-10-24T00:40:00Z,node_1038,50.3,44.6,8658.0,4256184.0,8835293.0
2026-10-24T00:45:00Z,node_1033,71.6,88.8,4865.0,9404651.0,4143831.0
2026-10-24T00:50:00Z,node_1021,94.6,17.6,605.0,833964.0,8053171.0
2026-10-24T00:55:00Z,node_1009,71.2,15.0,13960.0,3686623.0,3312107.0
2026-10-24T01:00:00Z,node_1026,8.3,55.3,5865.0,1264039.0,5234934.0
2026-10-24T01:05:00Z,node_1007,28.3,74.1,14388.0,7510635.0,9255003.0
2026-10-24T01:10:00Z,node_1043,73.5,28.3,1874.0,2889971.0,3351256.0
2026-10-24T01:15:00Z,node_1005,81.7,43.9,4230.0,2226941.0,3133765.0
2026-10-24T01:20:00Z,node_1025,15.7,34.1,4200.0,128505.0,4952454.0
2026-10-24T01:25:00Z,node_1044,36.1,79.9,4816.0,6683641.0,5908478.0
2026-10-24T01:30:00Z,node_1017,65.9,48.0,6155.0,6056336.0,3580018.0
2026-10-24T01:35:00Z,node_1002,7.1,50.3,7188.0,1545885.0,6269562.0
2026-10-24T01:40:00Z,node_1033,6.0,70.9,13781.0,3899375.0,929071.0
2026-10-24T01:45:00Z,node_1027,48.1,26.1,13537.0,1334393.0,7107428.0
2026-10-24T01:50:00Z,node_1027,81.9,14.4,7547.0,9762819.0,3364290.0
2026-10-24T01:55:00Z,node_1005,18.4,83.3,13442.0,5933356.0,4492088.0
2026-10-24T02:00:00Z,node_1011,73.5,26.7,14757.0,1514244.0,9058666.0
2026-10-24T02:05:00Z,node_1034,90.7,28.3,14925.0,4119289.0,8379842.0
2026-10-24T02:10:00Z,node_1036,73.0,12.6,14186.0,7433200.0,5620683.0
2026-10-24T02:15:00Z,node_1038,91.2,92.1,2094.0,5221368.0,8704927.0
2026-10-24T02:20:00Z,node_1024,47.2,31.0,6661.0,1916769.0,4250304.0
2026-10-24T02:25:00Z,node_1019,95.6,25.7,4702.0,7216938.0,8720125.0
2026-10-24T02:30:00Z,node_1017,12.8,26.2,10319.0,6453615.0,8074682.0
2026-10-24T02:35:00Z,node_1014,47.6,73.2,13168.0,5789465.0,8790026.0
2026-10-24T02:40:00Z,node_1049,34.9,31.9,7410.0,6226376.0,5958588.0
2026-10-24T02:45:00Z,node_1008,62.0,11.5,7393.0,3387727.0,1583170.0
2026-10-24T02:50:00Z,node_1029,53.5,28.3,5177.0,5072461.0,1223234.0
2026-10-24T02:55:00Z,node_1044,52.8,20.8,5722.0,1273426.0,5755202.0
2026-10-24T03:00:00Z,node_1010,25.6,52.6,8652.0,7302194.0,1785440.0
2026-10-24T03:05:00Z,node_1015,97.0,45.8,7123.0,5639072.0,3499185.0
2026-10-24T03:10:00Z,node_1034,81.1,22.5,8497.0,4552834.0,5215494.0
2026-10-24T03:15:00Z,node_1004,16.2,54.0,3493.0,1635191.0,9505119.0
2026-10-24T03:20:00Z,node_1011,39.4,72.5,3497.0,6546324.0,7820537.0
2026-10-24T03:25:00Z,node_1047,39.8,37.9,4671.0,8375199.0,6366966.0
2026-10-24T03:30:00Z,node_1027,43.7,75.5,3913.0,310413.0,9640839.0
2026-10-24T03:35:00Z,node_1009,35.4,46.5,9522.0,448194.0,730633.0
2026-10-24T03:40:00Z,node_1040,89.1,76.1,8841.0,6492800.0,3460293.0
2026-10-24T03:45:00Z,node_1024,11.0,55.5,6427.0,4747441.0,5590558.0
2026-10-24T03:50:00Z,node_1042,92.1,81.9,7632.0,260379.0,8811893.0
2026-10-24T03:55:00Z,node_1027,19.1,13.6,6570.0,1197752.0,5769827.0
2026-10-24T04:00:00Z,node_1045,19.4,44.9,3401.0,2256325.0,4384829.0
2026-10-24T04:05:00Z,node_1003,93.3,15.2,7346.0,7999691.0,9489879.0
2026-10-24T04:10:00Z,node_1032,97.5,38.9,6042.0,5335758.0,364885.0
2026-10-24T04:15:00Z,node_1035,28.8,21.5,7730.0,3500267.0,5243125.0
2026-10-24T04:20:00Z,node_1024,81.3,22.1,10535.0,1282608.0,2255535.0
2026-10-24T04:25:00Z,node_1039,65.1,26.5,12217.0,2131859.0,7636598.0
2026-10-24T04:30:00Z,node_1010,75.9,11.0,5938.0,2126798.0,8777736.0
2026-10-24T04:35:00Z,node_1017,44.5,48.1,13525.0,5790416.0,7385245.0
2026-10-24T04:40:00Z,node_1048,36.1,39.8,3235.0,2619048.0,5861305.0
2026-10-24T04:45:00Z,node_1005,81.8,38.8,3851.0,118564.0,2276584.0
2026-10-24T04:50:00Z,node_1019,30.8,20.5,13698.0,9521033.0,5059406.0
2026-10-24T04:55:00Z,node_1022,48.7,33.5,9355.0,9232025.0,3592730.0
2026-10-24T05:00:00Z,node_1031,65.6,21.0,578.0,7882355.0,5320964.0
2026-10-24T05:05:00Z,node_1003,6.7,54.0,6706.0,1115178.0,5583867.0
2026-10-24T05:10:00Z,node_1020,11.3,68.6,9599.0,1515952.0,4310606.0
2026-10-24T05:15:00Z,node_1035,44.1,85.5,12357.0,1964493.0,232119.0
2026-10-24T05:20:00Z,node_1047,89.3,69.4,11523.0,2450030.0,1077744.0
2026-10-24T05:25:00Z,node_1002,87.3,33.6,9056.0,1704099.0,6393670.0
2026-10-24T05:30:00Z,node_1039,86.0,15.5,14681.0,3959605.0,1342322.0
2026-10-24T05:35:00Z,node_1013,67.6,32.3,8414.0,7912088.0,3017717.0
2026-10-24T05:40:00Z,node_1008,55.4,56.9,14390.0,3390090.0,3870177.0
2026-10-24T05:45:00Z,node_1019,29.0,28.6,2524.0,5025195.0,7108604.0
2026-10-24T05:50:00Z,node_1022,41.7,32.5,11630.0,7724551.0,837707.0
2026-10-24T05:55:00Z,node_1035,11.5,41.4,11414.0,7869353.0,5575377.0
2026-10-24T06:00:00Z,node_1014,88.0,18.4,11662.0,7475552.0,9631387.0
2026-10-24T06:05:00Z,node_1050,62.3,72.4,1951.0,1311183.0,8249964.0
2026-10-24T06:10:00Z,node_1038,44.5,60.9,7386.0,6466893.0,8984701.0
2026-10-24T06:15:00Z,node_1002,89.9,15.7,3173.0,8574140.0,1592136.0
2026-10-24T06:20:00Z,node_1023,13.6,94.0,9719.0,8426498.0,1381318.0
2026-10-24T06:25:00Z,node_1014,60.0,50.0,3158.0,7650002.0,639808.0
2026-10-24T06:30:00Z,node_1027,53.3,69.0,1458.0,237896.0,9415183.0
2026-10-24T06:35:00Z,node_1023,33.5,84.2,9981.0,9311926.0,9721958.0
2026-10-24T06:40:00Z,node_1020,6.4,55.0,13149.0,4739872.0,4053975.0
2026-10-24T06:45:00Z,node_1030,37.7,53.8,3367.0,2140819.0,9255166.0
2026-10-24T06:50:00Z,node_1049,14.3,91.9,12022.0,5334220.0,4979605.0
2026-10-24T06:55:00Z,node_1050,80.0,19.3,4039.0,3416103.0,5645112.0
2026-10-24T07:00:00Z,node_1042,43.3,76.6,8076.0,162429.0,3515638.0
2026-10-24T07:05:00Z,node_1007,54.3,80.2,9123.0,9974781.0,3214891.0
2026-10-24T07:10:00Z,node_1013,30.8,40.1,2344.0,5010400.0,6255413.0
2026-10-24T07:15:00Z,node_1029,20.3,40.2,2780.0,6809908.0,3327535.0
2026-10-24T07:20:00Z,node_1045,89.1,93.4,9026.0,3623895.0,2415376.0
2026-10-24T07:25:00Z,node_1036,35.2,72.6,2559.0,5358398.0,5597299.0
2026-10-24T07:30:00Z,node_1027,64.4,53.5,14025.0,5353203.0,7127932.0
2026-10-24T07:35:00Z,node_1042,15.1,68.3,11912.0,2183042.0,2703034.0
2026-10-24T07:40:00Z,node_1031,26.7,51.3,11824.0,2571003.0,9693499.0
2026-10-24T07:45:00Z,node_1045,42.9,13.1,14228.0,2819776.0,8679579.0
2026-10-24T07:50:00Z,node_1035,80.1,14.6,10165.0,9661756.0,2129557.0
2026-10-24T07:55:00Z,node_1038,48.3,19.7,14005.0,7722386.0,4852592.0
2026-10-24T08:00:00Z,node_1023,21.3,82.1,728.0,8902069.0,7674660.0
2026-10-24T08:05:00Z,node_1003,24.2,18.6,1655.0,2675496.0,4580419.0
2026-10-24T08:10:00Z,node_1008,43.9,84.9,12551.0,4915474.0,3413148.0
2026-10-24T08:15:00Z,node_1034,62.1,76.8,14029.0,7983890.0,2051546.0
2026-10-24T08:20:00Z,node_1007,98.5,48.8,12172.0,2224009.0,9841441.0
2026-10-24T08:25:00Z,node_1049,88.6,43.9,1592.0,2048063.0,996755.0
2026-10-24T08:30:00Z,node_1017,93.6,39.9,682.0,9956934.0,5601607.0
2026-10-24T08:35:00Z,node_1049,86.4,57.5,1131.0,5903286.0,9245574.0
2026-10-24T08:40:00Z,node_1019,74.3,74.3,11662.0,4802432.0,9896441.0
2026-10-24T08:45:00Z,node_1050,41.0,39.5,3336.0,3472991.0,7051109.0
2026-10-24T08:50:00Z,node_1041,30.6,92.3,2580.0,2146266.0,2793759.0
2026-10-24T08:55:00Z,node_1032,69.8,54.5,14278.0,3105729.0,3482420.0
2026-10-24T09:00:00Z,node_1041,66.3,14.5,4165.0,4399814.0,675089.0
2026-10-24T09:05:00Z,node_1020,52.6,88.8,12548.0,4053859.0,6529444.0
2026-10-24T09:10:00Z,node_1009,72.4,84.0,6254.0,2282050.0,24661.0
2026-10-24T09:15:00Z,node_1046,75.4,24.2,14583.0,5549994.0,3519750.0
2026-10-24T09:20:00Z,node_1004,7.4,37.0,4384.0,6080860.0,9221830.0
2026-10-24T09:25:00Z,node_1035,62.6,94.4,7718.0,2446.0,4967669.0
2026-10-24T09:30:00Z,node_1037,35.7,30.7,4892.0,8315083.0,7049274.0
2026-10-24T09:35:00Z,node_1016,42.5,61.1,14946.0,8151875.0,9782426.0
2026-10-24T09:40:00Z,node_1005,52.8,46.8,10835.0,2472692.0,5889770.0
2026-10-24T09:45:00Z,node_1043,21.0,77.2,5190.0,482503.0,1574051.0
2026-10-24T09:50:00Z,node_1020,49.5,72.2,2231.0,6505266.0,2774194.0
2026-10-24T09:55:00Z,node_1037,34.3,14.1,4976.0,958001.0,6926547.0
2026-10-24T10:00:00Z,node_1031,73.8,62.2,7443.0,9193120.0,4341476.0
2026-10-24T10:05:00Z,node_1014,15.0,25.5,2008.0,2005760.0,329605.0
2026-10-24T10:10:00Z,node_1009,54.1,27.8,10397.0,5523468.0,9476850.0
2026-10-24T10:15:00Z,node_1010,69.1,11.5,13135.0,9497192.0,1095610.0
2026-10-24T10:20:00Z,node_1042,53.4,59.0,13808.0,4994399.0,8986428.0
2026-10-24T10:25:00Z,node_1035,97.3,78.3,190.0,9217683.0,1036455.0
2026-10-24T10:30:00Z,node_1010,40.6,10.1,14289.0,6727799.0,6543961.0
2026-10-24T10:35:00Z,node_1027,95.4,25.3,9622.0,7365425.0,3315983.0
2026-10-24T10:40:00Z,node_1038,57.7,36.4,7304.0,3462401.0,5423143.0
2026-10-24T10:45:00Z,node_1026,5.6,84.8,8947.0,7718071.0,8367183.0
2026-10-24T10:50:00Z,node_1020,13.2,73.9,13448.0,383363.0,1155049.0
2026-10-24T10:55:00Z,node_1004,25.2,48.0,12955.0,9527111.0,780817.0
2026-10-24T11:00:00Z,node_1046,33.9,26.7,8649.0,7146754.0,6959997.0
2026-10-24T11:05:00Z,node_1033,72.2,50.4,2685.0,4986606.0,5943347.0
2026-10-24T11:10:00Z,node_1011,84.6,18.4,9545.0,6546770.0,8470782.0
2026-10-24T11:15:00Z,node_1001,76.7,69.7,11367.0,4666567.0,8865525.0
2026-10-24T11:20:00Z,node_1046,77.7,80.1,10386.0,3114233.0,1122721.0
2026-10-24T11:25:00Z,node_1001,87.1,61.2,3810.0,2635831.0,3190369.0
2026-10-24T11:30:00Z,node_1003,28.5,66.5,1710.0,8875520.0,7479656.0
2026-10-24T11:35:00Z,node_1003,51.4,50.1,12136.0,9715734.0,4140166.0
2026-10-24T11:40:00Z,node_1026,78.1,16.2,2951.0,1685782.0,8443498.0
2026-10-24T11:45:00Z,node_1049,60.6,86.1,6652.0,4625047.0,1759783.0
2026-10-24T11:50:00Z,node_1026,31.3,51.5,7343.0,752821.0,7186239.0
2026-10-24T11:55:00Z,node_1046,15.0,42.5,14135.0,1740504.0,7621670.0
2026-10-24T12:00:00Z,node_1043,71.6,64.0,4550.0,9133927.0,2468095.0
2026-10-24T12:05:00Z,node_1023,93.3,16.4,12262.0,1151294.0,2412639.0
2026-10-24T12:10:00Z,node_1008,67.8,65.2,8856.0,9745303.0,6035613.0
2026-10-24T12:15:00Z,node_1015,71.6,88.7,14963.0,9702599.0,4768925.0
2026-10-24T12:20:00Z,node_1049,81.7,89.4,3669.0,5084526.0,2682645.0
2026-10-24T12:25:00Z,node_1037,57.7,78.6,10709.0,6942476.0,1651918.0
2026-10-24T12:30:00Z,node_1029,40.0,69.0,11134.0,6922649.0,5489404.0
2026-10-24T12:35:00Z,node_1041,91.0,80.0,3761.0,4875187.0,8449374.0
2026-10-24T12:40:00Z,node_1018,40.0,84.6,11226.0,855599.0,4674256.0
2026-10-24T12:45:00Z,node_1003,27.5,38.2,14979.0,1982040.0,7731408.0
2026-10-24T12:50:00Z,node_1047,20.7,56.7,9515.0,1867929.0,6094760.0
2026-10-24T12:55:00Z,node_1016,18.8,67.7,4292.0,655887.0,2743765.0
2026-10-24T13:00:00Z,node_1004,31.7,45.8,13219.0,6891932.0,4208634.0
2026-10-24T13:05:00Z,node_1003,34.8,16.4,6878.0,3885077.0,3479804.0
2026-10-24T13:10:00Z,node_1048,56.1,93.7,3924.0,795463.0,1492961.0
2026-10-24T13:15:00Z,node_1029,64.3,52.0,9417.0,752921.0,2727496.0
2026-10-24T13:20:00Z,node_1025,35.0,54.0,1385.0,6371948.0,527676.0
2026-10-24T13:25:00Z,node_1025,47.0,46.8,6542.0,9577918.0,8168827.0
2026-10-24T13:30:00Z,node_1021,39.3,44.8,3237.0,4558659.0,4706220.0
2026-10-24T13:35:00Z,node_1010,23.1,18.4,6290.0,7408854.0,4579347.0
2026-10-24T13:40:00Z,node_1014,93.9,23.6,14545.0,97772.0,6158614.0
2026-10-24T13:45:00Z,node_1005,58.5,86.6,8345.0,6808852.0,8511545.0
2026-10-24T13:50:00Z,node_1049,23.3,36.5,4179.0,1651284.0,585979.0
2026-10-24T13:55:00Z,node_1050,57.8,30.4,9075.0,3609915.0,2242535.0
2026-10-24T14:00:00Z,node_1047,73.0,77.2,6721.0,3957476.0,850586.0
2026-10-24T14:05:00Z,node_1034,91.3,65.3,4769.0,9913650.0,4477758.0
2026-10-24T14:10:00Z,node_1039,65.8,24.4,6977.0,720310.0,438595.0
2026-10-24T14:15:00Z,node_1022,20.8,81.0,2330.0,8917730.0,2898991.0
2026-10-24T14:20:00Z,node_1049,37.6,35.2,5909.0,6107860.0,7323606.0
2026-10-24T14:25:00Z,node_1023,51.6,75.6,7437.0,4550435.0,214052.0
2026-10-24T14:30:00Z,node_1042,51.8,53.3,14304.0,9207935.0,6287835.0
2026-10-24T14:35:00Z,node_1016,8.9,12.2,6348.0,7956989.0,2155568.0
2026-10-24T14:40:00Z,node_1013,90.1,49.8,10394.0,41407.0,5938231.0
2026-10-24T14:45:00Z,node_1041,98.8,49.4,4491.0,355982.0,4073709.0
2026-10-24T14:50:00Z,node_1021,33.6,22.9,3927.0,2157245.0,2764102.0
2026-10-24T14:55:00Z,node_1025,54.4,67.5,11129.0,3042491.0,6036376.0
2026-10-24T15:00:00Z,node_1033,72.1,61.2,13350.0,5931409.0,8288979.0
2026-10-24T15:05:00Z,node_1001,7.9,87.4,9296.0,5356975.0,6099959.0
2026-10-24T15:10:00Z,node_1019,83.8,37.8,640.0,1770254.0,9920878.0
2026-10-24T15:15:00Z,node_1017,95.7,33.2,14654.0,6495897.0,4907845.0
2026-10-24T15:20:00Z,node_1009,9.4,93.6,1116.0,1352049.0,6280688.0
2026-10-24T15:25:00Z,node_1023,67.8,26.6,7898.0,9251756.0,8363832.0
2026-10-24T15:30:00Z,node_1042,98.4,94.2,6289.0,8928160.0,4617176.0
2026-10-24T15:35:00Z,node_1035,22.3,21.8,12179.0,8227152.0,5401092.0
2026-10-24T15:40:00Z,node_1013,87.9,54.1,8854.0,3834069.0,7251461.0
2026-10-24T15:45:00Z,node_1043,81.1,51.3,8221.0,9854978.0,9824188.0
2026-10-24T15:50:00Z,node_1046,22.6,73.6,12048.0,6566481.0,7266028.0
2026-10-24T15:55:00Z,node_1042,45.4,63.4,11645.0,369837.0,6588410.0
2026-10-24T16:00:00Z,node_1020,47.8,39.8,13448.0,6113768.0,7308102.0
2026-10-24T16:05:00Z,node_1021,73.7,17.5,8178.0,2030784.0,2503291.0
2026-10-24T16:10:00Z,node_1048,51.8,75.3,10834.0,8954975.0,1043689.0
2026-10-24T16:15:00Z,node_1025,70.4,18.5,7079.0,3813553.0,9300126.0
2026-10-24T16:20:00Z,node_1031,50.4,78.1,3533.0,8539135.0,9892947.0
2026-10-24T16:25:00Z,node_1034,57.8,48.9,5011.0,2102054.0,743450.0
2026-10-24T16:30:00Z,node_1022,60.3,24.5,3420.0,3472435.0,103304.0
2026-10-24T16:35:00Z,node_1001,29.7,17.2,11179.0,7371783.0,7195844.0
2026-10-24T16:40:00Z,node_1014,98.0,55.5,3517.0,8349354.0,2266286.0
2026-10-24T16:45:00Z,node_1042,39.8,28.3,13545.0,2447443.0,6338079.0
2026-10-24T16:50:00Z,node_1005,87.7,43.3,14542.0,4203411.0,3189560.0
2026-10-24T16:55:00Z,node_1037,51.4,11.2,11263.0,8190.0,1966212.0
2026-10-24T17:00:00Z,node_1036,33.5,31.9,1857.0,4156297.0,9170568.0
2026-10-24T17:05:00Z,node_1004,96.9,14.5,1227.0,3252653.0,9811448.0
2026-10-24T17:10:00Z,node_1003,45.1,52.2,7530.0,3366522.0,8591584.0
2026-10-24T17:15:00Z,node_1050,37.7,71.8,214.0,5493002.0,4054628.0
2026-10-24T17:20:00Z,node_1042,5.5,20.8,13695.0,5247481.0,7769573.0
2026-10-24T17:25:00Z,node_1021,60.9,78.6,12928.0,6647332.0,8219192.0
2026-10-24T17:30:00Z,node_1027,65.4,47.6,10796.0,2025555.0,2563093.0
2026-10-24T17:35:00Z,node_1040,58.9,48.0,11234.0,8418708.0,6390649.0
2026-10-24T17:40:00Z,node_1035,87.4,87.6,1548.0,6854150.0,7122477.0
2026-10-24T17:45:00Z,node_1035,45.1,16.1,881.0,3098474.0,838415.0
2026-10-24T17:50:00Z,node_1028,80.2,45.0,11978.0,2444207.0,4646851.0
2026-10-24T17:55:00Z,node_1023,86.2,51.9,10073.0,2380038.0,3546458.0
2026-10-24T18:00:00Z,node_1029,39.2,67.0,5201.0,1423625.0,3702768.0
2026-10-24T18:05:00Z,node_1039,96.8,66.8,8079.0,1415339.0,3956739.0
2026-10-24T18:10:00Z,node_1038,85.2,35.2,2697.0,3115795.0,8540772.0
2026-10-24T18:15:00Z,node_1046,43.5,75.2,11274.0,2046432.0,5715427.0
2026-10-24T18:20:00Z,node_1007,95.4,49.6,4321.0,380228.0,6132665.0
2026-10-24T18:25:00Z,node_1009,94.4,39.5,12914.0,4679968.0,1168803.0
2026-10-24T18:30:00Z,node_1018,81.2,93.4,12072.0,6556338.0,4954343.0
2026-10-24T18:35:00Z,node_1010,10.9,84.3,14931.0,5708173.0,7352611.0
2026-10-24T18:40:00Z,node_1012,18.8,36.7,11658.0,1401843.0,8930723.0
2026-10-24T18:45:00Z,node_1046,70.2,38.8,5736.0,189288.0,2504295.0
2026-10-24T18:50:00Z,node_1042,95.4,51.2,13395.0,3269497.0,8360489.0
2026-10-24T18:55:00Z,node_1044,73.9,18.0,9198.0,9600938.0,4507191.0
2026-10-24T19:00:00Z,node_1010,55.0,88.9,12327.0,9639216.0,1982496.0
2026-10-24T19:05:00Z,node_1034,62.3,87.3,4786.0,8548310.0,3314097.0
2026-10-24T19:10:00Z,node_1038,53.0,57.3,10012.0,3268533.0,1422168.0
2026-10-24T19:15:00Z,node_1007,54.1,18.1,2096.0,4414686.0,3967057.0
2026-10-24T19:20:00Z,node_1019,86.9,48.6,1073.0,5145199.0,1948947.0
2026-10-24T19:25:00Z,node_1039,81.8,48.2,9145.0,9173697.0,5291261.0
2026-10-24T19:30:00Z,node_1010,7.7,47.5,4794.0,678115.0,6970574.0
2026-10-24T19:35:00Z,node_1039,66.7,49.9,7418.0,8530504.0,6915843.0
2026-10-24T19:40:00Z,node_1009,45.0,94.6,4907.0,752538.0,9229554.0
2026-10-24T19:45:00Z,node_1004,86.5,19.5,8048.0,8830814.0,251970.0
2026-10-24T19:50:00Z,node_1008,8.8,81.1,8242.0,8573079.0,9080290.0
2026-10-24T19:55:00Z,node_1036,52.9,17.1,13681.0,3221586.0,4502255.0
2026-10-24T20:00:00Z,node_1012,50.2,75.0,1191.0,7443851.0,4588357.0
2026-10-24T20:05:00Z,node_1023,30.2,20.3,10274.0,797826.0,1458200.0
2026-10-24T20:10:00Z,node_1009,92.9,65.2,2755.0,6917644.0,6538319.0
2026-10-24T20:15:00Z,node_1010,45.4,86.7,6524.0,7418335.0,1274830.0
2026-10-24T20:20:00Z,node_1015,99.0,55.0,11988.0,8902573.0,5581063.0
2026-10-24T20:25:00Z,node_1044,89.6,92.5,6034.0,8047152.0,8283956.0
2026-10-24T20:30:00Z,node_1014,92.4,81.8,2156.0,8256289.0,321026.0
2026-10-24T20:35:00Z,node_1034,16.3,56.3,1618.0,184896.0,5789728.0
2026-10-24T20:40:00Z,node_1025,25.2,30.0,4306.0,540625.0,3741887.0
2026-10-24T20:45:00Z,node_1006,83.4,44.0,5023.0,8565565.0,9997094.0
2026-10-24T20:50:00Z,node_1008,27.7,70.9,13588.0,4154928.0,8847565.0
2026-10-24T20:55:00Z,node_1018,17.6,71.7,6755.0,7111131.0,1860856.0
2026-10-24T21:00:00Z,node_1015,68.4,48.0,7182.0,5160870.0,4599676.0
2026-10-24T21:05:00Z,node_1027,73.6,26.5,14798.0,1829953.0,3207571.0
2026-10-24T21:10:00Z,node_1026,6.0,54.0,6114.0,4947613.0,6706823.0
2026-10-24T21:15:00Z,node_1047,92.6,11.1,7695.0,205765.0,4569158.0
2026-10-24T21:20:00Z,node_1048,59.3,37.9,1632.0,3275444.0,3701669.0
2026-10-24T21:25:00Z,node_1011,9.4,15.8,13785.0,9843596.0,9419857.0
2026-10-24T21:30:00Z,node_1042,47.6,17.0,12467.0,8664521.0,5801044.0
2026-10-24T21:35:00Z,node_1028,28.0,64.6,7339.0,7651884.0,3979229.0
2026-10-24T21:40:00Z,node_1016,96.9,57.0,9355.0,6184425.0,8824162.0
2026-10-24T21:45:00Z,node_1022,14.5,15.8,14000.0,4995823.0,9876136.0
2026-10-24T21:50:00Z,node_1044,59.6,54.6,14456.0,3094580.0,4811288.0
2026-10-24T21:55:00Z,node_1011,83.9,41.8,11104.0,5761590.0,2153625.0
2026-10-24T22:00:00Z,node_1046,78.9,89.9,12531.0,931042.0,1099128.0
2026-10-24T22:05:00Z,node_1044,45.7,64.9,12294.0,912679.0,2265492.0
2026-10-24T22:10:00Z,node_1016,55.6,63.7,11953.0,5313501.0,9233054.0
2026-10-24T22:15:00Z,node_1020,89.8,41.0,14495.0,8988389.0,6980582.0
2026-10-24T22:20:00Z,node_1016,54.6,81.5,7698.0,4108960.0,6044765.0
2026-10-24T22:25:00Z,node_1033,42.2,56.5,9484.0,6407709.0,9384412.0
2026-10-24T22:30:00Z,node_1049,97.9,22.6,6251.0,9475865.0,7220823.0
2026-10-24T22:35:00Z,node_1012,46.0,20.2,13910.0,6975924.0,9190358.0
2026-10-24T22:40:00Z,node_1036,26.9,56.0,6392.0,6172115.0,9190723.0
2026-10-24T22:45:00Z,node_1039,83.9,56.2,4283.0,5158022.0,1904640.0
2026-10-24T22:50:00Z,node_1041,13.5,26.9,8280.0,3850604.0,3703760.0
2026-10-24T22:55:00Z,node_1007,39.5,27.6,13468.0,4234754.0,8482723.0
2026-10-24T23:00:00Z,node_1043,54.5,71.8,2628.0,4277660.0,9421838.0
2026-10-24T23:05:00Z,node_1004,68.5,32.0,8892.0,9347421.0,6831767.0
2026-10-24T23:10:00Z,node_1030,52.4,19.0,8529.0,6728844.0,3387715.0
2026-10-24T23:15:00Z,node_1039,13.8,78.7,9018.0,8989063.0,8957957.0
2026-10-24T23:20:00Z,node_1037,22.5,83.8,14699.0,7388443.0,7136600.0
2026-10-24T23:25:00Z,node_1033,49.2,72.0,2673.0,1391648.0,68738.0
2026-10-24T23:30:00Z,node_1003,46.9,94.0,6983.0,8255651.0,8400631.0
2026-10-24T23:35:00Z,node_1050,62.1,23.9,2328.0,8506635.0,9040350.0
2026-10-24T23:40:00Z,node_1046,50.5,15.5,704.0,7394724.0,7769522.0
2026-10-24T23:45:00Z,node_1049,86.5,37.1,11781.0,23365.0,1317470.0
2026-10-24T23:50:00Z,node_1050,86.3,87.1,10667.0,79034.0,1340146.0
2026-10-24T23:55:00Z,node_1003,31.4,67.0,11742.0,5700603.0,841437.0
2026-10-25T00:00:00Z,node_1050,90.4,19.5,10843.0,5950407.0,8595781.0
2026-10-25T00:05:00Z,node_1006,18.5,87.3,2025.0,5199637.0,8666978.0
2026-10-25T00:10:00Z,node_1017,43.9,47.3,2091.0,6644320.0,4768538.0
2026-10-25T00:15:00Z,node_1027,81.9,67.9,7827.0,2582137.0,5669771.0
2026-10-25T00:20:00Z,node_1028,14.4,89.4,10773.0,8980725.0,547031.0
2026-10-25T00:25:00Z,node_1007,46.3,91.0,2876.0,2604432.0,6446364.0
2026-10-25T00:30:00Z,node_1017,19.5,17.8,6480.0,9850329.0,2908576.0
2026-10-25T00:35:00Z,node_1024,18.3,50.6,9584.0,179568.0,6822975.0
2026-10-25T00:40:00Z,node_1029,83.4,10.8,9151.0,74793.0,2123412.0
2026-10-25T00:45:00Z,node_1044,24.6,27.4,1938.0,5127663.0,5667379.0
2026-10-25T00:50:00Z,node_1017,47.9,86.7,7714.0,1007835.0,2281801.0
2026-10-25T00:55:00Z,node_1031,47.7,71.6,6551.0,637010.0,8885274.0
2026-10-25T01:00:00Z,node_1049,58.7,28.1,179.0,9032835.0,9949134.0
2026-10-25T01:05:00Z,node_1044,88.7,61.6,5515.0,9609385.0,4996280.0
2026-10-25T01:10:00Z,node_1016,67.2,21.5,484.0,7052790.0,7191351.0
2026-10-25T01:15:00Z,node_1031,55.7,79.4,6484.0,7580258.0,6456402.0
2026-10-25T01:20:00Z,node_1002,7.8,38.5,8599.0,3014993.0,2911869.0
2026-10-25T01:25:00Z,node_1031,46.4,74.5,5608.0,704411.0,7788650.0
2026-10-25T01:30:00Z,node_1048,22.7,32.5,8420.0,7762640.0,8109101.0
2026-10-25T01:35:00Z,node_1022,96.6,80.5,5473.0,1226257.0,3744560.0
2026-10-25T01:40:00Z,node_1006,78.9,23.1,3728.0,9267714.0,3712872.0
2026-10-25T01:45:00Z,node_1016,19.8,37.4,8580.0,7781655.0,8690172.0
2026-10-25T01:50:00Z,node_1026,55.7,22.8,666.0,8667017.0,7550263.0
2026-10-25T01:55:00Z,node_1024,16.9,64.8,9771.0,9129266.0,7087470.0
2026-10-25T02:00:00Z,node_1020,33.9,52.8,2215.0,6688572.0,3851695.0
2026-10-25T02:05:00Z,node_1012,79.1,38.0,2158.0,7015380.0,8556493.0
2026-10-25T02:10:00Z,node_1046,41.5,70.0,9394.0,7904772.0,3720375.0
2026-10-25T02:15:00Z,node_1030,97.7,44.1,2862.0,9247931.0,9946099.0
2026-10-25T02:20:00Z,node_1015,6.8,68.7,5997.0,3487748.0,6803068.0
2026-10-25T02:25:00Z,node_1019,38.3,20.5,3973.0,8424523.0,4916610.0
2026-10-25T02:30:00Z,node_1022,58.1,92.3,13382.0,3262712.0,2205091.0
2026-10-25T02:35:00Z,node_1005,92.3,63.4,141.0,7728012.0,2641778.0
2026-10-25T02:40:00Z,node_1002,64.4,16.7,7711.0,7329952.0,8297063.0
2026-10-25T02:45:00Z,node_1025,57.1,24.8,12116.0,3994645.0,9305307.0
2026-10-25T02:50:00Z,node_1039,10.5,12.9,1010.0,9775102.0,179998.0
2026-10-25T02:55:00Z,node_1035,72.1,19.2,4242.0,5555001.0,6376087.0
2026-10-25T03:00:00Z,node_1037,13.9,65.7,12529.0,8318139.0,556494.0
2026-10-25T03:05:00Z,node_1026,24.8,56.5,13342.0,174956.0,7157931.0
2026-10-25T03:10:00Z,node_1031,77.6,25.1,2700.0,9929522.0,3741970.0
2026-10-25T03:15:00Z,node_1018,80.4,43.0,5194.0,8521703.0,3252955.0
2026-10-25T03:20:00Z,node_1038,7.0,73.1,10571.0,4489378.0,1010072.0
2026-10-25T03:25:00Z,node_1050,45.1,84.1,4052.0,3737146.0,7591468.0
2026-10-25T03:30:00Z,node_1043,5.8,16.2,1699.0,4910076.0,2224336.0
2026-10-25T03:35:00Z,node_1041,48.0,90.1,9177.0,6609586.0,6970812.0
2026-10-25T03:40:00Z,node_1016,31.0,88.3,6327.0,5691918.0,8657146.0
2026-10-25T03:45:00Z,node_1024,72.6,58.8,9308.0,6643898.0,9828498.0
2026-10-25T03:50:00Z,node_1005,31.9,90.9,11350.0,4650759.0,2993307.0
2026-10-25T03:55:00Z,node_1028,73.1,68.9,2544.0,7539225.0,6594936.0
2026-10-25T04:00:00Z,node_1004,15.7,82.0,10360.0,3591546.0,2873357.0
2026-10-25T04:05:00Z,node_1025,28.4,50.9,8281.0,3049483.0,7819840.0
2026-10-25T04:10:00Z,node_1048,59.9,91.2,9258.0,971423.0,3843338.0
2026-10-25T04:15:00Z,node_1041,68.0,44.6,14900.0,6964180.0,7103496.0
2026-10-25T04:20:00Z,node_1020,67.0,10.5,12882.0,8073425.0,6821046.0
2026-10-25T04:25:00Z,node_1002,34.7,28.4,831.0,1464842.0,2303748.0
2026-10-25T04:30:00Z,node_1048,93.5,25.5,1346.0,1215398.0,4920143.0
2026-10-25T04:35:00Z,node_1028,84.8,76.8,9111.0,1744000.0,5498807.0
